DCubeApp     2026-08-04 17:04:14,903 INFO    : DCube 7.5.1 by Krzysztof Daniel Ciba (Krzysztof.Ciba@NOSPAMgmail.com)
DCubeApp     2026-08-04 17:04:14,903 INFO    : using Python 3.13.11 (main, Feb  3 2026, 13:32:59) [GCC 14.3.0]
DCubeApp     2026-08-04 17:04:14,910 INFO    : using ROOT 6.38.04
DCubeApp     2026-08-04 17:04:14,911 INFO    : command line: /cvmfs/atlas.cern.ch/repo/ATLASLocalRootBase/x86_64/dcube/current/DCubeClient/python/dcube.py -b -p -x dcube_idtpm_lrt -c /eos/user/j/jlai/idtpm_validation/build/x86_64-el9-gcc14-opt/share/dcube_IDTPMvsIDPVMPlots.xml -r physval_lrt.ntuple.IDTPMcnv.root -R ref=IDPVM -M mon=IDTPM idtpm.HIST.root
DCubeApp     2026-08-04 17:04:14,911 INFO    : dumping parsed options...
DCubeApp     2026-08-04 17:04:14,911 INFO    : [01] verbosity 3
DCubeApp     2026-08-04 17:04:14,912 INFO    : [02] checkKnown False
DCubeApp     2026-08-04 17:04:14,912 INFO    : [03] reference physval_lrt.ntuple.IDTPMcnv.root
DCubeApp     2026-08-04 17:04:14,912 INFO    : [04] output dcube_idtpm_lrt/dcube.xml
DCubeApp     2026-08-04 17:04:14,913 INFO    : [05] monitoredName mon=IDTPM
DCubeApp     2026-08-04 17:04:14,913 INFO    : [06] referenceName ref=IDPVM
DCubeApp     2026-08-04 17:04:14,914 INFO    : [07] config /eos/user/j/jlai/idtpm_validation/build/x86_64-el9-gcc14-opt/share/dcube_IDTPMvsIDPVMPlots.xml
DCubeApp     2026-08-04 17:04:14,914 INFO    : [08] log dcube_idtpm_lrt/dcube.log
DCubeApp     2026-08-04 17:04:14,915 INFO    : [09] tests ['KSnorm']
DCubeApp     2026-08-04 17:04:14,915 INFO    : [10] pfail 0.75
DCubeApp     2026-08-04 17:04:14,915 INFO    : [11] pwarn 0.95
DCubeApp     2026-08-04 17:04:14,915 INFO    : [12] isodate 2026-08-04
DCubeApp     2026-08-04 17:04:14,916 INFO    : [13] server None
DCubeApp     2026-08-04 17:04:14,916 INFO    : [14] branch main
DCubeApp     2026-08-04 17:04:14,916 INFO    : [15] cmtconfig x86_64-el9-gcc14-opt
DCubeApp     2026-08-04 17:04:14,917 INFO    : [16] install 2026-07-14T2100
DCubeApp     2026-08-04 17:04:14,917 INFO    : [17] project Athena
DCubeApp     2026-08-04 17:04:14,918 INFO    : [18] jobId *
DCubeApp     2026-08-04 17:04:14,918 INFO    : [19] generate False
DCubeApp     2026-08-04 17:04:14,918 INFO    : [20] makeplots True
DCubeApp     2026-08-04 17:04:14,918 INFO    : [21] plot_format png
DCubeApp     2026-08-04 17:04:14,918 INFO    : [22] inline_plots False
DCubeApp     2026-08-04 17:04:14,919 INFO    : [23] batch True
DCubeApp     2026-08-04 17:04:14,919 INFO    : [24] useVarNameForPlotName False
DCubeApp     2026-08-04 17:04:14,919 INFO    : [25] flat False
DCubeApp     2026-08-04 17:04:14,919 INFO    : [26] meanYchi2 False
DCubeApp     2026-08-04 17:04:14,919 INFO    : [27] webDisplay ['html', 'php']
DCubeApp     2026-08-04 17:04:14,919 INFO    : [28] plotopts []
DCubeApp     2026-08-04 17:04:14,920 INFO    : [29] reference_extra []
DCubeApp     2026-08-04 17:04:14,920 INFO    : [30] referenceName_extra []
DCubeApp     2026-08-04 17:04:14,920 INFO    : [31] supressReleaseLabel False
DCubeApp     2026-08-04 17:04:14,920 INFO    : [32] tempdir /tmp/jlai/dcube_m6h2q34c
DCubeApp     2026-08-04 17:04:14,921 INFO    : dumping not parsed arguments...
DCubeApp     2026-08-04 17:04:14,921 INFO    : [01] /cvmfs/atlas.cern.ch/repo/ATLASLocalRootBase/x86_64/dcube/current/DCubeClient/python/dcube.py
DCubeApp     2026-08-04 17:04:14,921 INFO    : [02] idtpm.HIST.root
DCubeApp     2026-08-04 17:04:14,921 INFO    : RUN: test suite execution
DCubeConfig  2026-08-04 17:04:14,922 INFO    : constructing DCubeConfig...
DCubeConfig  2026-08-04 17:04:14,922 DEBUG   : will try to read and parse configuration file /eos/user/j/jlai/idtpm_validation/build/x86_64-el9-gcc14-opt/share/dcube_IDTPMvsIDPVMPlots.xml
DCubeConfig  2026-08-04 17:04:14,989 DEBUG   : will try to extract <config> tags...
DCubeConfig  2026-08-04 17:04:14,989 DEBUG   : found 1 <dcube> tags
DCubeConfig  2026-08-04 17:04:14,989 INFO    : found <dcube> tag for configuration */*/*/*/*
DCubeConfig  2026-08-04 17:04:14,989 DEBUG   : done!
DCubeConfig  2026-08-04 17:04:14,989 INFO    : will try to find CLI config='main/2026-07-14T2100/x86_64-el9-gcc14-opt/Athena/*' in DCubeClient configuration file /eos/user/j/jlai/idtpm_validation/build/x86_64-el9-gcc14-opt/share/dcube_IDTPMvsIDPVMPlots.xml
DCubeConfig  2026-08-04 17:04:14,990 INFO    : maching config in regexp mode
DCubeConfig  2026-08-04 17:04:14,990 DEBUG   : what=branch     fromCLI=main                    fromXML=*                      match (str to regexp)
DCubeConfig  2026-08-04 17:04:14,990 DEBUG   : what=install    fromCLI=2026-07-14T2100         fromXML=*                      match (str to regexp)
DCubeConfig  2026-08-04 17:04:14,990 DEBUG   : what=cmtconfig  fromCLI=x86_64-el9-gcc14-opt    fromXML=*                      match (str to regexp)
DCubeConfig  2026-08-04 17:04:14,991 DEBUG   : what=project    fromCLI=Athena                  fromXML=*                      match (str to regexp)
DCubeConfig  2026-08-04 17:04:14,991 DEBUG   : what=jobId      fromCLI=*                       fromXML=*                      match (str to str)
DCubeConfig  2026-08-04 17:04:14,991 INFO    : runtime config='main/2026-07-14T2100/x86_64-el9-gcc14-opt/Athena/*' match to XML config='*/*/*/*/*'
DCubeApp     2026-08-04 17:04:14,992 DEBUG   : updating option monitored to idtpm.HIST.root
DCubeApp     2026-08-04 17:04:14,992 INFO    : will run test suite using xml configuration...
DCubeApp     2026-08-04 17:04:14,992 DEBUG   : will overwrite xml config to match run config...
DCubeApp     2026-08-04 17:04:14,992 DEBUG   : done!
DCubeApp     2026-08-04 17:04:14,993 DEBUG   : the run config is main/2026-07-14T2100/x86_64-el9-gcc14-opt/Athena/*
DCubeApp     2026-08-04 17:04:14,993 DEBUG   : tag <plimit> found, will user p-value limits from its attributes
DCubeApp     2026-08-04 17:04:14,993 DEBUG   : updating option pfail to 0.75
DCubeApp     2026-08-04 17:04:14,993 DEBUG   : updating option pwarn to 0.95
DCubeApp     2026-08-04 17:04:14,994 DEBUG   : will use reference root file from CLI = /eos/home-j/jlai/idtpm_validation/build/physval_lrt.ntuple.IDTPMcnv.root
DCubeTester  2026-08-04 17:04:14,996 INFO    : will produce plot files
DCubePlotter 2026-08-04 17:04:14,996 DEBUG   : constructing DCubePlotter...
DCubePlotter 2026-08-04 17:04:14,996 INFO    : will store all plots in directory dcube_idtpm_lrt/plots
DCubePlotter 2026-08-04 17:04:14,999 DEBUG   : setting up DCube plot style...
DCubePlotter 2026-08-04 17:04:15,133 DEBUG   : done!
DCubeApp     2026-08-04 17:04:16,583 DEBUG   : now testing objects in path = /
DCubeApp     2026-08-04 17:04:16,584 DEBUG   : child tagName TDirectory
DCubeApp     2026-08-04 17:04:16,584 DEBUG   : now testing objects in path = /InDetTrackPerfMonPlots
DCubeApp     2026-08-04 17:04:16,584 DEBUG   : child tagName TDirectory
DCubeApp     2026-08-04 17:04:16,584 DEBUG   : now testing objects in path = /InDetTrackPerfMonPlots/TrkAnaOffl
DCubeApp     2026-08-04 17:04:16,584 DEBUG   : child tagName TDirectory
DCubeApp     2026-08-04 17:04:16,585 DEBUG   : now testing objects in path = /InDetTrackPerfMonPlots/TrkAnaOffl/Offline
DCubeApp     2026-08-04 17:04:16,585 DEBUG   : child tagName TDirectory
DCubeApp     2026-08-04 17:04:16,585 DEBUG   : now testing objects in path = /InDetTrackPerfMonPlots/TrkAnaOffl/Offline/Tracks
DCubeApp     2026-08-04 17:04:16,585 DEBUG   : child tagName TDirectory
DCubeApp     2026-08-04 17:04:16,585 DEBUG   : now testing objects in path = /InDetTrackPerfMonPlots/TrkAnaOffl/Offline/Tracks/Parameters
DCubeApp     2026-08-04 17:04:16,585 DEBUG   : child tagName hist1D
DCubeApp     2026-08-04 17:04:16,586 INFO    : test hist1D '/InDetTrackPerfMonPlots/TrkAnaOffl/Offline/Tracks/Parameters/offl_d0' [KSnorm]
DCubeTester  2026-08-04 17:04:16,798 DEBUG   : gathering statistics along x axis
DCubeTester  2026-08-04 17:04:16,819 DEBUG   : *** Kolmogorov-Smirnoff *** all non-empty bins=180 all equal non-empty bins=180
DCubeTester  2026-08-04 17:04:16,820 DEBUG   : *** Kolmogorov-Smirnoff *** both '/InDetTrackPerfMonPlots/TrkAnaOffl/Offline/Tracks/Parameters/offl_d0' histograms are equal!
DCubeTester  2026-08-04 17:04:16,820 INFO    : *** Kolmogorov-Smirnoff *** (N) p-value=1.000 status=OK
DCubePlotter 2026-08-04 17:04:16,821 DEBUG   : plot called for object of name offl_d0
DCubePlotter 2026-08-04 17:04:16,823 DEBUG   : plotting offl_d0 of type TH1D
DCubePlotter 2026-08-04 17:04:17,510 DEBUG   : plot 'dcube_idtpm_lrt/plots/h1r_b2cc804e-7c57-4d81-ad77-abb39c8fa977.png' has been created
DCubePlotter 2026-08-04 17:04:17,617 DEBUG   : plot 'dcube_idtpm_lrt/plots/h1d_9d37b126-783e-41cf-90a4-ec0039b38e8d.png' has been created
DCubeApp     2026-08-04 17:04:17,618 DEBUG   : child tagName hist1D
DCubeApp     2026-08-04 17:04:17,618 INFO    : test hist1D '/InDetTrackPerfMonPlots/TrkAnaOffl/Offline/Tracks/Parameters/offl_z0' [KSnorm]
DCubeTester  2026-08-04 17:04:17,636 DEBUG   : gathering statistics along x axis
DCubeTester  2026-08-04 17:04:17,637 DEBUG   : *** Kolmogorov-Smirnoff *** all non-empty bins=160 all equal non-empty bins=160
DCubeTester  2026-08-04 17:04:17,637 DEBUG   : *** Kolmogorov-Smirnoff *** both '/InDetTrackPerfMonPlots/TrkAnaOffl/Offline/Tracks/Parameters/offl_z0' histograms are equal!
DCubeTester  2026-08-04 17:04:17,637 INFO    : *** Kolmogorov-Smirnoff *** (N) p-value=1.000 status=OK
DCubePlotter 2026-08-04 17:04:17,637 DEBUG   : plot called for object of name offl_z0
DCubePlotter 2026-08-04 17:04:17,637 DEBUG   : plotting offl_z0 of type TH1D
DCubePlotter 2026-08-04 17:04:17,684 DEBUG   : plot 'dcube_idtpm_lrt/plots/h1r_9ce8ac2d-2c30-42f5-bb37-0b96632591d7.png' has been created
DCubePlotter 2026-08-04 17:04:17,718 DEBUG   : plot 'dcube_idtpm_lrt/plots/h1d_d6f7fb9f-2d2f-41a5-a79c-234a2e2808a1.png' has been created
DCubeApp     2026-08-04 17:04:17,718 DEBUG   : child tagName hist1D
DCubeApp     2026-08-04 17:04:17,719 INFO    : test hist1D '/InDetTrackPerfMonPlots/TrkAnaOffl/Offline/Tracks/Parameters/offl_z0sin' [KSnorm]
DCubeTester  2026-08-04 17:04:17,720 DEBUG   : gathering statistics along x axis
DCubeTester  2026-08-04 17:04:17,721 DEBUG   : *** Kolmogorov-Smirnoff *** all non-empty bins=202 all equal non-empty bins=202
DCubeTester  2026-08-04 17:04:17,721 DEBUG   : *** Kolmogorov-Smirnoff *** both '/InDetTrackPerfMonPlots/TrkAnaOffl/Offline/Tracks/Parameters/offl_z0sin' histograms are equal!
DCubeTester  2026-08-04 17:04:17,721 INFO    : *** Kolmogorov-Smirnoff *** (N) p-value=1.000 status=OK
DCubePlotter 2026-08-04 17:04:17,721 DEBUG   : plot called for object of name offl_z0sin
DCubePlotter 2026-08-04 17:04:17,721 DEBUG   : plotting offl_z0sin of type TH1D
DCubePlotter 2026-08-04 17:04:17,770 DEBUG   : plot 'dcube_idtpm_lrt/plots/h1r_d9a7eb8f-f32d-4f16-aa8e-46eca8b9670a.png' has been created
DCubePlotter 2026-08-04 17:04:17,823 DEBUG   : plot 'dcube_idtpm_lrt/plots/h1d_ec1da496-8bda-4c26-b96f-93180f763c6b.png' has been created
DCubeApp     2026-08-04 17:04:17,823 DEBUG   : child tagName hist1D
DCubeApp     2026-08-04 17:04:17,823 INFO    : test hist1D '/InDetTrackPerfMonPlots/TrkAnaOffl/Offline/Tracks/Parameters/offl_phi' [KSnorm]
DCubeTester  2026-08-04 17:04:17,826 DEBUG   : gathering statistics along x axis
DCubeTester  2026-08-04 17:04:17,826 DEBUG   : *** Kolmogorov-Smirnoff *** all non-empty bins=200 all equal non-empty bins=200
DCubeTester  2026-08-04 17:04:17,826 DEBUG   : *** Kolmogorov-Smirnoff *** both '/InDetTrackPerfMonPlots/TrkAnaOffl/Offline/Tracks/Parameters/offl_phi' histograms are equal!
DCubeTester  2026-08-04 17:04:17,827 INFO    : *** Kolmogorov-Smirnoff *** (N) p-value=1.000 status=OK
DCubePlotter 2026-08-04 17:04:17,827 DEBUG   : plot called for object of name offl_phi
DCubePlotter 2026-08-04 17:04:17,827 DEBUG   : plotting offl_phi of type TH1D
DCubePlotter 2026-08-04 17:04:17,875 DEBUG   : plot 'dcube_idtpm_lrt/plots/h1r_b411acbd-6212-4535-924b-c4e16ff25192.png' has been created
DCubePlotter 2026-08-04 17:04:17,909 DEBUG   : plot 'dcube_idtpm_lrt/plots/h1d_e599a926-3085-4b08-8729-3e677ca67a81.png' has been created
DCubeApp     2026-08-04 17:04:17,909 DEBUG   : child tagName hist1D
DCubeApp     2026-08-04 17:04:17,910 INFO    : test hist1D '/InDetTrackPerfMonPlots/TrkAnaOffl/Offline/Tracks/Parameters/offl_theta' [KSnorm]
DCubeTester  2026-08-04 17:04:17,912 DEBUG   : gathering statistics along x axis
DCubeTester  2026-08-04 17:04:17,912 DEBUG   : *** Kolmogorov-Smirnoff *** all non-empty bins=184 all equal non-empty bins=184
DCubeTester  2026-08-04 17:04:17,912 DEBUG   : *** Kolmogorov-Smirnoff *** both '/InDetTrackPerfMonPlots/TrkAnaOffl/Offline/Tracks/Parameters/offl_theta' histograms are equal!
DCubeTester  2026-08-04 17:04:17,912 INFO    : *** Kolmogorov-Smirnoff *** (N) p-value=1.000 status=OK
DCubePlotter 2026-08-04 17:04:17,913 DEBUG   : plot called for object of name offl_theta
DCubePlotter 2026-08-04 17:04:17,913 DEBUG   : plotting offl_theta of type TH1D
DCubePlotter 2026-08-04 17:04:17,999 DEBUG   : plot 'dcube_idtpm_lrt/plots/h1r_8ea3bffc-30c0-4921-a886-f20051eb8fa9.png' has been created
DCubePlotter 2026-08-04 17:04:18,032 DEBUG   : plot 'dcube_idtpm_lrt/plots/h1d_d19d65b4-8332-4bd4-90a7-f3e9de1d43d4.png' has been created
DCubeApp     2026-08-04 17:04:18,032 DEBUG   : child tagName hist1D
DCubeApp     2026-08-04 17:04:18,032 INFO    : test hist1D '/InDetTrackPerfMonPlots/TrkAnaOffl/Offline/Tracks/Parameters/offl_eta' [KSnorm]
DCubeTester  2026-08-04 17:04:18,035 DEBUG   : gathering statistics along x axis
DCubeTester  2026-08-04 17:04:18,035 DEBUG   : *** Kolmogorov-Smirnoff *** all non-empty bins=176 all equal non-empty bins=176
DCubeTester  2026-08-04 17:04:18,035 DEBUG   : *** Kolmogorov-Smirnoff *** both '/InDetTrackPerfMonPlots/TrkAnaOffl/Offline/Tracks/Parameters/offl_eta' histograms are equal!
DCubeTester  2026-08-04 17:04:18,036 INFO    : *** Kolmogorov-Smirnoff *** (N) p-value=1.000 status=OK
DCubePlotter 2026-08-04 17:04:18,036 DEBUG   : plot called for object of name offl_eta
DCubePlotter 2026-08-04 17:04:18,036 DEBUG   : plotting offl_eta of type TH1D
DCubePlotter 2026-08-04 17:04:18,129 DEBUG   : plot 'dcube_idtpm_lrt/plots/h1r_4f75b516-3372-48ff-8b9b-f5481a4229cc.png' has been created
DCubePlotter 2026-08-04 17:04:18,174 DEBUG   : plot 'dcube_idtpm_lrt/plots/h1d_7d05c65e-8208-4e5b-82a3-baf3b68da5b0.png' has been created
DCubeApp     2026-08-04 17:04:18,174 DEBUG   : child tagName hist1D
DCubeApp     2026-08-04 17:04:18,175 INFO    : test hist1D '/InDetTrackPerfMonPlots/TrkAnaOffl/Offline/Tracks/Parameters/offl_qoverp' [KSnorm]
DCubeTester  2026-08-04 17:04:18,177 DEBUG   : gathering statistics along x axis
DCubeTester  2026-08-04 17:04:18,178 DEBUG   : *** Kolmogorov-Smirnoff *** all non-empty bins=80 all equal non-empty bins=80
DCubeTester  2026-08-04 17:04:18,178 DEBUG   : *** Kolmogorov-Smirnoff *** both '/InDetTrackPerfMonPlots/TrkAnaOffl/Offline/Tracks/Parameters/offl_qoverp' histograms are equal!
DCubeTester  2026-08-04 17:04:18,178 INFO    : *** Kolmogorov-Smirnoff *** (N) p-value=1.000 status=OK
DCubePlotter 2026-08-04 17:04:18,179 DEBUG   : plot called for object of name offl_qoverp
DCubePlotter 2026-08-04 17:04:18,179 DEBUG   : plotting offl_qoverp of type TH1D
DCubePlotter 2026-08-04 17:04:18,224 DEBUG   : plot 'dcube_idtpm_lrt/plots/h1r_1e9067af-ed40-461b-a55f-2ddf3391e975.png' has been created
DCubePlotter 2026-08-04 17:04:18,248 DEBUG   : plot 'dcube_idtpm_lrt/plots/h1d_ee673036-c84f-4574-a3a7-a911ab55bd83.png' has been created
DCubeApp     2026-08-04 17:04:18,249 DEBUG   : child tagName hist1D
DCubeApp     2026-08-04 17:04:18,249 INFO    : test hist1D '/InDetTrackPerfMonPlots/TrkAnaOffl/Offline/Tracks/Parameters/offl_pt' [KSnorm]
DCubeTester  2026-08-04 17:04:18,250 DEBUG   : gathering statistics along x axis
DCubeTester  2026-08-04 17:04:18,251 DEBUG   : *** Kolmogorov-Smirnoff *** all non-empty bins=160 all equal non-empty bins=160
DCubeTester  2026-08-04 17:04:18,251 DEBUG   : *** Kolmogorov-Smirnoff *** both '/InDetTrackPerfMonPlots/TrkAnaOffl/Offline/Tracks/Parameters/offl_pt' histograms are equal!
DCubeTester  2026-08-04 17:04:18,251 INFO    : *** Kolmogorov-Smirnoff *** (N) p-value=1.000 status=OK
DCubePlotter 2026-08-04 17:04:18,251 DEBUG   : plot called for object of name offl_pt
DCubePlotter 2026-08-04 17:04:18,252 DEBUG   : plotting offl_pt of type TH1D
DCubePlotter 2026-08-04 17:04:18,317 DEBUG   : plot 'dcube_idtpm_lrt/plots/h1r_18c08554-e35d-447e-b544-1054ec10732d.png' has been created
DCubePlotter 2026-08-04 17:04:18,346 DEBUG   : plot 'dcube_idtpm_lrt/plots/h1d_bae7c4a5-6ae4-4958-9dcd-f598e18ff8d5.png' has been created
DCubeApp     2026-08-04 17:04:18,346 DEBUG   : child tagName hist1D
DCubeApp     2026-08-04 17:04:18,347 INFO    : test hist1D '/InDetTrackPerfMonPlots/TrkAnaOffl/Offline/Tracks/Parameters/offl_chi2' [KSnorm]
DCubeTester  2026-08-04 17:04:18,353 DEBUG   : gathering statistics along x axis
DCubeTester  2026-08-04 17:04:18,354 DEBUG   : *** Kolmogorov-Smirnoff *** all non-empty bins=192 all equal non-empty bins=192
DCubeTester  2026-08-04 17:04:18,354 DEBUG   : *** Kolmogorov-Smirnoff *** both '/InDetTrackPerfMonPlots/TrkAnaOffl/Offline/Tracks/Parameters/offl_chi2' histograms are equal!
DCubeTester  2026-08-04 17:04:18,354 INFO    : *** Kolmogorov-Smirnoff *** (N) p-value=1.000 status=OK
DCubePlotter 2026-08-04 17:04:18,355 DEBUG   : plot called for object of name offl_chi2
DCubePlotter 2026-08-04 17:04:18,355 DEBUG   : plotting offl_chi2 of type TH1D
DCubePlotter 2026-08-04 17:04:18,406 DEBUG   : plot 'dcube_idtpm_lrt/plots/h1r_f84e0768-e175-4da2-9a99-f52362ebfebd.png' has been created
DCubePlotter 2026-08-04 17:04:18,438 DEBUG   : plot 'dcube_idtpm_lrt/plots/h1d_c4bc370f-2407-4ae1-8456-036d045413fa.png' has been created
DCubeApp     2026-08-04 17:04:18,438 DEBUG   : child tagName hist1D
DCubeApp     2026-08-04 17:04:18,439 INFO    : test hist1D '/InDetTrackPerfMonPlots/TrkAnaOffl/Offline/Tracks/Parameters/offl_ndof' [KSnorm]
DCubeTester  2026-08-04 17:04:18,440 DEBUG   : gathering statistics along x axis
DCubeTester  2026-08-04 17:04:18,441 DEBUG   : *** Kolmogorov-Smirnoff *** all non-empty bins=102 all equal non-empty bins=102
DCubeTester  2026-08-04 17:04:18,441 DEBUG   : *** Kolmogorov-Smirnoff *** both '/InDetTrackPerfMonPlots/TrkAnaOffl/Offline/Tracks/Parameters/offl_ndof' histograms are equal!
DCubeTester  2026-08-04 17:04:18,441 INFO    : *** Kolmogorov-Smirnoff *** (N) p-value=1.000 status=OK
DCubePlotter 2026-08-04 17:04:18,442 DEBUG   : plot called for object of name offl_ndof
DCubePlotter 2026-08-04 17:04:18,442 DEBUG   : plotting offl_ndof of type TH1D
DCubePlotter 2026-08-04 17:04:18,485 DEBUG   : plot 'dcube_idtpm_lrt/plots/h1r_2c315a1c-2514-4197-b207-c0877101cc21.png' has been created
DCubePlotter 2026-08-04 17:04:18,522 DEBUG   : plot 'dcube_idtpm_lrt/plots/h1d_cb67d67b-05c0-4e52-b169-563772e82b09.png' has been created
DCubeApp     2026-08-04 17:04:18,523 DEBUG   : child tagName hist1D
DCubeApp     2026-08-04 17:04:18,523 INFO    : test hist1D '/InDetTrackPerfMonPlots/TrkAnaOffl/Offline/Tracks/Parameters/offl_chi2OverNdof' [KSnorm]
DCubeTester  2026-08-04 17:04:18,525 DEBUG   : gathering statistics along x axis
DCubeTester  2026-08-04 17:04:18,525 DEBUG   : *** Kolmogorov-Smirnoff *** all non-empty bins=198 all equal non-empty bins=198
DCubeTester  2026-08-04 17:04:18,525 DEBUG   : *** Kolmogorov-Smirnoff *** both '/InDetTrackPerfMonPlots/TrkAnaOffl/Offline/Tracks/Parameters/offl_chi2OverNdof' histograms are equal!
DCubeTester  2026-08-04 17:04:18,526 INFO    : *** Kolmogorov-Smirnoff *** (N) p-value=1.000 status=OK
DCubePlotter 2026-08-04 17:04:18,526 DEBUG   : plot called for object of name offl_chi2OverNdof
DCubePlotter 2026-08-04 17:04:18,526 DEBUG   : plotting offl_chi2OverNdof of type TH1D
DCubePlotter 2026-08-04 17:04:18,591 DEBUG   : plot 'dcube_idtpm_lrt/plots/h1r_6e705bf9-2b12-4c79-b5d7-6efed32153d5.png' has been created
DCubePlotter 2026-08-04 17:04:18,634 DEBUG   : plot 'dcube_idtpm_lrt/plots/h1d_b1872811-029c-4995-b6c6-645b351e6d6d.png' has been created
DCubeApp     2026-08-04 17:04:18,634 DEBUG   : child tagName hist1D
DCubeApp     2026-08-04 17:04:18,634 INFO    : test hist1D '/InDetTrackPerfMonPlots/TrkAnaOffl/Offline/Tracks/Parameters/offl_author' [KSnorm]
DCubeTester  2026-08-04 17:04:18,640 DEBUG   : gathering statistics along x axis
DCubeTester  2026-08-04 17:04:18,640 DEBUG   : *** Kolmogorov-Smirnoff *** all non-empty bins=12 all equal non-empty bins=12
DCubeTester  2026-08-04 17:04:18,640 DEBUG   : *** Kolmogorov-Smirnoff *** both '/InDetTrackPerfMonPlots/TrkAnaOffl/Offline/Tracks/Parameters/offl_author' histograms are equal!
DCubeTester  2026-08-04 17:04:18,641 INFO    : *** Kolmogorov-Smirnoff *** (N) p-value=1.000 status=OK
DCubePlotter 2026-08-04 17:04:18,641 DEBUG   : plot called for object of name offl_author
DCubePlotter 2026-08-04 17:04:18,641 DEBUG   : plotting offl_author of type TH1D
DCubePlotter 2026-08-04 17:04:18,679 DEBUG   : plot 'dcube_idtpm_lrt/plots/h1r_9d216cf0-4669-42fd-a575-1f05b5030fb0.png' has been created
DCubePlotter 2026-08-04 17:04:18,703 DEBUG   : plot 'dcube_idtpm_lrt/plots/h1d_e0d0f324-9a35-402d-9032-8724ce80a5bb.png' has been created
DCubeApp     2026-08-04 17:04:18,703 DEBUG   : child tagName hist1D
DCubeApp     2026-08-04 17:04:18,704 INFO    : test hist1D '/InDetTrackPerfMonPlots/TrkAnaOffl/Offline/Tracks/Parameters/truth_d0' [KSnorm]
DCubeTester  2026-08-04 17:04:18,710 DEBUG   : gathering statistics along x axis
DCubeTester  2026-08-04 17:04:18,711 DEBUG   : *** Kolmogorov-Smirnoff *** all non-empty bins=42 all equal non-empty bins=42
DCubeTester  2026-08-04 17:04:18,711 DEBUG   : *** Kolmogorov-Smirnoff *** both '/InDetTrackPerfMonPlots/TrkAnaOffl/Offline/Tracks/Parameters/truth_d0' histograms are equal!
DCubeTester  2026-08-04 17:04:18,711 INFO    : *** Kolmogorov-Smirnoff *** (N) p-value=1.000 status=OK
DCubePlotter 2026-08-04 17:04:18,712 DEBUG   : plot called for object of name truth_d0
DCubePlotter 2026-08-04 17:04:18,712 DEBUG   : plotting truth_d0 of type TH1D
DCubePlotter 2026-08-04 17:04:18,744 DEBUG   : plot 'dcube_idtpm_lrt/plots/h1r_9eebf25a-6fa5-4646-9564-7fe3bee8f5ac.png' has been created
DCubePlotter 2026-08-04 17:04:18,769 DEBUG   : plot 'dcube_idtpm_lrt/plots/h1d_58ff073a-8bc4-4b05-a655-7468be7fcbfe.png' has been created
DCubeApp     2026-08-04 17:04:18,770 DEBUG   : child tagName hist1D
DCubeApp     2026-08-04 17:04:18,770 INFO    : test hist1D '/InDetTrackPerfMonPlots/TrkAnaOffl/Offline/Tracks/Parameters/truth_z0' [KSnorm]
DCubeTester  2026-08-04 17:04:18,772 DEBUG   : gathering statistics along x axis
DCubeTester  2026-08-04 17:04:18,773 DEBUG   : *** Kolmogorov-Smirnoff *** all non-empty bins=80 all equal non-empty bins=80
DCubeTester  2026-08-04 17:04:18,773 DEBUG   : *** Kolmogorov-Smirnoff *** both '/InDetTrackPerfMonPlots/TrkAnaOffl/Offline/Tracks/Parameters/truth_z0' histograms are equal!
DCubeTester  2026-08-04 17:04:18,775 INFO    : *** Kolmogorov-Smirnoff *** (N) p-value=1.000 status=OK
DCubePlotter 2026-08-04 17:04:18,775 DEBUG   : plot called for object of name truth_z0
DCubePlotter 2026-08-04 17:04:18,775 DEBUG   : plotting truth_z0 of type TH1D
DCubePlotter 2026-08-04 17:04:18,815 DEBUG   : plot 'dcube_idtpm_lrt/plots/h1r_8ccc10d2-366f-4f54-b076-21189add52db.png' has been created
DCubePlotter 2026-08-04 17:04:18,844 DEBUG   : plot 'dcube_idtpm_lrt/plots/h1d_5d22f707-be17-46ac-b63e-ab231d82bc81.png' has been created
DCubeApp     2026-08-04 17:04:18,845 DEBUG   : child tagName hist1D
DCubeApp     2026-08-04 17:04:18,845 INFO    : test hist1D '/InDetTrackPerfMonPlots/TrkAnaOffl/Offline/Tracks/Parameters/truth_z0sin' [KSnorm]
DCubeTester  2026-08-04 17:04:18,851 DEBUG   : gathering statistics along x axis
DCubeTester  2026-08-04 17:04:18,852 DEBUG   : *** Kolmogorov-Smirnoff *** all non-empty bins=202 all equal non-empty bins=202
DCubeTester  2026-08-04 17:04:18,852 DEBUG   : *** Kolmogorov-Smirnoff *** both '/InDetTrackPerfMonPlots/TrkAnaOffl/Offline/Tracks/Parameters/truth_z0sin' histograms are equal!
DCubeTester  2026-08-04 17:04:18,852 INFO    : *** Kolmogorov-Smirnoff *** (N) p-value=1.000 status=OK
DCubePlotter 2026-08-04 17:04:18,855 DEBUG   : plot called for object of name truth_z0sin
DCubePlotter 2026-08-04 17:04:18,856 DEBUG   : plotting truth_z0sin of type TH1D
DCubePlotter 2026-08-04 17:04:18,913 DEBUG   : plot 'dcube_idtpm_lrt/plots/h1r_781143e1-70d2-4124-92b0-b7c48c07eed1.png' has been created
DCubePlotter 2026-08-04 17:04:18,973 DEBUG   : plot 'dcube_idtpm_lrt/plots/h1d_f950999b-11a5-4b19-a6aa-8f236027a82b.png' has been created
DCubeApp     2026-08-04 17:04:18,974 DEBUG   : child tagName hist1D
DCubeApp     2026-08-04 17:04:18,974 INFO    : test hist1D '/InDetTrackPerfMonPlots/TrkAnaOffl/Offline/Tracks/Parameters/truth_phi' [KSnorm]
DCubeTester  2026-08-04 17:04:18,976 DEBUG   : gathering statistics along x axis
DCubeTester  2026-08-04 17:04:18,977 DEBUG   : *** Kolmogorov-Smirnoff *** all non-empty bins=200 all equal non-empty bins=154
DCubeTester  2026-08-04 17:04:18,984 INFO    : *** Kolmogorov-Smirnoff *** (N) p-value=1.000 status=OK
DCubePlotter 2026-08-04 17:04:18,984 DEBUG   : plot called for object of name truth_phi
DCubePlotter 2026-08-04 17:04:18,984 DEBUG   : plotting truth_phi of type TH1D
DCubePlotter 2026-08-04 17:04:19,049 DEBUG   : plot 'dcube_idtpm_lrt/plots/h1r_f3707bea-5cb7-498f-bb94-5bf239154f05.png' has been created
DCubePlotter 2026-08-04 17:04:19,106 DEBUG   : plot 'dcube_idtpm_lrt/plots/h1d_133445ff-f560-4718-b64f-c404ee8c37b9.png' has been created
DCubeApp     2026-08-04 17:04:19,107 DEBUG   : child tagName hist1D
DCubeApp     2026-08-04 17:04:19,107 INFO    : test hist1D '/InDetTrackPerfMonPlots/TrkAnaOffl/Offline/Tracks/Parameters/truth_theta' [KSnorm]
DCubeTester  2026-08-04 17:04:19,109 DEBUG   : gathering statistics along x axis
DCubeTester  2026-08-04 17:04:19,110 DEBUG   : *** Kolmogorov-Smirnoff *** all non-empty bins=188 all equal non-empty bins=188
DCubeTester  2026-08-04 17:04:19,110 DEBUG   : *** Kolmogorov-Smirnoff *** both '/InDetTrackPerfMonPlots/TrkAnaOffl/Offline/Tracks/Parameters/truth_theta' histograms are equal!
DCubeTester  2026-08-04 17:04:19,110 INFO    : *** Kolmogorov-Smirnoff *** (N) p-value=1.000 status=OK
DCubePlotter 2026-08-04 17:04:19,111 DEBUG   : plot called for object of name truth_theta
DCubePlotter 2026-08-04 17:04:19,111 DEBUG   : plotting truth_theta of type TH1D
DCubePlotter 2026-08-04 17:04:19,164 DEBUG   : plot 'dcube_idtpm_lrt/plots/h1r_55d0c37c-9624-4c71-8dff-062aaefffa14.png' has been created
DCubePlotter 2026-08-04 17:04:19,219 DEBUG   : plot 'dcube_idtpm_lrt/plots/h1d_19b3c6b4-087c-4fa0-944a-661117127c17.png' has been created
DCubeApp     2026-08-04 17:04:19,220 DEBUG   : child tagName hist1D
DCubeApp     2026-08-04 17:04:19,220 INFO    : test hist1D '/InDetTrackPerfMonPlots/TrkAnaOffl/Offline/Tracks/Parameters/truth_eta' [KSnorm]
DCubeTester  2026-08-04 17:04:19,223 DEBUG   : gathering statistics along x axis
DCubeTester  2026-08-04 17:04:19,223 DEBUG   : *** Kolmogorov-Smirnoff *** all non-empty bins=200 all equal non-empty bins=200
DCubeTester  2026-08-04 17:04:19,223 DEBUG   : *** Kolmogorov-Smirnoff *** both '/InDetTrackPerfMonPlots/TrkAnaOffl/Offline/Tracks/Parameters/truth_eta' histograms are equal!
DCubeTester  2026-08-04 17:04:19,224 INFO    : *** Kolmogorov-Smirnoff *** (N) p-value=1.000 status=OK
DCubePlotter 2026-08-04 17:04:19,224 DEBUG   : plot called for object of name truth_eta
DCubePlotter 2026-08-04 17:04:19,224 DEBUG   : plotting truth_eta of type TH1D
DCubePlotter 2026-08-04 17:04:19,290 DEBUG   : plot 'dcube_idtpm_lrt/plots/h1r_94935ad8-cdea-49ad-8cf9-a429607ce9af.png' has been created
DCubePlotter 2026-08-04 17:04:19,326 DEBUG   : plot 'dcube_idtpm_lrt/plots/h1d_36c9cd34-65de-4b64-93a4-26b00b9326f4.png' has been created
DCubeApp     2026-08-04 17:04:19,327 DEBUG   : child tagName hist1D
DCubeApp     2026-08-04 17:04:19,327 INFO    : test hist1D '/InDetTrackPerfMonPlots/TrkAnaOffl/Offline/Tracks/Parameters/truth_qoverp' [KSnorm]
DCubeTester  2026-08-04 17:04:19,329 DEBUG   : gathering statistics along x axis
DCubeTester  2026-08-04 17:04:19,329 DEBUG   : *** Kolmogorov-Smirnoff *** all non-empty bins=80 all equal non-empty bins=80
DCubeTester  2026-08-04 17:04:19,329 DEBUG   : *** Kolmogorov-Smirnoff *** both '/InDetTrackPerfMonPlots/TrkAnaOffl/Offline/Tracks/Parameters/truth_qoverp' histograms are equal!
DCubeTester  2026-08-04 17:04:19,330 INFO    : *** Kolmogorov-Smirnoff *** (N) p-value=1.000 status=OK
DCubePlotter 2026-08-04 17:04:19,330 DEBUG   : plot called for object of name truth_qoverp
DCubePlotter 2026-08-04 17:04:19,330 DEBUG   : plotting truth_qoverp of type TH1D
DCubePlotter 2026-08-04 17:04:19,365 DEBUG   : plot 'dcube_idtpm_lrt/plots/h1r_9541a0a6-cc03-4539-a5b0-a95de80714c1.png' has been created
DCubePlotter 2026-08-04 17:04:19,393 DEBUG   : plot 'dcube_idtpm_lrt/plots/h1d_17b41a42-46e8-450c-a3ef-84c59927b3a2.png' has been created
DCubeApp     2026-08-04 17:04:19,394 DEBUG   : child tagName hist1D
DCubeApp     2026-08-04 17:04:19,394 INFO    : test hist1D '/InDetTrackPerfMonPlots/TrkAnaOffl/Offline/Tracks/Parameters/truth_pt' [KSnorm]
DCubeTester  2026-08-04 17:04:19,396 DEBUG   : gathering statistics along x axis
DCubeTester  2026-08-04 17:04:19,396 DEBUG   : *** Kolmogorov-Smirnoff *** all non-empty bins=144 all equal non-empty bins=144
DCubeTester  2026-08-04 17:04:19,396 DEBUG   : *** Kolmogorov-Smirnoff *** both '/InDetTrackPerfMonPlots/TrkAnaOffl/Offline/Tracks/Parameters/truth_pt' histograms are equal!
DCubeTester  2026-08-04 17:04:19,396 INFO    : *** Kolmogorov-Smirnoff *** (N) p-value=1.000 status=OK
DCubePlotter 2026-08-04 17:04:19,397 DEBUG   : plot called for object of name truth_pt
DCubePlotter 2026-08-04 17:04:19,397 DEBUG   : plotting truth_pt of type TH1D
DCubePlotter 2026-08-04 17:04:19,444 DEBUG   : plot 'dcube_idtpm_lrt/plots/h1r_59df3086-2bb8-4d80-a482-0c7622a8e736.png' has been created
DCubePlotter 2026-08-04 17:04:19,484 DEBUG   : plot 'dcube_idtpm_lrt/plots/h1d_8ea76c43-4a4e-4ddb-ba78-4cfb6333ecf3.png' has been created
DCubeApp     2026-08-04 17:04:19,484 DEBUG   : child tagName hist1D
DCubeApp     2026-08-04 17:04:19,484 INFO    : test hist1D '/InDetTrackPerfMonPlots/TrkAnaOffl/Offline/Tracks/Parameters/truth_prodR' [KSnorm]
DCubeTester  2026-08-04 17:04:19,486 DEBUG   : gathering statistics along x axis
DCubeTester  2026-08-04 17:04:19,486 DEBUG   : *** Kolmogorov-Smirnoff *** all non-empty bins=30 all equal non-empty bins=30
DCubeTester  2026-08-04 17:04:19,486 DEBUG   : *** Kolmogorov-Smirnoff *** both '/InDetTrackPerfMonPlots/TrkAnaOffl/Offline/Tracks/Parameters/truth_prodR' histograms are equal!
DCubeTester  2026-08-04 17:04:19,487 INFO    : *** Kolmogorov-Smirnoff *** (N) p-value=1.000 status=OK
DCubePlotter 2026-08-04 17:04:19,487 DEBUG   : plot called for object of name truth_prodR
DCubePlotter 2026-08-04 17:04:19,487 DEBUG   : plotting truth_prodR of type TH1D
DCubePlotter 2026-08-04 17:04:19,512 DEBUG   : plot 'dcube_idtpm_lrt/plots/h1r_cf450dfa-f65a-44d1-8ab4-15579f63a29c.png' has been created
DCubePlotter 2026-08-04 17:04:19,537 DEBUG   : plot 'dcube_idtpm_lrt/plots/h1d_d7b8dad9-40d2-49d0-80b2-c42f0c902c26.png' has been created
DCubeApp     2026-08-04 17:04:19,537 DEBUG   : child tagName hist1D
DCubeApp     2026-08-04 17:04:19,537 INFO    : test hist1D '/InDetTrackPerfMonPlots/TrkAnaOffl/Offline/Tracks/Parameters/truth_prodZ' [KSnorm]
DCubeTester  2026-08-04 17:04:19,539 DEBUG   : gathering statistics along x axis
DCubeTester  2026-08-04 17:04:19,540 DEBUG   : *** Kolmogorov-Smirnoff *** all non-empty bins=88 all equal non-empty bins=88
DCubeTester  2026-08-04 17:04:19,540 DEBUG   : *** Kolmogorov-Smirnoff *** both '/InDetTrackPerfMonPlots/TrkAnaOffl/Offline/Tracks/Parameters/truth_prodZ' histograms are equal!
DCubeTester  2026-08-04 17:04:19,540 INFO    : *** Kolmogorov-Smirnoff *** (N) p-value=1.000 status=OK
DCubePlotter 2026-08-04 17:04:19,540 DEBUG   : plot called for object of name truth_prodZ
DCubePlotter 2026-08-04 17:04:19,540 DEBUG   : plotting truth_prodZ of type TH1D
DCubePlotter 2026-08-04 17:04:19,581 DEBUG   : plot 'dcube_idtpm_lrt/plots/h1r_ed2f6e63-711e-4eec-a999-4b72930638d8.png' has been created
DCubePlotter 2026-08-04 17:04:19,609 DEBUG   : plot 'dcube_idtpm_lrt/plots/h1d_c6da7b8e-8d25-4dca-bfcf-c97f2074c7aa.png' has been created
DCubeApp     2026-08-04 17:04:19,610 DEBUG   : TDirectory /InDetTrackPerfMonPlots/TrkAnaOffl/Offline/Tracks/Parameters status OK
DCubeApp     2026-08-04 17:04:19,610 DEBUG   : child tagName TDirectory
DCubeApp     2026-08-04 17:04:19,610 DEBUG   : now testing objects in path = /InDetTrackPerfMonPlots/TrkAnaOffl/Offline/Tracks/HitsOnTracks
DCubeApp     2026-08-04 17:04:19,610 DEBUG   : child tagName hist1D
DCubeApp     2026-08-04 17:04:19,611 INFO    : test hist1D '/InDetTrackPerfMonPlots/TrkAnaOffl/Offline/Tracks/HitsOnTracks/offl_nPixelHits' [KS]
DCubeTester  2026-08-04 17:04:19,619 DEBUG   : gathering statistics along x axis
DCubeTester  2026-08-04 17:04:19,619 DEBUG   : *** Kolmogorov-Smirnoff *** all non-empty bins=20 all equal non-empty bins=20
DCubeTester  2026-08-04 17:04:19,620 DEBUG   : *** Kolmogorov-Smirnoff *** both '/InDetTrackPerfMonPlots/TrkAnaOffl/Offline/Tracks/HitsOnTracks/offl_nPixelHits' histograms are equal!
DCubeTester  2026-08-04 17:04:19,620 INFO    : *** Kolmogorov-Smirnoff *** () p-value=1.000 status=OK
DCubePlotter 2026-08-04 17:04:19,620 DEBUG   : plot called for object of name offl_nPixelHits
DCubePlotter 2026-08-04 17:04:19,620 DEBUG   : plotting offl_nPixelHits of type TH1D
DCubePlotter 2026-08-04 17:04:19,646 DEBUG   : plot 'dcube_idtpm_lrt/plots/h1r_ce8cbee8-4f39-40ae-84b2-84de198c840b.png' has been created
DCubePlotter 2026-08-04 17:04:19,691 DEBUG   : plot 'dcube_idtpm_lrt/plots/h1d_32563ccf-ec3a-4c11-8287-021a284081e5.png' has been created
DCubeApp     2026-08-04 17:04:19,691 DEBUG   : child tagName hist1D
DCubeApp     2026-08-04 17:04:19,692 INFO    : test hist1D '/InDetTrackPerfMonPlots/TrkAnaOffl/Offline/Tracks/HitsOnTracks/offl_nSCTHits' [KS]
DCubeTester  2026-08-04 17:04:19,699 DEBUG   : gathering statistics along x axis
DCubeTester  2026-08-04 17:04:19,700 DEBUG   : *** Kolmogorov-Smirnoff *** all non-empty bins=36 all equal non-empty bins=36
DCubeTester  2026-08-04 17:04:19,700 DEBUG   : *** Kolmogorov-Smirnoff *** both '/InDetTrackPerfMonPlots/TrkAnaOffl/Offline/Tracks/HitsOnTracks/offl_nSCTHits' histograms are equal!
DCubeTester  2026-08-04 17:04:19,700 INFO    : *** Kolmogorov-Smirnoff *** () p-value=1.000 status=OK
DCubePlotter 2026-08-04 17:04:19,700 DEBUG   : plot called for object of name offl_nSCTHits
DCubePlotter 2026-08-04 17:04:19,701 DEBUG   : plotting offl_nSCTHits of type TH1D
DCubePlotter 2026-08-04 17:04:19,745 DEBUG   : plot 'dcube_idtpm_lrt/plots/h1r_fc78851e-fc96-4325-9990-c31563ef3124.png' has been created
DCubePlotter 2026-08-04 17:04:19,800 DEBUG   : plot 'dcube_idtpm_lrt/plots/h1d_4100b9ef-252a-4db2-8f67-4af65b69245d.png' has been created
DCubeApp     2026-08-04 17:04:19,801 DEBUG   : child tagName hist1D
DCubeApp     2026-08-04 17:04:19,801 INFO    : test hist1D '/InDetTrackPerfMonPlots/TrkAnaOffl/Offline/Tracks/HitsOnTracks/offl_nInnerMostPixelHits_vs_offl_eta' [meany]
DCubeTester  2026-08-04 17:04:19,824 DEBUG   : gathering statistics along x axis
DCubeTester  2026-08-04 17:04:19,824 DEBUG   : gathering statistics along y axis
DCubeTester  2026-08-04 17:04:19,825 DEBUG   : *** MeanY Test *** refMean=96.534 and monMean=96.534
DCubeTester  2026-08-04 17:04:19,825 INFO    : *** Mean Test *** p-value=0.000 status=OK
DCubePlotter 2026-08-04 17:04:19,826 DEBUG   : plot called for object of name offl_nInnerMostPixelHits_vs_offl_eta
DCubePlotter 2026-08-04 17:04:19,826 DEBUG   : plotting offl_nInnerMostPixelHits_vs_offl_eta of type TProfile
DCubePlotter 2026-08-04 17:04:19,896 DEBUG   : plot 'dcube_idtpm_lrt/plots/p1r_e40a3535-c56e-4b3b-b0cf-a810468e6d53.png' has been created
DCubePlotter 2026-08-04 17:04:19,949 DEBUG   : plot 'dcube_idtpm_lrt/plots/p1d_62be14fb-6fbc-42a6-af74-ce6bf7c8fd65.png' has been created
DCubeApp     2026-08-04 17:04:19,950 DEBUG   : child tagName hist1D
DCubeApp     2026-08-04 17:04:19,950 INFO    : test hist1D '/InDetTrackPerfMonPlots/TrkAnaOffl/Offline/Tracks/HitsOnTracks/offl_nNextToInnerMostPixelHits_vs_offl_eta' [meany]
DCubeTester  2026-08-04 17:04:19,953 DEBUG   : gathering statistics along x axis
DCubeTester  2026-08-04 17:04:19,954 DEBUG   : gathering statistics along y axis
DCubeTester  2026-08-04 17:04:19,954 DEBUG   : *** MeanY Test *** refMean=97.319 and monMean=97.319
DCubeTester  2026-08-04 17:04:19,955 INFO    : *** Mean Test *** p-value=0.000 status=OK
DCubePlotter 2026-08-04 17:04:19,956 DEBUG   : plot called for object of name offl_nNextToInnerMostPixelHits_vs_offl_eta
DCubePlotter 2026-08-04 17:04:19,956 DEBUG   : plotting offl_nNextToInnerMostPixelHits_vs_offl_eta of type TProfile
DCubePlotter 2026-08-04 17:04:20,003 DEBUG   : plot 'dcube_idtpm_lrt/plots/p1r_c67e298a-0c5b-4096-96e7-2ef04e7bb93d.png' has been created
DCubePlotter 2026-08-04 17:04:20,044 DEBUG   : plot 'dcube_idtpm_lrt/plots/p1d_75958df6-b879-40b5-abf9-96cf41e3cda4.png' has been created
DCubeApp     2026-08-04 17:04:20,045 DEBUG   : child tagName hist1D
DCubeApp     2026-08-04 17:04:20,046 INFO    : test hist1D '/InDetTrackPerfMonPlots/TrkAnaOffl/Offline/Tracks/HitsOnTracks/offl_nPixelHits_vs_offl_eta' [meany]
DCubeTester  2026-08-04 17:04:20,049 DEBUG   : gathering statistics along x axis
DCubeTester  2026-08-04 17:04:20,050 DEBUG   : gathering statistics along y axis
DCubeTester  2026-08-04 17:04:20,051 DEBUG   : *** MeanY Test *** refMean=402.182 and monMean=402.182
DCubeTester  2026-08-04 17:04:20,051 INFO    : *** Mean Test *** p-value=0.000 status=OK
DCubePlotter 2026-08-04 17:04:20,052 DEBUG   : plot called for object of name offl_nPixelHits_vs_offl_eta
DCubePlotter 2026-08-04 17:04:20,052 DEBUG   : plotting offl_nPixelHits_vs_offl_eta of type TProfile
DCubePlotter 2026-08-04 17:04:20,114 DEBUG   : plot 'dcube_idtpm_lrt/plots/p1r_ae43d993-1537-498b-a1af-b37bdbeb8582.png' has been created
DCubePlotter 2026-08-04 17:04:20,198 DEBUG   : plot 'dcube_idtpm_lrt/plots/p1d_e9073083-2c70-444a-8b91-ac20dc865964.png' has been created
DCubeApp     2026-08-04 17:04:20,199 DEBUG   : child tagName hist1D
DCubeApp     2026-08-04 17:04:20,199 INFO    : test hist1D '/InDetTrackPerfMonPlots/TrkAnaOffl/Offline/Tracks/HitsOnTracks/offl_nSCTHits_vs_offl_eta' [meany]
DCubeTester  2026-08-04 17:04:20,201 DEBUG   : gathering statistics along x axis
DCubeTester  2026-08-04 17:04:20,202 DEBUG   : gathering statistics along y axis
DCubeTester  2026-08-04 17:04:20,203 DEBUG   : *** MeanY Test *** refMean=793.345 and monMean=793.345
DCubeTester  2026-08-04 17:04:20,203 INFO    : *** Mean Test *** p-value=0.000 status=OK
DCubePlotter 2026-08-04 17:04:20,203 DEBUG   : plot called for object of name offl_nSCTHits_vs_offl_eta
DCubePlotter 2026-08-04 17:04:20,203 DEBUG   : plotting offl_nSCTHits_vs_offl_eta of type TProfile
DCubePlotter 2026-08-04 17:04:20,254 DEBUG   : plot 'dcube_idtpm_lrt/plots/p1r_166f8603-bf56-4275-aab3-e84d99cb6b7c.png' has been created
DCubePlotter 2026-08-04 17:04:20,286 DEBUG   : plot 'dcube_idtpm_lrt/plots/p1d_c8301aba-35c6-4475-8b77-92b55444090d.png' has been created
DCubeApp     2026-08-04 17:04:20,287 DEBUG   : child tagName hist1D
DCubeApp     2026-08-04 17:04:20,287 INFO    : test hist1D '/InDetTrackPerfMonPlots/TrkAnaOffl/Offline/Tracks/HitsOnTracks/offl_nPixelHoles_vs_offl_eta' [meany]
DCubeTester  2026-08-04 17:04:20,291 DEBUG   : gathering statistics along x axis
DCubeTester  2026-08-04 17:04:20,291 DEBUG   : gathering statistics along y axis
DCubeTester  2026-08-04 17:04:20,291 DEBUG   : *** MeanY Test *** refMean=4.685 and monMean=4.685
DCubeTester  2026-08-04 17:04:20,291 INFO    : *** Mean Test *** p-value=0.000 status=OK
DCubePlotter 2026-08-04 17:04:20,292 DEBUG   : plot called for object of name offl_nPixelHoles_vs_offl_eta
DCubePlotter 2026-08-04 17:04:20,292 DEBUG   : plotting offl_nPixelHoles_vs_offl_eta of type TProfile
DCubePlotter 2026-08-04 17:04:20,332 DEBUG   : plot 'dcube_idtpm_lrt/plots/p1r_f2364584-5a1a-432c-91f0-b13dd5299ad1.png' has been created
DCubePlotter 2026-08-04 17:04:20,377 DEBUG   : plot 'dcube_idtpm_lrt/plots/p1d_6aeb5510-d1bb-4a6f-b47c-b33f5840a147.png' has been created
DCubeApp     2026-08-04 17:04:20,378 DEBUG   : child tagName hist1D
DCubeApp     2026-08-04 17:04:20,378 INFO    : test hist1D '/InDetTrackPerfMonPlots/TrkAnaOffl/Offline/Tracks/HitsOnTracks/offl_nInnerMostPixelHits_vs_offl_phi' [meany]
DCubeTester  2026-08-04 17:04:20,383 DEBUG   : gathering statistics along x axis
DCubeTester  2026-08-04 17:04:20,383 DEBUG   : gathering statistics along y axis
DCubeTester  2026-08-04 17:04:20,383 DEBUG   : *** MeanY Test *** refMean=96.534 and monMean=96.534
DCubeTester  2026-08-04 17:04:20,384 INFO    : *** Mean Test *** p-value=0.000 status=OK
DCubePlotter 2026-08-04 17:04:20,384 DEBUG   : plot called for object of name offl_nInnerMostPixelHits_vs_offl_phi
DCubePlotter 2026-08-04 17:04:20,384 DEBUG   : plotting offl_nInnerMostPixelHits_vs_offl_phi of type TProfile
DCubePlotter 2026-08-04 17:04:20,446 DEBUG   : plot 'dcube_idtpm_lrt/plots/p1r_585bd17c-dcf1-4f60-b1e2-9e57b9b4db1f.png' has been created
DCubePlotter 2026-08-04 17:04:20,487 DEBUG   : plot 'dcube_idtpm_lrt/plots/p1d_2903e2fc-5ae2-44f0-86f7-54c1e36c6b12.png' has been created
DCubeApp     2026-08-04 17:04:20,487 DEBUG   : child tagName hist1D
DCubeApp     2026-08-04 17:04:20,487 INFO    : test hist1D '/InDetTrackPerfMonPlots/TrkAnaOffl/Offline/Tracks/HitsOnTracks/offl_nNextToInnerMostPixelHits_vs_offl_phi' [meany]
DCubeTester  2026-08-04 17:04:20,492 DEBUG   : gathering statistics along x axis
DCubeTester  2026-08-04 17:04:20,492 DEBUG   : gathering statistics along y axis
DCubeTester  2026-08-04 17:04:20,492 DEBUG   : *** MeanY Test *** refMean=97.319 and monMean=97.319
DCubeTester  2026-08-04 17:04:20,493 INFO    : *** Mean Test *** p-value=0.000 status=OK
DCubePlotter 2026-08-04 17:04:20,493 DEBUG   : plot called for object of name offl_nNextToInnerMostPixelHits_vs_offl_phi
DCubePlotter 2026-08-04 17:04:20,494 DEBUG   : plotting offl_nNextToInnerMostPixelHits_vs_offl_phi of type TProfile
DCubePlotter 2026-08-04 17:04:20,536 DEBUG   : plot 'dcube_idtpm_lrt/plots/p1r_198fbe30-9deb-4611-b675-215a63d04dde.png' has been created
DCubePlotter 2026-08-04 17:04:20,573 DEBUG   : plot 'dcube_idtpm_lrt/plots/p1d_aa47ebfa-7be8-46b8-bdc3-283b6a4cf510.png' has been created
DCubeApp     2026-08-04 17:04:20,573 DEBUG   : child tagName hist1D
DCubeApp     2026-08-04 17:04:20,573 INFO    : test hist1D '/InDetTrackPerfMonPlots/TrkAnaOffl/Offline/Tracks/HitsOnTracks/offl_nPixelHits_vs_offl_phi' [meany]
DCubeTester  2026-08-04 17:04:20,577 DEBUG   : gathering statistics along x axis
DCubeTester  2026-08-04 17:04:20,577 DEBUG   : gathering statistics along y axis
DCubeTester  2026-08-04 17:04:20,577 DEBUG   : *** MeanY Test *** refMean=402.182 and monMean=402.182
DCubeTester  2026-08-04 17:04:20,579 INFO    : *** Mean Test *** p-value=0.000 status=OK
DCubePlotter 2026-08-04 17:04:20,579 DEBUG   : plot called for object of name offl_nPixelHits_vs_offl_phi
DCubePlotter 2026-08-04 17:04:20,579 DEBUG   : plotting offl_nPixelHits_vs_offl_phi of type TProfile
DCubePlotter 2026-08-04 17:04:20,636 DEBUG   : plot 'dcube_idtpm_lrt/plots/p1r_aafd32a8-6756-41dd-a2fa-d4bfdebdab27.png' has been created
DCubePlotter 2026-08-04 17:04:20,721 DEBUG   : plot 'dcube_idtpm_lrt/plots/p1d_ee83a48b-af15-49d3-8b57-1c8f71d3e3b6.png' has been created
DCubeApp     2026-08-04 17:04:20,721 DEBUG   : child tagName hist1D
DCubeApp     2026-08-04 17:04:20,721 INFO    : test hist1D '/InDetTrackPerfMonPlots/TrkAnaOffl/Offline/Tracks/HitsOnTracks/offl_nSCTHits_vs_offl_phi' [meany]
DCubeTester  2026-08-04 17:04:20,723 DEBUG   : gathering statistics along x axis
DCubeTester  2026-08-04 17:04:20,723 DEBUG   : gathering statistics along y axis
DCubeTester  2026-08-04 17:04:20,724 DEBUG   : *** MeanY Test *** refMean=793.345 and monMean=793.345
DCubeTester  2026-08-04 17:04:20,724 INFO    : *** Mean Test *** p-value=0.000 status=OK
DCubePlotter 2026-08-04 17:04:20,724 DEBUG   : plot called for object of name offl_nSCTHits_vs_offl_phi
DCubePlotter 2026-08-04 17:04:20,724 DEBUG   : plotting offl_nSCTHits_vs_offl_phi of type TProfile
DCubePlotter 2026-08-04 17:04:20,792 DEBUG   : plot 'dcube_idtpm_lrt/plots/p1r_c2626c5d-db6b-4d73-84f8-6a69cd88f9a4.png' has been created
DCubePlotter 2026-08-04 17:04:20,835 DEBUG   : plot 'dcube_idtpm_lrt/plots/p1d_776c568f-afbe-4ed1-9120-9268ef99940c.png' has been created
DCubeApp     2026-08-04 17:04:20,836 DEBUG   : child tagName hist1D
DCubeApp     2026-08-04 17:04:20,836 INFO    : test hist1D '/InDetTrackPerfMonPlots/TrkAnaOffl/Offline/Tracks/HitsOnTracks/offl_nPixelHoles_vs_offl_phi' [meany]
DCubeTester  2026-08-04 17:04:20,838 DEBUG   : gathering statistics along x axis
DCubeTester  2026-08-04 17:04:20,838 DEBUG   : gathering statistics along y axis
DCubeTester  2026-08-04 17:04:20,839 DEBUG   : *** MeanY Test *** refMean=4.685 and monMean=4.685
DCubeTester  2026-08-04 17:04:20,839 INFO    : *** Mean Test *** p-value=0.000 status=OK
DCubePlotter 2026-08-04 17:04:20,839 DEBUG   : plot called for object of name offl_nPixelHoles_vs_offl_phi
DCubePlotter 2026-08-04 17:04:20,839 DEBUG   : plotting offl_nPixelHoles_vs_offl_phi of type TProfile
DCubePlotter 2026-08-04 17:04:20,887 DEBUG   : plot 'dcube_idtpm_lrt/plots/p1r_3bc0f321-dd35-44e4-acf2-35fff6ac0f68.png' has been created
DCubePlotter 2026-08-04 17:04:20,924 DEBUG   : plot 'dcube_idtpm_lrt/plots/p1d_b3c0e0b6-5715-4fe1-8c8d-07a7464052fe.png' has been created
DCubeApp     2026-08-04 17:04:20,925 DEBUG   : child tagName hist1D
DCubeApp     2026-08-04 17:04:20,925 INFO    : test hist1D '/InDetTrackPerfMonPlots/TrkAnaOffl/Offline/Tracks/HitsOnTracks/offl_nInnerMostPixelOutliers_vs_offl_eta' [meany]
DCubeTester  2026-08-04 17:04:20,927 DEBUG   : gathering statistics along x axis
DCubeTester  2026-08-04 17:04:20,927 DEBUG   : gathering statistics along y axis
DCubeTester  2026-08-04 17:04:20,928 DEBUG   : *** MeanY Test *** refMean=0.301 and monMean=0.301
DCubeTester  2026-08-04 17:04:20,928 INFO    : *** Mean Test *** p-value=0.000 status=OK
DCubePlotter 2026-08-04 17:04:20,928 DEBUG   : plot called for object of name offl_nInnerMostPixelOutliers_vs_offl_eta
DCubePlotter 2026-08-04 17:04:20,929 DEBUG   : plotting offl_nInnerMostPixelOutliers_vs_offl_eta of type TProfile
DCubePlotter 2026-08-04 17:04:20,974 DEBUG   : plot 'dcube_idtpm_lrt/plots/p1r_f00ff0e1-cf79-4229-b090-1b504cff2207.png' has been created
DCubePlotter 2026-08-04 17:04:21,033 DEBUG   : plot 'dcube_idtpm_lrt/plots/p1d_f895bada-c591-489b-85b7-8c90cbda79f6.png' has been created
DCubeApp     2026-08-04 17:04:21,033 DEBUG   : child tagName hist1D
DCubeApp     2026-08-04 17:04:21,033 INFO    : test hist1D '/InDetTrackPerfMonPlots/TrkAnaOffl/Offline/Tracks/HitsOnTracks/offl_nInnerMostPixelSharedHits_vs_offl_eta' [meany]
DCubeTester  2026-08-04 17:04:21,035 DEBUG   : gathering statistics along x axis
DCubeTester  2026-08-04 17:04:21,036 DEBUG   : gathering statistics along y axis
DCubeTester  2026-08-04 17:04:21,036 DEBUG   : *** MeanY Test *** refMean=1.088 and monMean=1.088
DCubeTester  2026-08-04 17:04:21,036 INFO    : *** Mean Test *** p-value=0.000 status=OK
DCubePlotter 2026-08-04 17:04:21,036 DEBUG   : plot called for object of name offl_nInnerMostPixelSharedHits_vs_offl_eta
DCubePlotter 2026-08-04 17:04:21,036 DEBUG   : plotting offl_nInnerMostPixelSharedHits_vs_offl_eta of type TProfile
DCubePlotter 2026-08-04 17:04:21,074 DEBUG   : plot 'dcube_idtpm_lrt/plots/p1r_5d02777b-0cc5-4356-adf8-3b50d0710eca.png' has been created
DCubePlotter 2026-08-04 17:04:21,103 DEBUG   : plot 'dcube_idtpm_lrt/plots/p1d_02c14f17-47c3-488f-a5bd-67ef8ba4681e.png' has been created
DCubeApp     2026-08-04 17:04:21,103 DEBUG   : child tagName hist1D
DCubeApp     2026-08-04 17:04:21,103 INFO    : test hist1D '/InDetTrackPerfMonPlots/TrkAnaOffl/Offline/Tracks/HitsOnTracks/offl_nInnerMostPixelSplitHits_vs_offl_eta' [meany]
DCubeTester  2026-08-04 17:04:21,105 DEBUG   : gathering statistics along x axis
DCubeTester  2026-08-04 17:04:21,106 DEBUG   : gathering statistics along y axis
DCubeTester  2026-08-04 17:04:21,106 DEBUG   : *** MeanY Test *** refMean=0.275 and monMean=0.639
DCubeTester  2026-08-04 17:04:21,106 INFO    : *** Mean Test *** p-value=0.364 status=OK
DCubePlotter 2026-08-04 17:04:21,106 DEBUG   : plot called for object of name offl_nInnerMostPixelSplitHits_vs_offl_eta
DCubePlotter 2026-08-04 17:04:21,107 DEBUG   : plotting offl_nInnerMostPixelSplitHits_vs_offl_eta of type TProfile
DCubePlotter 2026-08-04 17:04:21,176 DEBUG   : plot 'dcube_idtpm_lrt/plots/p1r_b72e4fc3-e007-464a-aea6-9d3bc4e2e29f.png' has been created
DCubePlotter 2026-08-04 17:04:21,225 DEBUG   : plot 'dcube_idtpm_lrt/plots/p1d_6a6402a4-70c0-4c23-b49a-4f549701ae8a.png' has been created
DCubeApp     2026-08-04 17:04:21,226 DEBUG   : child tagName hist1D
DCubeApp     2026-08-04 17:04:21,227 INFO    : test hist1D '/InDetTrackPerfMonPlots/TrkAnaOffl/Offline/Tracks/HitsOnTracks/offl_nExpectedInnerMostPixelHits_vs_offl_eta' [meany]
DCubeTester  2026-08-04 17:04:21,229 DEBUG   : gathering statistics along x axis
DCubeTester  2026-08-04 17:04:21,229 DEBUG   : gathering statistics along y axis
DCubeTester  2026-08-04 17:04:21,230 DEBUG   : *** MeanY Test *** refMean=95.596 and monMean=95.596
DCubeTester  2026-08-04 17:04:21,230 INFO    : *** Mean Test *** p-value=0.000 status=OK
DCubePlotter 2026-08-04 17:04:21,230 DEBUG   : plot called for object of name offl_nExpectedInnerMostPixelHits_vs_offl_eta
DCubePlotter 2026-08-04 17:04:21,231 DEBUG   : plotting offl_nExpectedInnerMostPixelHits_vs_offl_eta of type TProfile
DCubePlotter 2026-08-04 17:04:21,281 DEBUG   : plot 'dcube_idtpm_lrt/plots/p1r_efe9f438-c42b-4541-8dac-fa18f2665f91.png' has been created
DCubePlotter 2026-08-04 17:04:21,314 DEBUG   : plot 'dcube_idtpm_lrt/plots/p1d_aee4182c-9d13-405f-a594-fa6b970428bd.png' has been created
DCubeApp     2026-08-04 17:04:21,314 DEBUG   : child tagName hist1D
DCubeApp     2026-08-04 17:04:21,315 INFO    : test hist1D '/InDetTrackPerfMonPlots/TrkAnaOffl/Offline/Tracks/HitsOnTracks/offl_nExpectedNextToInnerMostPixelHits_vs_offl_eta' [meany]
DCubeTester  2026-08-04 17:04:21,316 DEBUG   : gathering statistics along x axis
DCubeTester  2026-08-04 17:04:21,316 DEBUG   : gathering statistics along y axis
DCubeTester  2026-08-04 17:04:21,317 DEBUG   : *** MeanY Test *** refMean=92.374 and monMean=92.374
DCubeTester  2026-08-04 17:04:21,317 INFO    : *** Mean Test *** p-value=0.000 status=OK
DCubePlotter 2026-08-04 17:04:21,317 DEBUG   : plot called for object of name offl_nExpectedNextToInnerMostPixelHits_vs_offl_eta
DCubePlotter 2026-08-04 17:04:21,317 DEBUG   : plotting offl_nExpectedNextToInnerMostPixelHits_vs_offl_eta of type TProfile
DCubePlotter 2026-08-04 17:04:21,360 DEBUG   : plot 'dcube_idtpm_lrt/plots/p1r_7e5c39f1-8f52-4b91-a9fc-83fb6f38eb9b.png' has been created
DCubePlotter 2026-08-04 17:04:21,390 DEBUG   : plot 'dcube_idtpm_lrt/plots/p1d_ab933399-06f2-496f-a050-4ef916bb0f56.png' has been created
DCubeApp     2026-08-04 17:04:21,390 DEBUG   : child tagName hist1D
DCubeApp     2026-08-04 17:04:21,391 INFO    : test hist1D '/InDetTrackPerfMonPlots/TrkAnaOffl/Offline/Tracks/HitsOnTracks/offl_nPixelOutliers_vs_offl_eta' [meany]
DCubeTester  2026-08-04 17:04:21,392 DEBUG   : gathering statistics along x axis
DCubeTester  2026-08-04 17:04:21,393 DEBUG   : gathering statistics along y axis
DCubeTester  2026-08-04 17:04:21,393 DEBUG   : *** MeanY Test *** refMean=0.948 and monMean=0.948
DCubeTester  2026-08-04 17:04:21,393 INFO    : *** Mean Test *** p-value=0.000 status=OK
DCubePlotter 2026-08-04 17:04:21,394 DEBUG   : plot called for object of name offl_nPixelOutliers_vs_offl_eta
DCubePlotter 2026-08-04 17:04:21,394 DEBUG   : plotting offl_nPixelOutliers_vs_offl_eta of type TProfile
DCubePlotter 2026-08-04 17:04:21,445 DEBUG   : plot 'dcube_idtpm_lrt/plots/p1r_76b89296-a1aa-4112-89f7-949d97537684.png' has been created
DCubePlotter 2026-08-04 17:04:21,475 DEBUG   : plot 'dcube_idtpm_lrt/plots/p1d_ea0bbfe4-59ff-4bc6-958d-a155941a0487.png' has been created
DCubeApp     2026-08-04 17:04:21,475 DEBUG   : child tagName hist1D
DCubeApp     2026-08-04 17:04:21,475 INFO    : test hist1D '/InDetTrackPerfMonPlots/TrkAnaOffl/Offline/Tracks/HitsOnTracks/offl_nPixelContribLayers_vs_offl_eta' [meany]
DCubeTester  2026-08-04 17:04:21,480 DEBUG   : gathering statistics along x axis
DCubeTester  2026-08-04 17:04:21,481 DEBUG   : gathering statistics along y axis
DCubeTester  2026-08-04 17:04:21,481 DEBUG   : *** MeanY Test *** refMean=373.091 and monMean=373.091
DCubeTester  2026-08-04 17:04:21,481 INFO    : *** Mean Test *** p-value=0.000 status=OK
DCubePlotter 2026-08-04 17:04:21,482 DEBUG   : plot called for object of name offl_nPixelContribLayers_vs_offl_eta
DCubePlotter 2026-08-04 17:04:21,482 DEBUG   : plotting offl_nPixelContribLayers_vs_offl_eta of type TProfile
DCubePlotter 2026-08-04 17:04:21,531 DEBUG   : plot 'dcube_idtpm_lrt/plots/p1r_334e64ae-b824-455b-a67b-38d0c5645dc5.png' has been created
DCubePlotter 2026-08-04 17:04:21,570 DEBUG   : plot 'dcube_idtpm_lrt/plots/p1d_937b7fa2-5342-43de-b8d0-d31b1a7d8358.png' has been created
DCubeApp     2026-08-04 17:04:21,570 DEBUG   : child tagName hist1D
DCubeApp     2026-08-04 17:04:21,575 INFO    : test hist1D '/InDetTrackPerfMonPlots/TrkAnaOffl/Offline/Tracks/HitsOnTracks/offl_nPixelSharedHits_vs_offl_eta' [meany]
DCubeTester  2026-08-04 17:04:21,577 DEBUG   : gathering statistics along x axis
DCubeTester  2026-08-04 17:04:21,577 DEBUG   : gathering statistics along y axis
DCubeTester  2026-08-04 17:04:21,578 DEBUG   : *** MeanY Test *** refMean=1.717 and monMean=1.717
DCubeTester  2026-08-04 17:04:21,578 INFO    : *** Mean Test *** p-value=0.000 status=OK
DCubePlotter 2026-08-04 17:04:21,578 DEBUG   : plot called for object of name offl_nPixelSharedHits_vs_offl_eta
DCubePlotter 2026-08-04 17:04:21,578 DEBUG   : plotting offl_nPixelSharedHits_vs_offl_eta of type TProfile
DCubePlotter 2026-08-04 17:04:21,645 DEBUG   : plot 'dcube_idtpm_lrt/plots/p1r_3dc06b89-fb07-4efb-9434-08841fa57f04.png' has been created
DCubePlotter 2026-08-04 17:04:21,680 DEBUG   : plot 'dcube_idtpm_lrt/plots/p1d_4868d704-4474-458d-b6fe-efcd60a8ab32.png' has been created
DCubeApp     2026-08-04 17:04:21,680 DEBUG   : child tagName hist1D
DCubeApp     2026-08-04 17:04:21,680 INFO    : test hist1D '/InDetTrackPerfMonPlots/TrkAnaOffl/Offline/Tracks/HitsOnTracks/offl_nPixelSplitHits_vs_offl_eta' [meany]
DCubeTester  2026-08-04 17:04:21,682 DEBUG   : gathering statistics along x axis
DCubeTester  2026-08-04 17:04:21,682 DEBUG   : gathering statistics along y axis
DCubeTester  2026-08-04 17:04:21,683 DEBUG   : *** MeanY Test *** refMean=0.639 and monMean=0.639
DCubeTester  2026-08-04 17:04:21,683 INFO    : *** Mean Test *** p-value=0.000 status=OK
DCubePlotter 2026-08-04 17:04:21,684 DEBUG   : plot called for object of name offl_nPixelSplitHits_vs_offl_eta
DCubePlotter 2026-08-04 17:04:21,684 DEBUG   : plotting offl_nPixelSplitHits_vs_offl_eta of type TProfile
DCubePlotter 2026-08-04 17:04:21,724 DEBUG   : plot 'dcube_idtpm_lrt/plots/p1r_7a65ac78-23a7-4f9a-93c4-eff0a23a71df.png' has been created
DCubePlotter 2026-08-04 17:04:21,758 DEBUG   : plot 'dcube_idtpm_lrt/plots/p1d_15112835-0ac4-40c2-9765-a177b01e9dbd.png' has been created
DCubeApp     2026-08-04 17:04:21,759 DEBUG   : child tagName hist1D
DCubeApp     2026-08-04 17:04:21,759 INFO    : test hist1D '/InDetTrackPerfMonPlots/TrkAnaOffl/Offline/Tracks/HitsOnTracks/offl_nPixelGangedHits_vs_offl_eta' [meany]
DCubeTester  2026-08-04 17:04:21,761 DEBUG   : gathering statistics along x axis
DCubeTester  2026-08-04 17:04:21,761 DEBUG   : gathering statistics along y axis
DCubeTester  2026-08-04 17:04:21,762 DEBUG   : *** MeanY Test *** refMean=19.241 and monMean=19.241
DCubeTester  2026-08-04 17:04:21,762 INFO    : *** Mean Test *** p-value=0.000 status=OK
DCubePlotter 2026-08-04 17:04:21,762 DEBUG   : plot called for object of name offl_nPixelGangedHits_vs_offl_eta
DCubePlotter 2026-08-04 17:04:21,763 DEBUG   : plotting offl_nPixelGangedHits_vs_offl_eta of type TProfile
DCubePlotter 2026-08-04 17:04:21,805 DEBUG   : plot 'dcube_idtpm_lrt/plots/p1r_4c26ac64-3424-4127-aaab-086165f6f0b2.png' has been created
DCubePlotter 2026-08-04 17:04:21,841 DEBUG   : plot 'dcube_idtpm_lrt/plots/p1d_f302b42f-aa10-4803-86bf-8c1e98a4718f.png' has been created
DCubeApp     2026-08-04 17:04:21,842 DEBUG   : child tagName hist1D
DCubeApp     2026-08-04 17:04:21,842 INFO    : test hist1D '/InDetTrackPerfMonPlots/TrkAnaOffl/Offline/Tracks/HitsOnTracks/offl_nPixelGangedHitsFlaggedFakes_vs_offl_eta' [meany]
DCubeTester  2026-08-04 17:04:21,850 DEBUG   : gathering statistics along x axis
DCubeTester  2026-08-04 17:04:21,851 DEBUG   : gathering statistics along y axis
DCubeTester  2026-08-04 17:04:21,851 DEBUG   : *** MeanY Test *** refMean=0.617 and monMean=0.617
DCubeTester  2026-08-04 17:04:21,851 INFO    : *** Mean Test *** p-value=0.000 status=OK
DCubePlotter 2026-08-04 17:04:21,852 DEBUG   : plot called for object of name offl_nPixelGangedHitsFlaggedFakes_vs_offl_eta
DCubePlotter 2026-08-04 17:04:21,852 DEBUG   : plotting offl_nPixelGangedHitsFlaggedFakes_vs_offl_eta of type TProfile
DCubePlotter 2026-08-04 17:04:21,914 DEBUG   : plot 'dcube_idtpm_lrt/plots/p1r_673959c3-29a7-4791-bcc2-9dae660ab1a6.png' has been created
DCubePlotter 2026-08-04 17:04:21,965 DEBUG   : plot 'dcube_idtpm_lrt/plots/p1d_32ca5519-cfcd-4806-a888-4c9a6bde6ef8.png' has been created
DCubeApp     2026-08-04 17:04:21,966 DEBUG   : child tagName hist1D
DCubeApp     2026-08-04 17:04:21,966 INFO    : test hist1D '/InDetTrackPerfMonPlots/TrkAnaOffl/Offline/Tracks/HitsOnTracks/offl_nSCTOutliers_vs_offl_eta' [meany]
DCubeTester  2026-08-04 17:04:21,968 DEBUG   : gathering statistics along x axis
DCubeTester  2026-08-04 17:04:21,968 DEBUG   : gathering statistics along y axis
DCubeTester  2026-08-04 17:04:21,968 DEBUG   : *** MeanY Test *** refMean=1.375 and monMean=1.375
DCubeTester  2026-08-04 17:04:21,969 INFO    : *** Mean Test *** p-value=0.000 status=OK
DCubePlotter 2026-08-04 17:04:21,969 DEBUG   : plot called for object of name offl_nSCTOutliers_vs_offl_eta
DCubePlotter 2026-08-04 17:04:21,969 DEBUG   : plotting offl_nSCTOutliers_vs_offl_eta of type TProfile
DCubePlotter 2026-08-04 17:04:22,024 DEBUG   : plot 'dcube_idtpm_lrt/plots/p1r_1dda2396-1423-458e-98c5-a74be97727d0.png' has been created
DCubePlotter 2026-08-04 17:04:22,064 DEBUG   : plot 'dcube_idtpm_lrt/plots/p1d_214f9999-3ed8-4ab0-9504-dba85bc48672.png' has been created
DCubeApp     2026-08-04 17:04:22,064 DEBUG   : child tagName hist1D
DCubeApp     2026-08-04 17:04:22,065 INFO    : test hist1D '/InDetTrackPerfMonPlots/TrkAnaOffl/Offline/Tracks/HitsOnTracks/offl_nSCTDoubleHoles_vs_offl_eta' [meany]
DCubeTester  2026-08-04 17:04:22,067 DEBUG   : gathering statistics along x axis
DCubeTester  2026-08-04 17:04:22,067 DEBUG   : gathering statistics along y axis
DCubeTester  2026-08-04 17:04:22,068 DEBUG   : *** MeanY Test *** refMean=1.017 and monMean=1.017
DCubeTester  2026-08-04 17:04:22,068 INFO    : *** Mean Test *** p-value=0.000 status=OK
DCubePlotter 2026-08-04 17:04:22,068 DEBUG   : plot called for object of name offl_nSCTDoubleHoles_vs_offl_eta
DCubePlotter 2026-08-04 17:04:22,068 DEBUG   : plotting offl_nSCTDoubleHoles_vs_offl_eta of type TProfile
DCubePlotter 2026-08-04 17:04:22,129 DEBUG   : plot 'dcube_idtpm_lrt/plots/p1r_f2d89765-5157-4b53-9780-643b22a89e4b.png' has been created
DCubePlotter 2026-08-04 17:04:22,163 DEBUG   : plot 'dcube_idtpm_lrt/plots/p1d_60d52692-e055-44f1-b8ed-c8e3857ba0c4.png' has been created
DCubeApp     2026-08-04 17:04:22,164 DEBUG   : child tagName hist1D
DCubeApp     2026-08-04 17:04:22,164 INFO    : test hist1D '/InDetTrackPerfMonPlots/TrkAnaOffl/Offline/Tracks/HitsOnTracks/offl_nSCTSharedHits_vs_offl_eta' [meany]
DCubeTester  2026-08-04 17:04:22,167 DEBUG   : gathering statistics along x axis
DCubeTester  2026-08-04 17:04:22,167 DEBUG   : gathering statistics along y axis
DCubeTester  2026-08-04 17:04:22,168 DEBUG   : *** MeanY Test *** refMean=6.435 and monMean=6.435
DCubeTester  2026-08-04 17:04:22,168 INFO    : *** Mean Test *** p-value=0.000 status=OK
DCubePlotter 2026-08-04 17:04:22,168 DEBUG   : plot called for object of name offl_nSCTSharedHits_vs_offl_eta
DCubePlotter 2026-08-04 17:04:22,168 DEBUG   : plotting offl_nSCTSharedHits_vs_offl_eta of type TProfile
DCubePlotter 2026-08-04 17:04:22,211 DEBUG   : plot 'dcube_idtpm_lrt/plots/p1r_4d6ebfd3-20f5-4ac6-adb5-2eef1f9d3555.png' has been created
DCubePlotter 2026-08-04 17:04:22,244 DEBUG   : plot 'dcube_idtpm_lrt/plots/p1d_4a103065-8f73-4674-b152-e6ddd6c756a0.png' has been created
DCubeApp     2026-08-04 17:04:22,244 DEBUG   : child tagName hist1D
DCubeApp     2026-08-04 17:04:22,244 INFO    : test hist1D '/InDetTrackPerfMonPlots/TrkAnaOffl/Offline/Tracks/HitsOnTracks/offl_nPixelDeadSensors_vs_offl_eta' [meany]
DCubeTester  2026-08-04 17:04:22,246 DEBUG   : gathering statistics along x axis
DCubeTester  2026-08-04 17:04:22,246 DEBUG   : gathering statistics along y axis
DCubeTester  2026-08-04 17:04:22,246 DEBUG   : *** MeanY Test *** refMean=15.678 and monMean=15.678
DCubeTester  2026-08-04 17:04:22,247 INFO    : *** Mean Test *** p-value=0.000 status=OK
DCubePlotter 2026-08-04 17:04:22,247 DEBUG   : plot called for object of name offl_nPixelDeadSensors_vs_offl_eta
DCubePlotter 2026-08-04 17:04:22,247 DEBUG   : plotting offl_nPixelDeadSensors_vs_offl_eta of type TProfile
DCubePlotter 2026-08-04 17:04:22,287 DEBUG   : plot 'dcube_idtpm_lrt/plots/p1r_5ce820b2-3f38-4ee2-a7b4-a9cc8bba1603.png' has been created
DCubePlotter 2026-08-04 17:04:22,477 DEBUG   : plot 'dcube_idtpm_lrt/plots/p1d_07761e48-b99a-4baf-be7e-cef78ac41e97.png' has been created
DCubeApp     2026-08-04 17:04:22,478 DEBUG   : child tagName hist1D
DCubeApp     2026-08-04 17:04:22,479 INFO    : test hist1D '/InDetTrackPerfMonPlots/TrkAnaOffl/Offline/Tracks/HitsOnTracks/offl_nSCTDeadSensors_vs_offl_eta' [meany]
DCubeTester  2026-08-04 17:04:22,486 DEBUG   : gathering statistics along x axis
DCubeTester  2026-08-04 17:04:22,487 DEBUG   : gathering statistics along y axis
DCubeTester  2026-08-04 17:04:22,487 DEBUG   : *** MeanY Test *** refMean=10.364 and monMean=10.364
DCubeTester  2026-08-04 17:04:22,487 INFO    : *** Mean Test *** p-value=0.000 status=OK
DCubePlotter 2026-08-04 17:04:22,488 DEBUG   : plot called for object of name offl_nSCTDeadSensors_vs_offl_eta
DCubePlotter 2026-08-04 17:04:22,488 DEBUG   : plotting offl_nSCTDeadSensors_vs_offl_eta of type TProfile
DCubePlotter 2026-08-04 17:04:22,546 DEBUG   : plot 'dcube_idtpm_lrt/plots/p1r_4497d468-5990-431f-8774-481d72fd76cb.png' has been created
DCubePlotter 2026-08-04 17:04:22,575 DEBUG   : plot 'dcube_idtpm_lrt/plots/p1d_47be32de-5fb4-4155-b3f7-d16e72a3e2ea.png' has been created
DCubeApp     2026-08-04 17:04:22,575 DEBUG   : child tagName hist1D
DCubeApp     2026-08-04 17:04:22,575 INFO    : test hist1D '/InDetTrackPerfMonPlots/TrkAnaOffl/Offline/Tracks/HitsOnTracks/offl_nInnerMostPixelOutliers_vs_offl_phi' [meany]
DCubeTester  2026-08-04 17:04:22,581 DEBUG   : gathering statistics along x axis
DCubeTester  2026-08-04 17:04:22,581 DEBUG   : gathering statistics along y axis
DCubeTester  2026-08-04 17:04:22,581 DEBUG   : *** MeanY Test *** refMean=0.301 and monMean=0.301
DCubeTester  2026-08-04 17:04:22,581 INFO    : *** Mean Test *** p-value=0.000 status=OK
DCubePlotter 2026-08-04 17:04:22,582 DEBUG   : plot called for object of name offl_nInnerMostPixelOutliers_vs_offl_phi
DCubePlotter 2026-08-04 17:04:22,583 DEBUG   : plotting offl_nInnerMostPixelOutliers_vs_offl_phi of type TProfile
DCubePlotter 2026-08-04 17:04:22,634 DEBUG   : plot 'dcube_idtpm_lrt/plots/p1r_946fb623-3d18-4a36-941b-c23bc28dba17.png' has been created
DCubePlotter 2026-08-04 17:04:22,667 DEBUG   : plot 'dcube_idtpm_lrt/plots/p1d_0520323e-27c4-4136-abe0-c4bf4a319f76.png' has been created
DCubeApp     2026-08-04 17:04:22,667 DEBUG   : child tagName hist1D
DCubeApp     2026-08-04 17:04:22,667 INFO    : test hist1D '/InDetTrackPerfMonPlots/TrkAnaOffl/Offline/Tracks/HitsOnTracks/offl_nInnerMostPixelSharedHits_vs_offl_phi' [meany]
DCubeTester  2026-08-04 17:04:22,669 DEBUG   : gathering statistics along x axis
DCubeTester  2026-08-04 17:04:22,670 DEBUG   : gathering statistics along y axis
DCubeTester  2026-08-04 17:04:22,670 DEBUG   : *** MeanY Test *** refMean=1.088 and monMean=1.088
DCubeTester  2026-08-04 17:04:22,670 INFO    : *** Mean Test *** p-value=0.000 status=OK
DCubePlotter 2026-08-04 17:04:22,671 DEBUG   : plot called for object of name offl_nInnerMostPixelSharedHits_vs_offl_phi
DCubePlotter 2026-08-04 17:04:22,671 DEBUG   : plotting offl_nInnerMostPixelSharedHits_vs_offl_phi of type TProfile
DCubePlotter 2026-08-04 17:04:22,717 DEBUG   : plot 'dcube_idtpm_lrt/plots/p1r_73a13d76-8264-463e-9d40-2f0f6600e0f7.png' has been created
DCubePlotter 2026-08-04 17:04:22,762 DEBUG   : plot 'dcube_idtpm_lrt/plots/p1d_cb2f0c51-a39d-4819-a6c9-5b4a92631bff.png' has been created
DCubeApp     2026-08-04 17:04:22,763 DEBUG   : child tagName hist1D
DCubeApp     2026-08-04 17:04:22,763 INFO    : test hist1D '/InDetTrackPerfMonPlots/TrkAnaOffl/Offline/Tracks/HitsOnTracks/offl_nInnerMostPixelSplitHits_vs_offl_phi' [meany]
DCubeTester  2026-08-04 17:04:22,766 DEBUG   : gathering statistics along x axis
DCubeTester  2026-08-04 17:04:22,766 DEBUG   : gathering statistics along y axis
DCubeTester  2026-08-04 17:04:22,767 DEBUG   : *** MeanY Test *** refMean=0.275 and monMean=0.639
DCubeTester  2026-08-04 17:04:22,767 INFO    : *** Mean Test *** p-value=0.364 status=OK
DCubePlotter 2026-08-04 17:04:22,767 DEBUG   : plot called for object of name offl_nInnerMostPixelSplitHits_vs_offl_phi
DCubePlotter 2026-08-04 17:04:22,767 DEBUG   : plotting offl_nInnerMostPixelSplitHits_vs_offl_phi of type TProfile
DCubePlotter 2026-08-04 17:04:22,825 DEBUG   : plot 'dcube_idtpm_lrt/plots/p1r_f62ec417-ec67-4b55-9321-f81e2e352f85.png' has been created
DCubePlotter 2026-08-04 17:04:22,854 DEBUG   : plot 'dcube_idtpm_lrt/plots/p1d_f887703d-d631-49ee-994f-be8cef57477a.png' has been created
DCubeApp     2026-08-04 17:04:22,854 DEBUG   : child tagName hist1D
DCubeApp     2026-08-04 17:04:22,854 INFO    : test hist1D '/InDetTrackPerfMonPlots/TrkAnaOffl/Offline/Tracks/HitsOnTracks/offl_nExpectedInnerMostPixelHits_vs_offl_phi' [meany]
DCubeTester  2026-08-04 17:04:22,856 DEBUG   : gathering statistics along x axis
DCubeTester  2026-08-04 17:04:22,856 DEBUG   : gathering statistics along y axis
DCubeTester  2026-08-04 17:04:22,856 DEBUG   : *** MeanY Test *** refMean=95.596 and monMean=95.596
DCubeTester  2026-08-04 17:04:22,857 INFO    : *** Mean Test *** p-value=0.000 status=OK
DCubePlotter 2026-08-04 17:04:22,857 DEBUG   : plot called for object of name offl_nExpectedInnerMostPixelHits_vs_offl_phi
DCubePlotter 2026-08-04 17:04:22,857 DEBUG   : plotting offl_nExpectedInnerMostPixelHits_vs_offl_phi of type TProfile
DCubePlotter 2026-08-04 17:04:22,910 DEBUG   : plot 'dcube_idtpm_lrt/plots/p1r_100664e4-eda7-4cbc-ab5c-5683a8263ade.png' has been created
DCubePlotter 2026-08-04 17:04:22,944 DEBUG   : plot 'dcube_idtpm_lrt/plots/p1d_9a185147-0963-4e58-8011-6bc67b9a90e1.png' has been created
DCubeApp     2026-08-04 17:04:22,945 DEBUG   : child tagName hist1D
DCubeApp     2026-08-04 17:04:22,945 INFO    : test hist1D '/InDetTrackPerfMonPlots/TrkAnaOffl/Offline/Tracks/HitsOnTracks/offl_nExpectedNextToInnerMostPixelHits_vs_offl_phi' [meany]
DCubeTester  2026-08-04 17:04:22,948 DEBUG   : gathering statistics along x axis
DCubeTester  2026-08-04 17:04:22,948 DEBUG   : gathering statistics along y axis
DCubeTester  2026-08-04 17:04:22,948 DEBUG   : *** MeanY Test *** refMean=92.374 and monMean=92.374
DCubeTester  2026-08-04 17:04:22,948 INFO    : *** Mean Test *** p-value=0.000 status=OK
DCubePlotter 2026-08-04 17:04:22,949 DEBUG   : plot called for object of name offl_nExpectedNextToInnerMostPixelHits_vs_offl_phi
DCubePlotter 2026-08-04 17:04:22,949 DEBUG   : plotting offl_nExpectedNextToInnerMostPixelHits_vs_offl_phi of type TProfile
DCubePlotter 2026-08-04 17:04:23,009 DEBUG   : plot 'dcube_idtpm_lrt/plots/p1r_89afdd14-d9d6-4e2d-9df7-d78a12259410.png' has been created
DCubePlotter 2026-08-04 17:04:23,040 DEBUG   : plot 'dcube_idtpm_lrt/plots/p1d_10e4c1b6-582f-4d01-81a7-e3d00ff08991.png' has been created
DCubeApp     2026-08-04 17:04:23,040 DEBUG   : child tagName hist1D
DCubeApp     2026-08-04 17:04:23,042 INFO    : test hist1D '/InDetTrackPerfMonPlots/TrkAnaOffl/Offline/Tracks/HitsOnTracks/offl_nPixelOutliers_vs_offl_phi' [meany]
DCubeTester  2026-08-04 17:04:23,044 DEBUG   : gathering statistics along x axis
DCubeTester  2026-08-04 17:04:23,044 DEBUG   : gathering statistics along y axis
DCubeTester  2026-08-04 17:04:23,045 DEBUG   : *** MeanY Test *** refMean=0.948 and monMean=0.948
DCubeTester  2026-08-04 17:04:23,045 INFO    : *** Mean Test *** p-value=0.000 status=OK
DCubePlotter 2026-08-04 17:04:23,045 DEBUG   : plot called for object of name offl_nPixelOutliers_vs_offl_phi
DCubePlotter 2026-08-04 17:04:23,045 DEBUG   : plotting offl_nPixelOutliers_vs_offl_phi of type TProfile
DCubePlotter 2026-08-04 17:04:23,088 DEBUG   : plot 'dcube_idtpm_lrt/plots/p1r_15893d65-a43b-4d59-8012-0dd9ccb27ad7.png' has been created
DCubePlotter 2026-08-04 17:04:23,127 DEBUG   : plot 'dcube_idtpm_lrt/plots/p1d_d39fe89f-88ac-4efd-a7e0-3ec9aaaf9e99.png' has been created
DCubeApp     2026-08-04 17:04:23,127 DEBUG   : child tagName hist1D
DCubeApp     2026-08-04 17:04:23,127 INFO    : test hist1D '/InDetTrackPerfMonPlots/TrkAnaOffl/Offline/Tracks/HitsOnTracks/offl_nPixelContribLayers_vs_offl_phi' [meany]
DCubeTester  2026-08-04 17:04:23,129 DEBUG   : gathering statistics along x axis
DCubeTester  2026-08-04 17:04:23,129 DEBUG   : gathering statistics along y axis
DCubeTester  2026-08-04 17:04:23,130 DEBUG   : *** MeanY Test *** refMean=373.091 and monMean=373.091
DCubeTester  2026-08-04 17:04:23,130 INFO    : *** Mean Test *** p-value=0.000 status=OK
DCubePlotter 2026-08-04 17:04:23,130 DEBUG   : plot called for object of name offl_nPixelContribLayers_vs_offl_phi
DCubePlotter 2026-08-04 17:04:23,130 DEBUG   : plotting offl_nPixelContribLayers_vs_offl_phi of type TProfile
DCubePlotter 2026-08-04 17:04:23,174 DEBUG   : plot 'dcube_idtpm_lrt/plots/p1r_33f49965-957a-4f78-9970-63c9fa3317b0.png' has been created
DCubePlotter 2026-08-04 17:04:23,214 DEBUG   : plot 'dcube_idtpm_lrt/plots/p1d_7bd42dde-9d49-478a-be43-3602bb25914d.png' has been created
DCubeApp     2026-08-04 17:04:23,215 DEBUG   : child tagName hist1D
DCubeApp     2026-08-04 17:04:23,215 INFO    : test hist1D '/InDetTrackPerfMonPlots/TrkAnaOffl/Offline/Tracks/HitsOnTracks/offl_nPixelSharedHits_vs_offl_phi' [meany]
DCubeTester  2026-08-04 17:04:23,217 DEBUG   : gathering statistics along x axis
DCubeTester  2026-08-04 17:04:23,217 DEBUG   : gathering statistics along y axis
DCubeTester  2026-08-04 17:04:23,218 DEBUG   : *** MeanY Test *** refMean=1.717 and monMean=1.717
DCubeTester  2026-08-04 17:04:23,218 INFO    : *** Mean Test *** p-value=0.000 status=OK
DCubePlotter 2026-08-04 17:04:23,218 DEBUG   : plot called for object of name offl_nPixelSharedHits_vs_offl_phi
DCubePlotter 2026-08-04 17:04:23,218 DEBUG   : plotting offl_nPixelSharedHits_vs_offl_phi of type TProfile
DCubePlotter 2026-08-04 17:04:23,282 DEBUG   : plot 'dcube_idtpm_lrt/plots/p1r_f37a0083-d9ce-4240-a41b-c4dc6f0d4390.png' has been created
DCubePlotter 2026-08-04 17:04:23,316 DEBUG   : plot 'dcube_idtpm_lrt/plots/p1d_2463d2e4-c5f0-4950-b16d-81ebaee44381.png' has been created
DCubeApp     2026-08-04 17:04:23,316 DEBUG   : child tagName hist1D
DCubeApp     2026-08-04 17:04:23,317 INFO    : test hist1D '/InDetTrackPerfMonPlots/TrkAnaOffl/Offline/Tracks/HitsOnTracks/offl_nPixelSplitHits_vs_offl_phi' [meany]
DCubeTester  2026-08-04 17:04:23,319 DEBUG   : gathering statistics along x axis
DCubeTester  2026-08-04 17:04:23,319 DEBUG   : gathering statistics along y axis
DCubeTester  2026-08-04 17:04:23,319 DEBUG   : *** MeanY Test *** refMean=0.639 and monMean=0.639
DCubeTester  2026-08-04 17:04:23,320 INFO    : *** Mean Test *** p-value=0.000 status=OK
DCubePlotter 2026-08-04 17:04:23,320 DEBUG   : plot called for object of name offl_nPixelSplitHits_vs_offl_phi
DCubePlotter 2026-08-04 17:04:23,320 DEBUG   : plotting offl_nPixelSplitHits_vs_offl_phi of type TProfile
DCubePlotter 2026-08-04 17:04:23,382 DEBUG   : plot 'dcube_idtpm_lrt/plots/p1r_c0935693-35c4-4cb7-92e5-3fca8b57a8ee.png' has been created
DCubePlotter 2026-08-04 17:04:23,414 DEBUG   : plot 'dcube_idtpm_lrt/plots/p1d_11fd171d-5191-44b9-92fd-dff106ed4d1f.png' has been created
DCubeApp     2026-08-04 17:04:23,415 DEBUG   : child tagName hist1D
DCubeApp     2026-08-04 17:04:23,415 INFO    : test hist1D '/InDetTrackPerfMonPlots/TrkAnaOffl/Offline/Tracks/HitsOnTracks/offl_nPixelGangedHits_vs_offl_phi' [meany]
DCubeTester  2026-08-04 17:04:23,417 DEBUG   : gathering statistics along x axis
DCubeTester  2026-08-04 17:04:23,418 DEBUG   : gathering statistics along y axis
DCubeTester  2026-08-04 17:04:23,418 DEBUG   : *** MeanY Test *** refMean=19.241 and monMean=19.241
DCubeTester  2026-08-04 17:04:23,418 INFO    : *** Mean Test *** p-value=0.000 status=OK
DCubePlotter 2026-08-04 17:04:23,418 DEBUG   : plot called for object of name offl_nPixelGangedHits_vs_offl_phi
DCubePlotter 2026-08-04 17:04:23,418 DEBUG   : plotting offl_nPixelGangedHits_vs_offl_phi of type TProfile
DCubePlotter 2026-08-04 17:04:23,466 DEBUG   : plot 'dcube_idtpm_lrt/plots/p1r_613e246f-e2e8-45fb-a8c6-d42eca2e8980.png' has been created
DCubePlotter 2026-08-04 17:04:23,505 DEBUG   : plot 'dcube_idtpm_lrt/plots/p1d_0033a535-5d83-4c14-a476-209769c09be0.png' has been created
DCubeApp     2026-08-04 17:04:23,505 DEBUG   : child tagName hist1D
DCubeApp     2026-08-04 17:04:23,505 INFO    : test hist1D '/InDetTrackPerfMonPlots/TrkAnaOffl/Offline/Tracks/HitsOnTracks/offl_nPixelGangedHitsFlaggedFakes_vs_offl_phi' [meany]
DCubeTester  2026-08-04 17:04:23,508 DEBUG   : gathering statistics along x axis
DCubeTester  2026-08-04 17:04:23,508 DEBUG   : gathering statistics along y axis
DCubeTester  2026-08-04 17:04:23,508 DEBUG   : *** MeanY Test *** refMean=0.617 and monMean=0.617
DCubeTester  2026-08-04 17:04:23,508 INFO    : *** Mean Test *** p-value=0.000 status=OK
DCubePlotter 2026-08-04 17:04:23,509 DEBUG   : plot called for object of name offl_nPixelGangedHitsFlaggedFakes_vs_offl_phi
DCubePlotter 2026-08-04 17:04:23,509 DEBUG   : plotting offl_nPixelGangedHitsFlaggedFakes_vs_offl_phi of type TProfile
DCubePlotter 2026-08-04 17:04:23,559 DEBUG   : plot 'dcube_idtpm_lrt/plots/p1r_5eb27437-6c67-44e0-a8d8-e7a41fed4f1f.png' has been created
DCubePlotter 2026-08-04 17:04:23,603 DEBUG   : plot 'dcube_idtpm_lrt/plots/p1d_8b52467d-127d-4b4a-afd1-d362e3449397.png' has been created
DCubeApp     2026-08-04 17:04:23,603 DEBUG   : child tagName hist1D
DCubeApp     2026-08-04 17:04:23,604 INFO    : test hist1D '/InDetTrackPerfMonPlots/TrkAnaOffl/Offline/Tracks/HitsOnTracks/offl_nSCTOutliers_vs_offl_phi' [meany]
DCubeTester  2026-08-04 17:04:23,605 DEBUG   : gathering statistics along x axis
DCubeTester  2026-08-04 17:04:23,606 DEBUG   : gathering statistics along y axis
DCubeTester  2026-08-04 17:04:23,606 DEBUG   : *** MeanY Test *** refMean=1.375 and monMean=1.375
DCubeTester  2026-08-04 17:04:23,606 INFO    : *** Mean Test *** p-value=0.000 status=OK
DCubePlotter 2026-08-04 17:04:23,606 DEBUG   : plot called for object of name offl_nSCTOutliers_vs_offl_phi
DCubePlotter 2026-08-04 17:04:23,607 DEBUG   : plotting offl_nSCTOutliers_vs_offl_phi of type TProfile
DCubePlotter 2026-08-04 17:04:23,663 DEBUG   : plot 'dcube_idtpm_lrt/plots/p1r_55a9ed73-bf84-400a-86a2-e175ec23a0d1.png' has been created
DCubePlotter 2026-08-04 17:04:23,695 DEBUG   : plot 'dcube_idtpm_lrt/plots/p1d_761c16f9-1cbb-443a-9f26-c90582bc6c8e.png' has been created
DCubeApp     2026-08-04 17:04:23,695 DEBUG   : child tagName hist1D
DCubeApp     2026-08-04 17:04:23,695 INFO    : test hist1D '/InDetTrackPerfMonPlots/TrkAnaOffl/Offline/Tracks/HitsOnTracks/offl_nSCTDoubleHoles_vs_offl_phi' [meany]
DCubeTester  2026-08-04 17:04:23,697 DEBUG   : gathering statistics along x axis
DCubeTester  2026-08-04 17:04:23,698 DEBUG   : gathering statistics along y axis
DCubeTester  2026-08-04 17:04:23,698 DEBUG   : *** MeanY Test *** refMean=1.017 and monMean=1.017
DCubeTester  2026-08-04 17:04:23,698 INFO    : *** Mean Test *** p-value=0.000 status=OK
DCubePlotter 2026-08-04 17:04:23,698 DEBUG   : plot called for object of name offl_nSCTDoubleHoles_vs_offl_phi
DCubePlotter 2026-08-04 17:04:23,699 DEBUG   : plotting offl_nSCTDoubleHoles_vs_offl_phi of type TProfile
DCubePlotter 2026-08-04 17:04:23,757 DEBUG   : plot 'dcube_idtpm_lrt/plots/p1r_d7bb5744-fad4-4505-9bb7-e30243975fd3.png' has been created
DCubePlotter 2026-08-04 17:04:23,848 DEBUG   : plot 'dcube_idtpm_lrt/plots/p1d_f26da3b4-60ae-4c7a-ae9b-44680200a9d4.png' has been created
DCubeApp     2026-08-04 17:04:23,848 DEBUG   : child tagName hist1D
DCubeApp     2026-08-04 17:04:23,849 INFO    : test hist1D '/InDetTrackPerfMonPlots/TrkAnaOffl/Offline/Tracks/HitsOnTracks/offl_nSCTSharedHits_vs_offl_phi' [meany]
DCubeTester  2026-08-04 17:04:23,851 DEBUG   : gathering statistics along x axis
DCubeTester  2026-08-04 17:04:23,851 DEBUG   : gathering statistics along y axis
DCubeTester  2026-08-04 17:04:23,851 DEBUG   : *** MeanY Test *** refMean=6.435 and monMean=6.435
DCubeTester  2026-08-04 17:04:23,851 INFO    : *** Mean Test *** p-value=0.000 status=OK
DCubePlotter 2026-08-04 17:04:23,852 DEBUG   : plot called for object of name offl_nSCTSharedHits_vs_offl_phi
DCubePlotter 2026-08-04 17:04:23,852 DEBUG   : plotting offl_nSCTSharedHits_vs_offl_phi of type TProfile
DCubePlotter 2026-08-04 17:04:23,911 DEBUG   : plot 'dcube_idtpm_lrt/plots/p1r_aac81b21-f6c8-4b95-a61c-49e8a694824e.png' has been created
DCubePlotter 2026-08-04 17:04:23,947 DEBUG   : plot 'dcube_idtpm_lrt/plots/p1d_4f59f0c9-835e-4265-a149-7fbe4167c3fa.png' has been created
DCubeApp     2026-08-04 17:04:23,947 DEBUG   : child tagName hist1D
DCubeApp     2026-08-04 17:04:23,948 INFO    : test hist1D '/InDetTrackPerfMonPlots/TrkAnaOffl/Offline/Tracks/HitsOnTracks/offl_nPixelDeadSensors_vs_offl_phi' [meany]
DCubeTester  2026-08-04 17:04:23,953 DEBUG   : gathering statistics along x axis
DCubeTester  2026-08-04 17:04:23,954 DEBUG   : gathering statistics along y axis
DCubeTester  2026-08-04 17:04:23,954 DEBUG   : *** MeanY Test *** refMean=15.678 and monMean=15.678
DCubeTester  2026-08-04 17:04:23,954 INFO    : *** Mean Test *** p-value=0.000 status=OK
DCubePlotter 2026-08-04 17:04:23,954 DEBUG   : plot called for object of name offl_nPixelDeadSensors_vs_offl_phi
DCubePlotter 2026-08-04 17:04:23,955 DEBUG   : plotting offl_nPixelDeadSensors_vs_offl_phi of type TProfile
DCubePlotter 2026-08-04 17:04:24,025 DEBUG   : plot 'dcube_idtpm_lrt/plots/p1r_8a934255-bd2e-4305-915d-ca18cae81b32.png' has been created
DCubePlotter 2026-08-04 17:04:24,084 DEBUG   : plot 'dcube_idtpm_lrt/plots/p1d_6ede3c15-001c-4bfc-9fbe-1cb19494a6bd.png' has been created
DCubeApp     2026-08-04 17:04:24,084 DEBUG   : child tagName hist1D
DCubeApp     2026-08-04 17:04:24,084 INFO    : test hist1D '/InDetTrackPerfMonPlots/TrkAnaOffl/Offline/Tracks/HitsOnTracks/offl_nSCTDeadSensors_vs_offl_phi' [meany]
DCubeTester  2026-08-04 17:04:24,086 DEBUG   : gathering statistics along x axis
DCubeTester  2026-08-04 17:04:24,086 DEBUG   : gathering statistics along y axis
DCubeTester  2026-08-04 17:04:24,087 DEBUG   : *** MeanY Test *** refMean=10.364 and monMean=10.364
DCubeTester  2026-08-04 17:04:24,087 INFO    : *** Mean Test *** p-value=0.000 status=OK
DCubePlotter 2026-08-04 17:04:24,087 DEBUG   : plot called for object of name offl_nSCTDeadSensors_vs_offl_phi
DCubePlotter 2026-08-04 17:04:24,087 DEBUG   : plotting offl_nSCTDeadSensors_vs_offl_phi of type TProfile
DCubePlotter 2026-08-04 17:04:24,138 DEBUG   : plot 'dcube_idtpm_lrt/plots/p1r_09984f89-41a0-43e0-8d79-013622b49085.png' has been created
DCubePlotter 2026-08-04 17:04:24,178 DEBUG   : plot 'dcube_idtpm_lrt/plots/p1d_1fac9b1d-0a31-4ff2-a952-5158636638b2.png' has been created
DCubeApp     2026-08-04 17:04:24,179 DEBUG   : TDirectory /InDetTrackPerfMonPlots/TrkAnaOffl/Offline/Tracks/HitsOnTracks status OK
DCubeApp     2026-08-04 17:04:24,179 DEBUG   : child tagName TDirectory
DCubeApp     2026-08-04 17:04:24,179 DEBUG   : now testing objects in path = /InDetTrackPerfMonPlots/TrkAnaOffl/Offline/Tracks/Multiplicities
DCubeApp     2026-08-04 17:04:24,179 DEBUG   : child tagName hist1D
DCubeApp     2026-08-04 17:04:24,179 INFO    : test hist1D '/InDetTrackPerfMonPlots/TrkAnaOffl/Offline/Tracks/Multiplicities/num_offl_all' [KSnorm]
DCubeTester  2026-08-04 17:04:24,202 DEBUG   : gathering statistics along x axis
DCubeTester  2026-08-04 17:04:24,203 DEBUG   : *** Kolmogorov-Smirnoff *** all non-empty bins=86 all equal non-empty bins=86
DCubeTester  2026-08-04 17:04:24,203 DEBUG   : *** Kolmogorov-Smirnoff *** both '/InDetTrackPerfMonPlots/TrkAnaOffl/Offline/Tracks/Multiplicities/num_offl_all' histograms are equal!
DCubeTester  2026-08-04 17:04:24,203 INFO    : *** Kolmogorov-Smirnoff *** (N) p-value=1.000 status=OK
DCubePlotter 2026-08-04 17:04:24,204 DEBUG   : plot called for object of name num_offl_all
DCubePlotter 2026-08-04 17:04:24,204 DEBUG   : plotting num_offl_all of type TH1D
DCubePlotter 2026-08-04 17:04:24,244 DEBUG   : plot 'dcube_idtpm_lrt/plots/h1r_78c60436-ee98-4cab-ae76-6ba22908e079.png' has been created
DCubePlotter 2026-08-04 17:04:24,273 DEBUG   : plot 'dcube_idtpm_lrt/plots/h1d_b60efbc2-4501-4682-9287-3362b09e0a1f.png' has been created
DCubeApp     2026-08-04 17:04:24,273 DEBUG   : child tagName hist1D
DCubeApp     2026-08-04 17:04:24,274 INFO    : test hist1D '/InDetTrackPerfMonPlots/TrkAnaOffl/Offline/Tracks/Multiplicities/num_offl_selected' [KSnorm]
DCubeTester  2026-08-04 17:04:24,275 DEBUG   : gathering statistics along x axis
DCubeTester  2026-08-04 17:04:24,276 DEBUG   : *** Kolmogorov-Smirnoff *** all non-empty bins=86 all equal non-empty bins=86
DCubeTester  2026-08-04 17:04:24,276 DEBUG   : *** Kolmogorov-Smirnoff *** both '/InDetTrackPerfMonPlots/TrkAnaOffl/Offline/Tracks/Multiplicities/num_offl_selected' histograms are equal!
DCubeTester  2026-08-04 17:04:24,276 INFO    : *** Kolmogorov-Smirnoff *** (N) p-value=1.000 status=OK
DCubePlotter 2026-08-04 17:04:24,276 DEBUG   : plot called for object of name num_offl_selected
DCubePlotter 2026-08-04 17:04:24,276 DEBUG   : plotting num_offl_selected of type TH1D
DCubePlotter 2026-08-04 17:04:24,308 DEBUG   : plot 'dcube_idtpm_lrt/plots/h1r_8505deb5-58f7-4616-bc5b-cf9876bf217f.png' has been created
DCubePlotter 2026-08-04 17:04:24,337 DEBUG   : plot 'dcube_idtpm_lrt/plots/h1d_a9b51e54-898a-4110-b4c5-efca86be3988.png' has been created
DCubeApp     2026-08-04 17:04:24,337 DEBUG   : child tagName hist1D
DCubeApp     2026-08-04 17:04:24,338 INFO    : test hist1D '/InDetTrackPerfMonPlots/TrkAnaOffl/Offline/Tracks/Multiplicities/num_truth_all' [KSnorm]
DCubeTester  2026-08-04 17:04:24,341 DEBUG   : gathering statistics along x axis
DCubeTester  2026-08-04 17:04:24,342 DEBUG   : *** Kolmogorov-Smirnoff *** all non-empty bins=144 all equal non-empty bins=144
DCubeTester  2026-08-04 17:04:24,342 DEBUG   : *** Kolmogorov-Smirnoff *** both '/InDetTrackPerfMonPlots/TrkAnaOffl/Offline/Tracks/Multiplicities/num_truth_all' histograms are equal!
DCubeTester  2026-08-04 17:04:24,342 INFO    : *** Kolmogorov-Smirnoff *** (N) p-value=1.000 status=OK
DCubePlotter 2026-08-04 17:04:24,343 DEBUG   : plot called for object of name num_truth_all
DCubePlotter 2026-08-04 17:04:24,343 DEBUG   : plotting num_truth_all of type TH1D
DCubePlotter 2026-08-04 17:04:24,389 DEBUG   : plot 'dcube_idtpm_lrt/plots/h1r_e3412b1e-918b-489e-88e2-f2620df2acc8.png' has been created
DCubePlotter 2026-08-04 17:04:24,421 DEBUG   : plot 'dcube_idtpm_lrt/plots/h1d_a6dcd4f7-c05b-4179-91b5-1264a015ec1d.png' has been created
DCubeApp     2026-08-04 17:04:24,421 DEBUG   : TDirectory /InDetTrackPerfMonPlots/TrkAnaOffl/Offline/Tracks/Multiplicities status OK
DCubeApp     2026-08-04 17:04:24,421 DEBUG   : child tagName TDirectory
DCubeApp     2026-08-04 17:04:24,421 DEBUG   : now testing objects in path = /InDetTrackPerfMonPlots/TrkAnaOffl/Offline/Tracks/Resolutions
DCubeApp     2026-08-04 17:04:24,422 DEBUG   : child tagName hist1D
DCubeApp     2026-08-04 17:04:24,422 INFO    : test hist1D '/InDetTrackPerfMonPlots/TrkAnaOffl/Offline/Tracks/Resolutions/pull_d0' [KSnorm]
DCubeTester  2026-08-04 17:04:24,429 DEBUG   : gathering statistics along x axis
DCubeTester  2026-08-04 17:04:24,430 DEBUG   : *** Kolmogorov-Smirnoff *** all non-empty bins=176 all equal non-empty bins=176
DCubeTester  2026-08-04 17:04:24,430 DEBUG   : *** Kolmogorov-Smirnoff *** both '/InDetTrackPerfMonPlots/TrkAnaOffl/Offline/Tracks/Resolutions/pull_d0' histograms are equal!
DCubeTester  2026-08-04 17:04:24,430 INFO    : *** Kolmogorov-Smirnoff *** (N) p-value=1.000 status=OK
DCubePlotter 2026-08-04 17:04:24,430 DEBUG   : plot called for object of name pull_d0
DCubePlotter 2026-08-04 17:04:24,430 DEBUG   : plotting pull_d0 of type TH1D
DCubePlotter 2026-08-04 17:04:24,491 DEBUG   : plot 'dcube_idtpm_lrt/plots/h1r_e72b65f7-010b-4d97-9c6a-0d4757008c39.png' has been created
DCubePlotter 2026-08-04 17:04:24,526 DEBUG   : plot 'dcube_idtpm_lrt/plots/h1d_f4ffc2dd-b570-4607-b331-e39dfe438cec.png' has been created
DCubeApp     2026-08-04 17:04:24,527 DEBUG   : child tagName hist1D
DCubeApp     2026-08-04 17:04:24,527 INFO    : test hist1D '/InDetTrackPerfMonPlots/TrkAnaOffl/Offline/Tracks/Resolutions/res_d0' [KSnorm]
DCubeTester  2026-08-04 17:04:24,529 DEBUG   : gathering statistics along x axis
DCubeTester  2026-08-04 17:04:24,530 DEBUG   : *** Kolmogorov-Smirnoff *** all non-empty bins=164 all equal non-empty bins=164
DCubeTester  2026-08-04 17:04:24,530 DEBUG   : *** Kolmogorov-Smirnoff *** both '/InDetTrackPerfMonPlots/TrkAnaOffl/Offline/Tracks/Resolutions/res_d0' histograms are equal!
DCubeTester  2026-08-04 17:04:24,530 INFO    : *** Kolmogorov-Smirnoff *** (N) p-value=1.000 status=OK
DCubePlotter 2026-08-04 17:04:24,530 DEBUG   : plot called for object of name res_d0
DCubePlotter 2026-08-04 17:04:24,531 DEBUG   : plotting res_d0 of type TH1D
DCubePlotter 2026-08-04 17:04:24,635 DEBUG   : plot 'dcube_idtpm_lrt/plots/h1r_21f792b3-9023-40c6-847c-1c28d7af7d3e.png' has been created
DCubePlotter 2026-08-04 17:04:24,691 DEBUG   : plot 'dcube_idtpm_lrt/plots/h1d_8ea0c1fc-5cf5-42ed-9da1-1fde4eaf8a58.png' has been created
DCubeApp     2026-08-04 17:04:24,691 DEBUG   : child tagName hist1D
DCubeApp     2026-08-04 17:04:24,691 INFO    : test hist1D '/InDetTrackPerfMonPlots/TrkAnaOffl/Offline/Tracks/Resolutions/sigma_offl_d0' [KSnorm]
DCubeTester  2026-08-04 17:04:24,693 DEBUG   : gathering statistics along x axis
DCubeTester  2026-08-04 17:04:24,694 DEBUG   : *** Kolmogorov-Smirnoff *** all non-empty bins=78 all equal non-empty bins=78
DCubeTester  2026-08-04 17:04:24,694 DEBUG   : *** Kolmogorov-Smirnoff *** both '/InDetTrackPerfMonPlots/TrkAnaOffl/Offline/Tracks/Resolutions/sigma_offl_d0' histograms are equal!
DCubeTester  2026-08-04 17:04:24,694 INFO    : *** Kolmogorov-Smirnoff *** (N) p-value=1.000 status=OK
DCubePlotter 2026-08-04 17:04:24,694 DEBUG   : plot called for object of name sigma_offl_d0
DCubePlotter 2026-08-04 17:04:24,694 DEBUG   : plotting sigma_offl_d0 of type TH1D
DCubePlotter 2026-08-04 17:04:24,729 DEBUG   : plot 'dcube_idtpm_lrt/plots/h1r_bcbf0692-a8fe-43b7-af7a-980423f5273f.png' has been created
DCubePlotter 2026-08-04 17:04:24,772 DEBUG   : plot 'dcube_idtpm_lrt/plots/h1d_15668d6f-1a40-439b-acff-50e6d9dada6d.png' has been created
DCubeApp     2026-08-04 17:04:24,773 DEBUG   : child tagName hist1D
DCubeApp     2026-08-04 17:04:24,773 INFO    : test hist1D '/InDetTrackPerfMonPlots/TrkAnaOffl/Offline/Tracks/Resolutions/resolution_d0_vs_truth_eta' [KSnorm]
DCubeTester  2026-08-04 17:04:24,775 DEBUG   : gathering statistics along x axis
DCubeTester  2026-08-04 17:04:24,776 DEBUG   : *** Kolmogorov-Smirnoff *** all non-empty bins=112 all equal non-empty bins=112
DCubeTester  2026-08-04 17:04:24,776 DEBUG   : *** Kolmogorov-Smirnoff *** both '/InDetTrackPerfMonPlots/TrkAnaOffl/Offline/Tracks/Resolutions/resolution_d0_vs_truth_eta' histograms are equal!
DCubeTester  2026-08-04 17:04:24,776 INFO    : *** Kolmogorov-Smirnoff *** (N) p-value=1.000 status=OK
DCubePlotter 2026-08-04 17:04:24,776 DEBUG   : plot called for object of name resolution_d0_vs_truth_eta
DCubePlotter 2026-08-04 17:04:24,776 DEBUG   : plotting resolution_d0_vs_truth_eta of type TH1D
DCubePlotter 2026-08-04 17:04:24,829 DEBUG   : plot 'dcube_idtpm_lrt/plots/h1r_126658a2-f220-4283-9aeb-864d74fb3646.png' has been created
DCubePlotter 2026-08-04 17:04:24,857 DEBUG   : plot 'dcube_idtpm_lrt/plots/h1d_3b543d48-d687-4ec0-8ebc-8e30ebf5e233.png' has been created
DCubeApp     2026-08-04 17:04:24,857 DEBUG   : child tagName hist1D
DCubeApp     2026-08-04 17:04:24,858 INFO    : test hist1D '/InDetTrackPerfMonPlots/TrkAnaOffl/Offline/Tracks/Resolutions/resmean_d0_vs_truth_eta' [KSnorm]
DCubeTester  2026-08-04 17:04:24,860 DEBUG   : gathering statistics along x axis
DCubeTester  2026-08-04 17:04:24,860 DEBUG   : *** Kolmogorov-Smirnoff *** all non-empty bins=114 all equal non-empty bins=114
DCubeTester  2026-08-04 17:04:24,861 DEBUG   : *** Kolmogorov-Smirnoff *** both '/InDetTrackPerfMonPlots/TrkAnaOffl/Offline/Tracks/Resolutions/resmean_d0_vs_truth_eta' histograms are equal!
DCubeTester  2026-08-04 17:04:24,861 INFO    : *** Kolmogorov-Smirnoff *** (N) p-value=1.000 status=OK
DCubePlotter 2026-08-04 17:04:24,861 DEBUG   : plot called for object of name resmean_d0_vs_truth_eta
DCubePlotter 2026-08-04 17:04:24,861 DEBUG   : plotting resmean_d0_vs_truth_eta of type TH1D
DCubePlotter 2026-08-04 17:04:24,903 DEBUG   : plot 'dcube_idtpm_lrt/plots/h1r_4c51ac5e-e3f7-4b1c-aced-9e3306493d59.png' has been created
DCubePlotter 2026-08-04 17:04:24,957 DEBUG   : plot 'dcube_idtpm_lrt/plots/h1d_fb44d06f-877a-4a7c-a158-2e3114965fd1.png' has been created
DCubeApp     2026-08-04 17:04:24,958 DEBUG   : child tagName hist1D
DCubeApp     2026-08-04 17:04:24,958 INFO    : test hist1D '/InDetTrackPerfMonPlots/TrkAnaOffl/Offline/Tracks/Resolutions/resolution_d0_vs_truth_pt' [KSnorm]
DCubeTester  2026-08-04 17:04:24,960 DEBUG   : gathering statistics along x axis
DCubeTester  2026-08-04 17:04:24,961 DEBUG   : *** Kolmogorov-Smirnoff *** all non-empty bins=72 all equal non-empty bins=72
DCubeTester  2026-08-04 17:04:24,961 DEBUG   : *** Kolmogorov-Smirnoff *** both '/InDetTrackPerfMonPlots/TrkAnaOffl/Offline/Tracks/Resolutions/resolution_d0_vs_truth_pt' histograms are equal!
DCubeTester  2026-08-04 17:04:24,961 INFO    : *** Kolmogorov-Smirnoff *** (N) p-value=1.000 status=OK
DCubePlotter 2026-08-04 17:04:24,961 DEBUG   : plot called for object of name resolution_d0_vs_truth_pt
DCubePlotter 2026-08-04 17:04:24,961 DEBUG   : additional plot options are: 'logx'
DCubePlotter 2026-08-04 17:04:24,962 DEBUG   : plotting resolution_d0_vs_truth_pt of type TH1D
DCubePlotter 2026-08-04 17:04:25,009 DEBUG   : plot 'dcube_idtpm_lrt/plots/h1r_65b133c8-1285-4d5f-8e8a-7af371ebf3f7.png' has been created
DCubePlotter 2026-08-04 17:04:25,098 DEBUG   : plot 'dcube_idtpm_lrt/plots/h1d_f5712ad8-a62c-4929-a7d1-d6fbf9b02889.png' has been created
DCubeApp     2026-08-04 17:04:25,098 DEBUG   : child tagName hist1D
DCubeApp     2026-08-04 17:04:25,098 INFO    : test hist1D '/InDetTrackPerfMonPlots/TrkAnaOffl/Offline/Tracks/Resolutions/resmean_d0_vs_truth_pt' [KSnorm]
DCubeTester  2026-08-04 17:04:25,100 DEBUG   : gathering statistics along x axis
DCubeTester  2026-08-04 17:04:25,100 DEBUG   : *** Kolmogorov-Smirnoff *** all non-empty bins=70 all equal non-empty bins=70
DCubeTester  2026-08-04 17:04:25,101 DEBUG   : *** Kolmogorov-Smirnoff *** both '/InDetTrackPerfMonPlots/TrkAnaOffl/Offline/Tracks/Resolutions/resmean_d0_vs_truth_pt' histograms are equal!
DCubeTester  2026-08-04 17:04:25,101 INFO    : *** Kolmogorov-Smirnoff *** (N) p-value=1.000 status=OK
DCubePlotter 2026-08-04 17:04:25,101 DEBUG   : plot called for object of name resmean_d0_vs_truth_pt
DCubePlotter 2026-08-04 17:04:25,101 DEBUG   : additional plot options are: 'logx'
DCubePlotter 2026-08-04 17:04:25,101 DEBUG   : plotting resmean_d0_vs_truth_pt of type TH1D
DCubePlotter 2026-08-04 17:04:25,141 DEBUG   : plot 'dcube_idtpm_lrt/plots/h1r_88a5db99-513b-4494-aca4-ede26e6112c4.png' has been created
DCubePlotter 2026-08-04 17:04:25,192 DEBUG   : plot 'dcube_idtpm_lrt/plots/h1d_88f41f13-a9fd-48c5-b79a-5131a04ab004.png' has been created
DCubeApp     2026-08-04 17:04:25,193 DEBUG   : child tagName hist1D
DCubeApp     2026-08-04 17:04:25,193 INFO    : test hist1D '/InDetTrackPerfMonPlots/TrkAnaOffl/Offline/Tracks/Resolutions/pullwidth_d0_vs_truth_eta' [KSnorm]
DCubeTester  2026-08-04 17:04:25,196 DEBUG   : gathering statistics along x axis
DCubeTester  2026-08-04 17:04:25,196 DEBUG   : *** Kolmogorov-Smirnoff *** all non-empty bins=112 all equal non-empty bins=112
DCubeTester  2026-08-04 17:04:25,197 DEBUG   : *** Kolmogorov-Smirnoff *** both '/InDetTrackPerfMonPlots/TrkAnaOffl/Offline/Tracks/Resolutions/pullwidth_d0_vs_truth_eta' histograms are equal!
DCubeTester  2026-08-04 17:04:25,197 INFO    : *** Kolmogorov-Smirnoff *** (N) p-value=1.000 status=OK
DCubePlotter 2026-08-04 17:04:25,200 DEBUG   : plot called for object of name pullwidth_d0_vs_truth_eta
DCubePlotter 2026-08-04 17:04:25,200 DEBUG   : plotting pullwidth_d0_vs_truth_eta of type TH1D
DCubePlotter 2026-08-04 17:04:25,248 DEBUG   : plot 'dcube_idtpm_lrt/plots/h1r_4d5a7b73-499f-4832-b640-529f97695964.png' has been created
DCubePlotter 2026-08-04 17:04:25,276 DEBUG   : plot 'dcube_idtpm_lrt/plots/h1d_be1b92bc-f672-4efb-84da-4bff538bde93.png' has been created
DCubeApp     2026-08-04 17:04:25,277 DEBUG   : child tagName hist1D
DCubeApp     2026-08-04 17:04:25,277 INFO    : test hist1D '/InDetTrackPerfMonPlots/TrkAnaOffl/Offline/Tracks/Resolutions/pullmean_d0_vs_truth_eta' [KSnorm]
DCubeTester  2026-08-04 17:04:25,279 DEBUG   : gathering statistics along x axis
DCubeTester  2026-08-04 17:04:25,279 DEBUG   : *** Kolmogorov-Smirnoff *** all non-empty bins=114 all equal non-empty bins=114
DCubeTester  2026-08-04 17:04:25,280 DEBUG   : *** Kolmogorov-Smirnoff *** both '/InDetTrackPerfMonPlots/TrkAnaOffl/Offline/Tracks/Resolutions/pullmean_d0_vs_truth_eta' histograms are equal!
DCubeTester  2026-08-04 17:04:25,280 INFO    : *** Kolmogorov-Smirnoff *** (N) p-value=1.000 status=OK
DCubePlotter 2026-08-04 17:04:25,280 DEBUG   : plot called for object of name pullmean_d0_vs_truth_eta
DCubePlotter 2026-08-04 17:04:25,280 DEBUG   : plotting pullmean_d0_vs_truth_eta of type TH1D
DCubePlotter 2026-08-04 17:04:25,318 DEBUG   : plot 'dcube_idtpm_lrt/plots/h1r_eb40a3a0-770a-4ae8-b3f7-cae208c4a73e.png' has been created
DCubePlotter 2026-08-04 17:04:25,346 DEBUG   : plot 'dcube_idtpm_lrt/plots/h1d_59e3aeed-b97f-48b5-ba52-91a7ae0c9ff9.png' has been created
DCubeApp     2026-08-04 17:04:25,346 DEBUG   : child tagName hist1D
DCubeApp     2026-08-04 17:04:25,346 INFO    : test hist1D '/InDetTrackPerfMonPlots/TrkAnaOffl/Offline/Tracks/Resolutions/pullwidth_d0_vs_truth_pt' [KSnorm]
DCubeTester  2026-08-04 17:04:25,349 DEBUG   : gathering statistics along x axis
DCubeTester  2026-08-04 17:04:25,349 DEBUG   : *** Kolmogorov-Smirnoff *** all non-empty bins=72 all equal non-empty bins=72
DCubeTester  2026-08-04 17:04:25,349 DEBUG   : *** Kolmogorov-Smirnoff *** both '/InDetTrackPerfMonPlots/TrkAnaOffl/Offline/Tracks/Resolutions/pullwidth_d0_vs_truth_pt' histograms are equal!
DCubeTester  2026-08-04 17:04:25,349 INFO    : *** Kolmogorov-Smirnoff *** (N) p-value=1.000 status=OK
DCubePlotter 2026-08-04 17:04:25,350 DEBUG   : plot called for object of name pullwidth_d0_vs_truth_pt
DCubePlotter 2026-08-04 17:04:25,350 DEBUG   : additional plot options are: 'logx'
DCubePlotter 2026-08-04 17:04:25,350 DEBUG   : plotting pullwidth_d0_vs_truth_pt of type TH1D
DCubePlotter 2026-08-04 17:04:25,419 DEBUG   : plot 'dcube_idtpm_lrt/plots/h1r_472a1177-ef9d-4903-80f1-a3170b33d0c3.png' has been created
DCubePlotter 2026-08-04 17:04:25,470 DEBUG   : plot 'dcube_idtpm_lrt/plots/h1d_45202dde-3e9c-44c6-b391-3954d899e52d.png' has been created
DCubeApp     2026-08-04 17:04:25,470 DEBUG   : child tagName hist1D
DCubeApp     2026-08-04 17:04:25,470 INFO    : test hist1D '/InDetTrackPerfMonPlots/TrkAnaOffl/Offline/Tracks/Resolutions/pullmean_d0_vs_truth_pt' [KSnorm]
DCubeTester  2026-08-04 17:04:25,472 DEBUG   : gathering statistics along x axis
DCubeTester  2026-08-04 17:04:25,472 DEBUG   : *** Kolmogorov-Smirnoff *** all non-empty bins=74 all equal non-empty bins=74
DCubeTester  2026-08-04 17:04:25,473 DEBUG   : *** Kolmogorov-Smirnoff *** both '/InDetTrackPerfMonPlots/TrkAnaOffl/Offline/Tracks/Resolutions/pullmean_d0_vs_truth_pt' histograms are equal!
DCubeTester  2026-08-04 17:04:25,473 INFO    : *** Kolmogorov-Smirnoff *** (N) p-value=1.000 status=OK
DCubePlotter 2026-08-04 17:04:25,473 DEBUG   : plot called for object of name pullmean_d0_vs_truth_pt
DCubePlotter 2026-08-04 17:04:25,473 DEBUG   : additional plot options are: 'logx'
DCubePlotter 2026-08-04 17:04:25,473 DEBUG   : plotting pullmean_d0_vs_truth_pt of type TH1D
DCubePlotter 2026-08-04 17:04:25,517 DEBUG   : plot 'dcube_idtpm_lrt/plots/h1r_6e69828c-952b-4bd5-9dd3-b12e84e7b4ae.png' has been created
DCubePlotter 2026-08-04 17:04:25,572 DEBUG   : plot 'dcube_idtpm_lrt/plots/h1d_a7cf535c-2d9b-44da-ae09-c8dc17d87e60.png' has been created
DCubeApp     2026-08-04 17:04:25,572 DEBUG   : child tagName hist1D
DCubeApp     2026-08-04 17:04:25,572 INFO    : test hist1D '/InDetTrackPerfMonPlots/TrkAnaOffl/Offline/Tracks/Resolutions/pull_z0' [KSnorm]
DCubeTester  2026-08-04 17:04:25,574 DEBUG   : gathering statistics along x axis
DCubeTester  2026-08-04 17:04:25,574 DEBUG   : *** Kolmogorov-Smirnoff *** all non-empty bins=154 all equal non-empty bins=154
DCubeTester  2026-08-04 17:04:25,575 DEBUG   : *** Kolmogorov-Smirnoff *** both '/InDetTrackPerfMonPlots/TrkAnaOffl/Offline/Tracks/Resolutions/pull_z0' histograms are equal!
DCubeTester  2026-08-04 17:04:25,575 INFO    : *** Kolmogorov-Smirnoff *** (N) p-value=1.000 status=OK
DCubePlotter 2026-08-04 17:04:25,575 DEBUG   : plot called for object of name pull_z0
DCubePlotter 2026-08-04 17:04:25,575 DEBUG   : plotting pull_z0 of type TH1D
DCubePlotter 2026-08-04 17:04:25,624 DEBUG   : plot 'dcube_idtpm_lrt/plots/h1r_19e41f7a-00ce-4cb4-8f30-1c1b9dabdcd9.png' has been created
DCubePlotter 2026-08-04 17:04:25,661 DEBUG   : plot 'dcube_idtpm_lrt/plots/h1d_d2bea99a-dfc8-41b3-a70a-944a12750f1e.png' has been created
DCubeApp     2026-08-04 17:04:25,661 DEBUG   : child tagName hist1D
DCubeApp     2026-08-04 17:04:25,661 INFO    : test hist1D '/InDetTrackPerfMonPlots/TrkAnaOffl/Offline/Tracks/Resolutions/res_z0' [KSnorm]
DCubeTester  2026-08-04 17:04:25,663 DEBUG   : gathering statistics along x axis
DCubeTester  2026-08-04 17:04:25,663 DEBUG   : *** Kolmogorov-Smirnoff *** all non-empty bins=170 all equal non-empty bins=170
DCubeTester  2026-08-04 17:04:25,663 DEBUG   : *** Kolmogorov-Smirnoff *** both '/InDetTrackPerfMonPlots/TrkAnaOffl/Offline/Tracks/Resolutions/res_z0' histograms are equal!
DCubeTester  2026-08-04 17:04:25,664 INFO    : *** Kolmogorov-Smirnoff *** (N) p-value=1.000 status=OK
DCubePlotter 2026-08-04 17:04:25,664 DEBUG   : plot called for object of name res_z0
DCubePlotter 2026-08-04 17:04:25,664 DEBUG   : plotting res_z0 of type TH1D
DCubePlotter 2026-08-04 17:04:25,805 DEBUG   : plot 'dcube_idtpm_lrt/plots/h1r_d5207a4f-c3da-4def-b0da-ab84b8693c53.png' has been created
DCubePlotter 2026-08-04 17:04:25,860 DEBUG   : plot 'dcube_idtpm_lrt/plots/h1d_9f852628-ddca-48d4-bdbc-970c9b6a25b3.png' has been created
DCubeApp     2026-08-04 17:04:25,861 DEBUG   : child tagName hist1D
DCubeApp     2026-08-04 17:04:25,861 INFO    : test hist1D '/InDetTrackPerfMonPlots/TrkAnaOffl/Offline/Tracks/Resolutions/sigma_offl_z0' [KSnorm]
DCubeTester  2026-08-04 17:04:25,864 DEBUG   : gathering statistics along x axis
DCubeTester  2026-08-04 17:04:25,864 DEBUG   : *** Kolmogorov-Smirnoff *** all non-empty bins=126 all equal non-empty bins=126
DCubeTester  2026-08-04 17:04:25,864 DEBUG   : *** Kolmogorov-Smirnoff *** both '/InDetTrackPerfMonPlots/TrkAnaOffl/Offline/Tracks/Resolutions/sigma_offl_z0' histograms are equal!
DCubeTester  2026-08-04 17:04:25,865 INFO    : *** Kolmogorov-Smirnoff *** (N) p-value=1.000 status=OK
DCubePlotter 2026-08-04 17:04:25,865 DEBUG   : plot called for object of name sigma_offl_z0
DCubePlotter 2026-08-04 17:04:25,866 DEBUG   : plotting sigma_offl_z0 of type TH1D
DCubePlotter 2026-08-04 17:04:25,919 DEBUG   : plot 'dcube_idtpm_lrt/plots/h1r_1886b611-665f-45a9-9508-4b4eefe45aaf.png' has been created
DCubePlotter 2026-08-04 17:04:25,971 DEBUG   : plot 'dcube_idtpm_lrt/plots/h1d_0f5b317b-d709-4dbf-a9ad-8d9466e64f96.png' has been created
DCubeApp     2026-08-04 17:04:25,972 DEBUG   : child tagName hist1D
DCubeApp     2026-08-04 17:04:25,972 INFO    : test hist1D '/InDetTrackPerfMonPlots/TrkAnaOffl/Offline/Tracks/Resolutions/resolution_z0_vs_truth_eta' [KSnorm]
DCubeTester  2026-08-04 17:04:25,975 DEBUG   : gathering statistics along x axis
DCubeTester  2026-08-04 17:04:25,975 DEBUG   : *** Kolmogorov-Smirnoff *** all non-empty bins=112 all equal non-empty bins=112
DCubeTester  2026-08-04 17:04:25,975 DEBUG   : *** Kolmogorov-Smirnoff *** both '/InDetTrackPerfMonPlots/TrkAnaOffl/Offline/Tracks/Resolutions/resolution_z0_vs_truth_eta' histograms are equal!
DCubeTester  2026-08-04 17:04:25,976 INFO    : *** Kolmogorov-Smirnoff *** (N) p-value=1.000 status=OK
DCubePlotter 2026-08-04 17:04:25,976 DEBUG   : plot called for object of name resolution_z0_vs_truth_eta
DCubePlotter 2026-08-04 17:04:25,976 DEBUG   : plotting resolution_z0_vs_truth_eta of type TH1D
DCubePlotter 2026-08-04 17:04:26,022 DEBUG   : plot 'dcube_idtpm_lrt/plots/h1r_6a3838d1-4582-4152-88c3-c3164f919aab.png' has been created
DCubePlotter 2026-08-04 17:04:26,050 DEBUG   : plot 'dcube_idtpm_lrt/plots/h1d_f026e1d1-6b2f-4f68-a5b0-7e2020a414e4.png' has been created
DCubeApp     2026-08-04 17:04:26,051 DEBUG   : child tagName hist1D
DCubeApp     2026-08-04 17:04:26,051 INFO    : test hist1D '/InDetTrackPerfMonPlots/TrkAnaOffl/Offline/Tracks/Resolutions/resmean_z0_vs_truth_eta' [KSnorm]
DCubeTester  2026-08-04 17:04:26,052 DEBUG   : gathering statistics along x axis
DCubeTester  2026-08-04 17:04:26,053 DEBUG   : *** Kolmogorov-Smirnoff *** all non-empty bins=112 all equal non-empty bins=112
DCubeTester  2026-08-04 17:04:26,053 DEBUG   : *** Kolmogorov-Smirnoff *** both '/InDetTrackPerfMonPlots/TrkAnaOffl/Offline/Tracks/Resolutions/resmean_z0_vs_truth_eta' histograms are equal!
DCubeTester  2026-08-04 17:04:26,053 INFO    : *** Kolmogorov-Smirnoff *** (N) p-value=1.000 status=OK
DCubePlotter 2026-08-04 17:04:26,053 DEBUG   : plot called for object of name resmean_z0_vs_truth_eta
DCubePlotter 2026-08-04 17:04:26,054 DEBUG   : plotting resmean_z0_vs_truth_eta of type TH1D
DCubePlotter 2026-08-04 17:04:26,092 DEBUG   : plot 'dcube_idtpm_lrt/plots/h1r_97c5f2a6-ffb0-4748-a6e8-1a0b7c1f974a.png' has been created
DCubePlotter 2026-08-04 17:04:26,120 DEBUG   : plot 'dcube_idtpm_lrt/plots/h1d_006763ed-a94c-4598-853c-e0fa24f72181.png' has been created
DCubeApp     2026-08-04 17:04:26,121 DEBUG   : child tagName hist1D
DCubeApp     2026-08-04 17:04:26,121 INFO    : test hist1D '/InDetTrackPerfMonPlots/TrkAnaOffl/Offline/Tracks/Resolutions/resolution_z0_vs_truth_pt' [KSnorm]
DCubeTester  2026-08-04 17:04:26,123 DEBUG   : gathering statistics along x axis
DCubeTester  2026-08-04 17:04:26,123 DEBUG   : *** Kolmogorov-Smirnoff *** all non-empty bins=72 all equal non-empty bins=72
DCubeTester  2026-08-04 17:04:26,124 DEBUG   : *** Kolmogorov-Smirnoff *** both '/InDetTrackPerfMonPlots/TrkAnaOffl/Offline/Tracks/Resolutions/resolution_z0_vs_truth_pt' histograms are equal!
DCubeTester  2026-08-04 17:04:26,124 INFO    : *** Kolmogorov-Smirnoff *** (N) p-value=1.000 status=OK
DCubePlotter 2026-08-04 17:04:26,124 DEBUG   : plot called for object of name resolution_z0_vs_truth_pt
DCubePlotter 2026-08-04 17:04:26,124 DEBUG   : additional plot options are: 'logx'
DCubePlotter 2026-08-04 17:04:26,124 DEBUG   : plotting resolution_z0_vs_truth_pt of type TH1D
DCubePlotter 2026-08-04 17:04:26,172 DEBUG   : plot 'dcube_idtpm_lrt/plots/h1r_f79e2667-2f1d-440d-a6e4-7ff35dfbf343.png' has been created
DCubePlotter 2026-08-04 17:04:26,218 DEBUG   : plot 'dcube_idtpm_lrt/plots/h1d_bd6f6071-039a-41ff-89a1-bad962f8e546.png' has been created
DCubeApp     2026-08-04 17:04:26,219 DEBUG   : child tagName hist1D
DCubeApp     2026-08-04 17:04:26,219 INFO    : test hist1D '/InDetTrackPerfMonPlots/TrkAnaOffl/Offline/Tracks/Resolutions/resmean_z0_vs_truth_pt' [KSnorm]
DCubeTester  2026-08-04 17:04:26,228 DEBUG   : gathering statistics along x axis
DCubeTester  2026-08-04 17:04:26,229 DEBUG   : *** Kolmogorov-Smirnoff *** all non-empty bins=74 all equal non-empty bins=74
DCubeTester  2026-08-04 17:04:26,229 DEBUG   : *** Kolmogorov-Smirnoff *** both '/InDetTrackPerfMonPlots/TrkAnaOffl/Offline/Tracks/Resolutions/resmean_z0_vs_truth_pt' histograms are equal!
DCubeTester  2026-08-04 17:04:26,229 INFO    : *** Kolmogorov-Smirnoff *** (N) p-value=1.000 status=OK
DCubePlotter 2026-08-04 17:04:26,229 DEBUG   : plot called for object of name resmean_z0_vs_truth_pt
DCubePlotter 2026-08-04 17:04:26,230 DEBUG   : additional plot options are: 'logx'
DCubePlotter 2026-08-04 17:04:26,230 DEBUG   : plotting resmean_z0_vs_truth_pt of type TH1D
DCubePlotter 2026-08-04 17:04:26,279 DEBUG   : plot 'dcube_idtpm_lrt/plots/h1r_7de96caa-4a95-42e7-ae30-f9434b1b9f8c.png' has been created
DCubePlotter 2026-08-04 17:04:26,340 DEBUG   : plot 'dcube_idtpm_lrt/plots/h1d_138f80f8-cc46-4b2c-9f2a-fec657da0bd9.png' has been created
DCubeApp     2026-08-04 17:04:26,341 DEBUG   : child tagName hist1D
DCubeApp     2026-08-04 17:04:26,341 INFO    : test hist1D '/InDetTrackPerfMonPlots/TrkAnaOffl/Offline/Tracks/Resolutions/pullwidth_z0_vs_truth_eta' [KSnorm]
DCubeTester  2026-08-04 17:04:26,354 DEBUG   : gathering statistics along x axis
DCubeTester  2026-08-04 17:04:26,355 DEBUG   : *** Kolmogorov-Smirnoff *** all non-empty bins=112 all equal non-empty bins=112
DCubeTester  2026-08-04 17:04:26,355 DEBUG   : *** Kolmogorov-Smirnoff *** both '/InDetTrackPerfMonPlots/TrkAnaOffl/Offline/Tracks/Resolutions/pullwidth_z0_vs_truth_eta' histograms are equal!
DCubeTester  2026-08-04 17:04:26,355 INFO    : *** Kolmogorov-Smirnoff *** (N) p-value=1.000 status=OK
DCubePlotter 2026-08-04 17:04:26,355 DEBUG   : plot called for object of name pullwidth_z0_vs_truth_eta
DCubePlotter 2026-08-04 17:04:26,356 DEBUG   : plotting pullwidth_z0_vs_truth_eta of type TH1D
DCubePlotter 2026-08-04 17:04:26,418 DEBUG   : plot 'dcube_idtpm_lrt/plots/h1r_c26efa4f-e012-447e-90bc-e7d35e01447e.png' has been created
DCubePlotter 2026-08-04 17:04:26,444 DEBUG   : plot 'dcube_idtpm_lrt/plots/h1d_0bc44b62-8255-4d2d-abaa-4c2cc810f6cc.png' has been created
DCubeApp     2026-08-04 17:04:26,444 DEBUG   : child tagName hist1D
DCubeApp     2026-08-04 17:04:26,445 INFO    : test hist1D '/InDetTrackPerfMonPlots/TrkAnaOffl/Offline/Tracks/Resolutions/pullmean_z0_vs_truth_eta' [KSnorm]
DCubeTester  2026-08-04 17:04:26,447 DEBUG   : gathering statistics along x axis
DCubeTester  2026-08-04 17:04:26,447 DEBUG   : *** Kolmogorov-Smirnoff *** all non-empty bins=112 all equal non-empty bins=112
DCubeTester  2026-08-04 17:04:26,447 DEBUG   : *** Kolmogorov-Smirnoff *** both '/InDetTrackPerfMonPlots/TrkAnaOffl/Offline/Tracks/Resolutions/pullmean_z0_vs_truth_eta' histograms are equal!
DCubeTester  2026-08-04 17:04:26,448 INFO    : *** Kolmogorov-Smirnoff *** (N) p-value=1.000 status=OK
DCubePlotter 2026-08-04 17:04:26,448 DEBUG   : plot called for object of name pullmean_z0_vs_truth_eta
DCubePlotter 2026-08-04 17:04:26,448 DEBUG   : plotting pullmean_z0_vs_truth_eta of type TH1D
DCubePlotter 2026-08-04 17:04:26,496 DEBUG   : plot 'dcube_idtpm_lrt/plots/h1r_2d52ff4c-4cd1-4e8c-8fd8-3f453bf43017.png' has been created
DCubePlotter 2026-08-04 17:04:26,561 DEBUG   : plot 'dcube_idtpm_lrt/plots/h1d_1e7fde3b-55d5-4f7c-ae16-136cdcc43b0e.png' has been created
DCubeApp     2026-08-04 17:04:26,562 DEBUG   : child tagName hist1D
DCubeApp     2026-08-04 17:04:26,562 INFO    : test hist1D '/InDetTrackPerfMonPlots/TrkAnaOffl/Offline/Tracks/Resolutions/pullwidth_z0_vs_truth_pt' [KSnorm]
DCubeTester  2026-08-04 17:04:26,564 DEBUG   : gathering statistics along x axis
DCubeTester  2026-08-04 17:04:26,568 DEBUG   : *** Kolmogorov-Smirnoff *** all non-empty bins=72 all equal non-empty bins=72
DCubeTester  2026-08-04 17:04:26,568 DEBUG   : *** Kolmogorov-Smirnoff *** both '/InDetTrackPerfMonPlots/TrkAnaOffl/Offline/Tracks/Resolutions/pullwidth_z0_vs_truth_pt' histograms are equal!
DCubeTester  2026-08-04 17:04:26,568 INFO    : *** Kolmogorov-Smirnoff *** (N) p-value=1.000 status=OK
DCubePlotter 2026-08-04 17:04:26,569 DEBUG   : plot called for object of name pullwidth_z0_vs_truth_pt
DCubePlotter 2026-08-04 17:04:26,569 DEBUG   : additional plot options are: 'logx'
DCubePlotter 2026-08-04 17:04:26,569 DEBUG   : plotting pullwidth_z0_vs_truth_pt of type TH1D
DCubePlotter 2026-08-04 17:04:26,613 DEBUG   : plot 'dcube_idtpm_lrt/plots/h1r_bee3217f-3765-4728-9f08-152106f2b93d.png' has been created
DCubePlotter 2026-08-04 17:04:26,665 DEBUG   : plot 'dcube_idtpm_lrt/plots/h1d_c53606c9-295a-4ace-9bd5-9f16aa15b516.png' has been created
DCubeApp     2026-08-04 17:04:26,666 DEBUG   : child tagName hist1D
DCubeApp     2026-08-04 17:04:26,666 INFO    : test hist1D '/InDetTrackPerfMonPlots/TrkAnaOffl/Offline/Tracks/Resolutions/pullmean_z0_vs_truth_pt' [KSnorm]
DCubeTester  2026-08-04 17:04:26,669 DEBUG   : gathering statistics along x axis
DCubeTester  2026-08-04 17:04:26,670 DEBUG   : *** Kolmogorov-Smirnoff *** all non-empty bins=74 all equal non-empty bins=74
DCubeTester  2026-08-04 17:04:26,670 DEBUG   : *** Kolmogorov-Smirnoff *** both '/InDetTrackPerfMonPlots/TrkAnaOffl/Offline/Tracks/Resolutions/pullmean_z0_vs_truth_pt' histograms are equal!
DCubeTester  2026-08-04 17:04:26,670 INFO    : *** Kolmogorov-Smirnoff *** (N) p-value=1.000 status=OK
DCubePlotter 2026-08-04 17:04:26,670 DEBUG   : plot called for object of name pullmean_z0_vs_truth_pt
DCubePlotter 2026-08-04 17:04:26,671 DEBUG   : additional plot options are: 'logx'
DCubePlotter 2026-08-04 17:04:26,671 DEBUG   : plotting pullmean_z0_vs_truth_pt of type TH1D
DCubePlotter 2026-08-04 17:04:26,711 DEBUG   : plot 'dcube_idtpm_lrt/plots/h1r_a595836e-cd3e-4e83-880e-275a4fa1f516.png' has been created
DCubePlotter 2026-08-04 17:04:26,758 DEBUG   : plot 'dcube_idtpm_lrt/plots/h1d_e5517aee-6dd2-4ce9-92f8-75d36a6691f7.png' has been created
DCubeApp     2026-08-04 17:04:26,758 DEBUG   : child tagName hist1D
DCubeApp     2026-08-04 17:04:26,758 INFO    : test hist1D '/InDetTrackPerfMonPlots/TrkAnaOffl/Offline/Tracks/Resolutions/pull_qoverp' [KSnorm]
DCubeTester  2026-08-04 17:04:26,760 DEBUG   : gathering statistics along x axis
DCubeTester  2026-08-04 17:04:26,761 DEBUG   : *** Kolmogorov-Smirnoff *** all non-empty bins=176 all equal non-empty bins=176
DCubeTester  2026-08-04 17:04:26,761 DEBUG   : *** Kolmogorov-Smirnoff *** both '/InDetTrackPerfMonPlots/TrkAnaOffl/Offline/Tracks/Resolutions/pull_qoverp' histograms are equal!
DCubeTester  2026-08-04 17:04:26,761 INFO    : *** Kolmogorov-Smirnoff *** (N) p-value=1.000 status=OK
DCubePlotter 2026-08-04 17:04:26,761 DEBUG   : plot called for object of name pull_qoverp
DCubePlotter 2026-08-04 17:04:26,762 DEBUG   : plotting pull_qoverp of type TH1D
DCubePlotter 2026-08-04 17:04:26,812 DEBUG   : plot 'dcube_idtpm_lrt/plots/h1r_26b18d21-19f0-4915-b46e-814af3146bf8.png' has been created
DCubePlotter 2026-08-04 17:04:26,850 DEBUG   : plot 'dcube_idtpm_lrt/plots/h1d_4408e854-0f01-46b3-bfc7-a1833b54369a.png' has been created
DCubeApp     2026-08-04 17:04:26,850 DEBUG   : child tagName hist1D
DCubeApp     2026-08-04 17:04:26,850 INFO    : test hist1D '/InDetTrackPerfMonPlots/TrkAnaOffl/Offline/Tracks/Resolutions/res_qoverp' [KSnorm]
DCubeTester  2026-08-04 17:04:26,857 DEBUG   : gathering statistics along x axis
DCubeTester  2026-08-04 17:04:26,858 DEBUG   : *** Kolmogorov-Smirnoff *** all non-empty bins=96 all equal non-empty bins=96
DCubeTester  2026-08-04 17:04:26,859 DEBUG   : *** Kolmogorov-Smirnoff *** both '/InDetTrackPerfMonPlots/TrkAnaOffl/Offline/Tracks/Resolutions/res_qoverp' histograms are equal!
DCubeTester  2026-08-04 17:04:26,859 INFO    : *** Kolmogorov-Smirnoff *** (N) p-value=1.000 status=OK
DCubePlotter 2026-08-04 17:04:26,860 DEBUG   : plot called for object of name res_qoverp
DCubePlotter 2026-08-04 17:04:26,860 DEBUG   : plotting res_qoverp of type TH1D
DCubePlotter 2026-08-04 17:04:26,915 DEBUG   : plot 'dcube_idtpm_lrt/plots/h1r_3747e759-c8d6-40c6-a25c-ccb1ced9d9bc.png' has been created
DCubePlotter 2026-08-04 17:04:26,954 DEBUG   : plot 'dcube_idtpm_lrt/plots/h1d_de72f98c-2343-4999-a8fb-c9f52fcd4913.png' has been created
DCubeApp     2026-08-04 17:04:26,954 DEBUG   : child tagName hist1D
DCubeApp     2026-08-04 17:04:26,955 INFO    : test hist1D '/InDetTrackPerfMonPlots/TrkAnaOffl/Offline/Tracks/Resolutions/sigma_offl_qoverp' [KSnorm]
DCubeTester  2026-08-04 17:04:26,956 DEBUG   : gathering statistics along x axis
DCubeTester  2026-08-04 17:04:26,957 DEBUG   : *** Kolmogorov-Smirnoff *** all non-empty bins=26 all equal non-empty bins=26
DCubeTester  2026-08-04 17:04:26,957 DEBUG   : *** Kolmogorov-Smirnoff *** both '/InDetTrackPerfMonPlots/TrkAnaOffl/Offline/Tracks/Resolutions/sigma_offl_qoverp' histograms are equal!
DCubeTester  2026-08-04 17:04:26,957 INFO    : *** Kolmogorov-Smirnoff *** (N) p-value=1.000 status=OK
DCubePlotter 2026-08-04 17:04:26,957 DEBUG   : plot called for object of name sigma_offl_qoverp
DCubePlotter 2026-08-04 17:04:26,957 DEBUG   : plotting sigma_offl_qoverp of type TH1D
DCubePlotter 2026-08-04 17:04:26,982 DEBUG   : plot 'dcube_idtpm_lrt/plots/h1r_9c3c1fe5-c876-4c7d-9874-e14517bd862e.png' has been created
DCubePlotter 2026-08-04 17:04:27,003 DEBUG   : plot 'dcube_idtpm_lrt/plots/h1d_1923cead-d7f2-4198-9cad-7d3dca109e5e.png' has been created
DCubeApp     2026-08-04 17:04:27,004 DEBUG   : child tagName hist1D
DCubeApp     2026-08-04 17:04:27,004 INFO    : test hist1D '/InDetTrackPerfMonPlots/TrkAnaOffl/Offline/Tracks/Resolutions/resolution_qoverp_vs_truth_eta' [KSnorm]
DCubeTester  2026-08-04 17:04:27,005 DEBUG   : gathering statistics along x axis
DCubeTester  2026-08-04 17:04:27,006 DEBUG   : *** Kolmogorov-Smirnoff *** all non-empty bins=112 all equal non-empty bins=112
DCubeTester  2026-08-04 17:04:27,006 DEBUG   : *** Kolmogorov-Smirnoff *** both '/InDetTrackPerfMonPlots/TrkAnaOffl/Offline/Tracks/Resolutions/resolution_qoverp_vs_truth_eta' histograms are equal!
DCubeTester  2026-08-04 17:04:27,006 INFO    : *** Kolmogorov-Smirnoff *** (N) p-value=1.000 status=OK
DCubePlotter 2026-08-04 17:04:27,006 DEBUG   : plot called for object of name resolution_qoverp_vs_truth_eta
DCubePlotter 2026-08-04 17:04:27,006 DEBUG   : plotting resolution_qoverp_vs_truth_eta of type TH1D
DCubePlotter 2026-08-04 17:04:27,045 DEBUG   : plot 'dcube_idtpm_lrt/plots/h1r_65976796-b852-458a-9852-eaae944815d0.png' has been created
DCubePlotter 2026-08-04 17:04:27,084 DEBUG   : plot 'dcube_idtpm_lrt/plots/h1d_107fb5ef-6bd2-4a27-bb36-04072a48a87e.png' has been created
DCubeApp     2026-08-04 17:04:27,084 DEBUG   : child tagName hist1D
DCubeApp     2026-08-04 17:04:27,085 INFO    : test hist1D '/InDetTrackPerfMonPlots/TrkAnaOffl/Offline/Tracks/Resolutions/resmean_qoverp_vs_truth_eta' [KSnorm]
DCubeTester  2026-08-04 17:04:27,086 DEBUG   : gathering statistics along x axis
DCubeTester  2026-08-04 17:04:27,086 DEBUG   : *** Kolmogorov-Smirnoff *** all non-empty bins=114 all equal non-empty bins=114
DCubeTester  2026-08-04 17:04:27,086 DEBUG   : *** Kolmogorov-Smirnoff *** both '/InDetTrackPerfMonPlots/TrkAnaOffl/Offline/Tracks/Resolutions/resmean_qoverp_vs_truth_eta' histograms are equal!
DCubeTester  2026-08-04 17:04:27,087 INFO    : *** Kolmogorov-Smirnoff *** (N) p-value=1.000 status=OK
DCubePlotter 2026-08-04 17:04:27,087 DEBUG   : plot called for object of name resmean_qoverp_vs_truth_eta
DCubePlotter 2026-08-04 17:04:27,087 DEBUG   : plotting resmean_qoverp_vs_truth_eta of type TH1D
DCubePlotter 2026-08-04 17:04:27,162 DEBUG   : plot 'dcube_idtpm_lrt/plots/h1r_f5948b4c-75a0-4902-abaa-1e82f3d9c1b7.png' has been created
DCubePlotter 2026-08-04 17:04:27,208 DEBUG   : plot 'dcube_idtpm_lrt/plots/h1d_191b0f09-d27b-489b-9171-52b393cb11f5.png' has been created
DCubeApp     2026-08-04 17:04:27,209 DEBUG   : child tagName hist1D
DCubeApp     2026-08-04 17:04:27,209 INFO    : test hist1D '/InDetTrackPerfMonPlots/TrkAnaOffl/Offline/Tracks/Resolutions/resolution_qoverp_vs_truth_pt' [KSnorm]
DCubeTester  2026-08-04 17:04:27,211 DEBUG   : gathering statistics along x axis
DCubeTester  2026-08-04 17:04:27,211 DEBUG   : *** Kolmogorov-Smirnoff *** all non-empty bins=70 all equal non-empty bins=70
DCubeTester  2026-08-04 17:04:27,211 DEBUG   : *** Kolmogorov-Smirnoff *** both '/InDetTrackPerfMonPlots/TrkAnaOffl/Offline/Tracks/Resolutions/resolution_qoverp_vs_truth_pt' histograms are equal!
DCubeTester  2026-08-04 17:04:27,212 INFO    : *** Kolmogorov-Smirnoff *** (N) p-value=1.000 status=OK
DCubePlotter 2026-08-04 17:04:27,212 DEBUG   : plot called for object of name resolution_qoverp_vs_truth_pt
DCubePlotter 2026-08-04 17:04:27,212 DEBUG   : additional plot options are: 'logx'
DCubePlotter 2026-08-04 17:04:27,212 DEBUG   : plotting resolution_qoverp_vs_truth_pt of type TH1D
DCubePlotter 2026-08-04 17:04:27,320 DEBUG   : plot 'dcube_idtpm_lrt/plots/h1r_479519c5-17be-4841-a057-24d72bef7e4e.png' has been created
DCubePlotter 2026-08-04 17:04:27,367 DEBUG   : plot 'dcube_idtpm_lrt/plots/h1d_682fe13b-77f5-4cd1-97d5-07b5b481f053.png' has been created
DCubeApp     2026-08-04 17:04:27,367 DEBUG   : child tagName hist1D
DCubeApp     2026-08-04 17:04:27,368 INFO    : test hist1D '/InDetTrackPerfMonPlots/TrkAnaOffl/Offline/Tracks/Resolutions/resmean_qoverp_vs_truth_pt' [KSnorm]
DCubeTester  2026-08-04 17:04:27,369 DEBUG   : gathering statistics along x axis
DCubeTester  2026-08-04 17:04:27,370 DEBUG   : *** Kolmogorov-Smirnoff *** all non-empty bins=74 all equal non-empty bins=74
DCubeTester  2026-08-04 17:04:27,370 DEBUG   : *** Kolmogorov-Smirnoff *** both '/InDetTrackPerfMonPlots/TrkAnaOffl/Offline/Tracks/Resolutions/resmean_qoverp_vs_truth_pt' histograms are equal!
DCubeTester  2026-08-04 17:04:27,370 INFO    : *** Kolmogorov-Smirnoff *** (N) p-value=1.000 status=OK
DCubePlotter 2026-08-04 17:04:27,370 DEBUG   : plot called for object of name resmean_qoverp_vs_truth_pt
DCubePlotter 2026-08-04 17:04:27,370 DEBUG   : additional plot options are: 'logx'
DCubePlotter 2026-08-04 17:04:27,371 DEBUG   : plotting resmean_qoverp_vs_truth_pt of type TH1D
DCubePlotter 2026-08-04 17:04:27,474 DEBUG   : plot 'dcube_idtpm_lrt/plots/h1r_b8119ac9-a8d9-49b0-babe-03926ee7bfb8.png' has been created
DCubePlotter 2026-08-04 17:04:27,515 DEBUG   : plot 'dcube_idtpm_lrt/plots/h1d_2af5cd81-16c6-45aa-8dc7-37db5c0eb011.png' has been created
DCubeApp     2026-08-04 17:04:27,515 DEBUG   : child tagName hist1D
DCubeApp     2026-08-04 17:04:27,516 INFO    : test hist1D '/InDetTrackPerfMonPlots/TrkAnaOffl/Offline/Tracks/Resolutions/pullwidth_qoverp_vs_truth_eta' [KSnorm]
DCubeTester  2026-08-04 17:04:27,520 DEBUG   : gathering statistics along x axis
DCubeTester  2026-08-04 17:04:27,520 DEBUG   : *** Kolmogorov-Smirnoff *** all non-empty bins=112 all equal non-empty bins=112
DCubeTester  2026-08-04 17:04:27,520 DEBUG   : *** Kolmogorov-Smirnoff *** both '/InDetTrackPerfMonPlots/TrkAnaOffl/Offline/Tracks/Resolutions/pullwidth_qoverp_vs_truth_eta' histograms are equal!
DCubeTester  2026-08-04 17:04:27,520 INFO    : *** Kolmogorov-Smirnoff *** (N) p-value=1.000 status=OK
DCubePlotter 2026-08-04 17:04:27,521 DEBUG   : plot called for object of name pullwidth_qoverp_vs_truth_eta
DCubePlotter 2026-08-04 17:04:27,521 DEBUG   : plotting pullwidth_qoverp_vs_truth_eta of type TH1D
DCubePlotter 2026-08-04 17:04:27,561 DEBUG   : plot 'dcube_idtpm_lrt/plots/h1r_7b6afcde-0665-4f38-b1ad-25787afb4fdb.png' has been created
DCubePlotter 2026-08-04 17:04:27,594 DEBUG   : plot 'dcube_idtpm_lrt/plots/h1d_c0464503-24d8-449e-86f7-834a7ff4d960.png' has been created
DCubeApp     2026-08-04 17:04:27,594 DEBUG   : child tagName hist1D
DCubeApp     2026-08-04 17:04:27,595 INFO    : test hist1D '/InDetTrackPerfMonPlots/TrkAnaOffl/Offline/Tracks/Resolutions/pullmean_qoverp_vs_truth_eta' [KSnorm]
DCubeTester  2026-08-04 17:04:27,596 DEBUG   : gathering statistics along x axis
DCubeTester  2026-08-04 17:04:27,601 DEBUG   : *** Kolmogorov-Smirnoff *** all non-empty bins=114 all equal non-empty bins=114
DCubeTester  2026-08-04 17:04:27,601 DEBUG   : *** Kolmogorov-Smirnoff *** both '/InDetTrackPerfMonPlots/TrkAnaOffl/Offline/Tracks/Resolutions/pullmean_qoverp_vs_truth_eta' histograms are equal!
DCubeTester  2026-08-04 17:04:27,601 INFO    : *** Kolmogorov-Smirnoff *** (N) p-value=1.000 status=OK
DCubePlotter 2026-08-04 17:04:27,601 DEBUG   : plot called for object of name pullmean_qoverp_vs_truth_eta
DCubePlotter 2026-08-04 17:04:27,601 DEBUG   : plotting pullmean_qoverp_vs_truth_eta of type TH1D
DCubePlotter 2026-08-04 17:04:27,665 DEBUG   : plot 'dcube_idtpm_lrt/plots/h1r_cc0ddcbd-14f4-4279-bede-9d33b18bfd20.png' has been created
DCubePlotter 2026-08-04 17:04:27,703 DEBUG   : plot 'dcube_idtpm_lrt/plots/h1d_efd8c5c8-79f2-44c3-ad02-b455e21a20af.png' has been created
DCubeApp     2026-08-04 17:04:27,703 DEBUG   : child tagName hist1D
DCubeApp     2026-08-04 17:04:27,703 INFO    : test hist1D '/InDetTrackPerfMonPlots/TrkAnaOffl/Offline/Tracks/Resolutions/pullwidth_qoverp_vs_truth_pt' [KSnorm]
DCubeTester  2026-08-04 17:04:27,705 DEBUG   : gathering statistics along x axis
DCubeTester  2026-08-04 17:04:27,706 DEBUG   : *** Kolmogorov-Smirnoff *** all non-empty bins=72 all equal non-empty bins=72
DCubeTester  2026-08-04 17:04:27,706 DEBUG   : *** Kolmogorov-Smirnoff *** both '/InDetTrackPerfMonPlots/TrkAnaOffl/Offline/Tracks/Resolutions/pullwidth_qoverp_vs_truth_pt' histograms are equal!
DCubeTester  2026-08-04 17:04:27,706 INFO    : *** Kolmogorov-Smirnoff *** (N) p-value=1.000 status=OK
DCubePlotter 2026-08-04 17:04:27,707 DEBUG   : plot called for object of name pullwidth_qoverp_vs_truth_pt
DCubePlotter 2026-08-04 17:04:27,707 DEBUG   : additional plot options are: 'logx'
DCubePlotter 2026-08-04 17:04:27,707 DEBUG   : plotting pullwidth_qoverp_vs_truth_pt of type TH1D
DCubePlotter 2026-08-04 17:04:27,781 DEBUG   : plot 'dcube_idtpm_lrt/plots/h1r_b5dc0dc6-fbca-4bf5-8645-3014984a957c.png' has been created
DCubePlotter 2026-08-04 17:04:27,835 DEBUG   : plot 'dcube_idtpm_lrt/plots/h1d_cdf66933-e713-4465-9fe0-00b2709ceeb2.png' has been created
DCubeApp     2026-08-04 17:04:27,835 DEBUG   : child tagName hist1D
DCubeApp     2026-08-04 17:04:27,836 INFO    : test hist1D '/InDetTrackPerfMonPlots/TrkAnaOffl/Offline/Tracks/Resolutions/pullmean_qoverp_vs_truth_pt' [KSnorm]
DCubeTester  2026-08-04 17:04:27,837 DEBUG   : gathering statistics along x axis
DCubeTester  2026-08-04 17:04:27,838 DEBUG   : *** Kolmogorov-Smirnoff *** all non-empty bins=74 all equal non-empty bins=74
DCubeTester  2026-08-04 17:04:27,838 DEBUG   : *** Kolmogorov-Smirnoff *** both '/InDetTrackPerfMonPlots/TrkAnaOffl/Offline/Tracks/Resolutions/pullmean_qoverp_vs_truth_pt' histograms are equal!
DCubeTester  2026-08-04 17:04:27,838 INFO    : *** Kolmogorov-Smirnoff *** (N) p-value=1.000 status=OK
DCubePlotter 2026-08-04 17:04:27,838 DEBUG   : plot called for object of name pullmean_qoverp_vs_truth_pt
DCubePlotter 2026-08-04 17:04:27,839 DEBUG   : additional plot options are: 'logx'
DCubePlotter 2026-08-04 17:04:27,839 DEBUG   : plotting pullmean_qoverp_vs_truth_pt of type TH1D
DCubePlotter 2026-08-04 17:04:27,875 DEBUG   : plot 'dcube_idtpm_lrt/plots/h1r_70d147f9-badb-4014-a4f7-dda5fc6e3a07.png' has been created
DCubePlotter 2026-08-04 17:04:27,945 DEBUG   : plot 'dcube_idtpm_lrt/plots/h1d_f82d56a7-f6f1-4461-9d6a-dcf7b6b4f39d.png' has been created
DCubeApp     2026-08-04 17:04:27,945 DEBUG   : child tagName hist1D
DCubeApp     2026-08-04 17:04:27,945 INFO    : test hist1D '/InDetTrackPerfMonPlots/TrkAnaOffl/Offline/Tracks/Resolutions/pull_ptqopt' [KSnorm]
DCubeTester  2026-08-04 17:04:27,947 DEBUG   : gathering statistics along x axis
DCubeTester  2026-08-04 17:04:27,947 DEBUG   : *** Kolmogorov-Smirnoff *** all non-empty bins=184 all equal non-empty bins=184
DCubeTester  2026-08-04 17:04:27,947 DEBUG   : *** Kolmogorov-Smirnoff *** both '/InDetTrackPerfMonPlots/TrkAnaOffl/Offline/Tracks/Resolutions/pull_ptqopt' histograms are equal!
DCubeTester  2026-08-04 17:04:27,947 INFO    : *** Kolmogorov-Smirnoff *** (N) p-value=1.000 status=OK
DCubePlotter 2026-08-04 17:04:27,948 DEBUG   : plot called for object of name pull_ptqopt
DCubePlotter 2026-08-04 17:04:27,948 DEBUG   : plotting pull_ptqopt of type TH1D
DCubePlotter 2026-08-04 17:04:27,993 DEBUG   : plot 'dcube_idtpm_lrt/plots/h1r_820da09d-7f5e-4be3-8952-6a373072e016.png' has been created
DCubePlotter 2026-08-04 17:04:28,032 DEBUG   : plot 'dcube_idtpm_lrt/plots/h1d_95efd910-d998-4ed3-989e-7a278dcfeb51.png' has been created
DCubeApp     2026-08-04 17:04:28,032 DEBUG   : child tagName hist1D
DCubeApp     2026-08-04 17:04:28,032 INFO    : test hist1D '/InDetTrackPerfMonPlots/TrkAnaOffl/Offline/Tracks/Resolutions/res_ptqopt' [KSnorm]
DCubeTester  2026-08-04 17:04:28,034 DEBUG   : gathering statistics along x axis
DCubeTester  2026-08-04 17:04:28,035 DEBUG   : *** Kolmogorov-Smirnoff *** all non-empty bins=160 all equal non-empty bins=160
DCubeTester  2026-08-04 17:04:28,035 DEBUG   : *** Kolmogorov-Smirnoff *** both '/InDetTrackPerfMonPlots/TrkAnaOffl/Offline/Tracks/Resolutions/res_ptqopt' histograms are equal!
DCubeTester  2026-08-04 17:04:28,035 INFO    : *** Kolmogorov-Smirnoff *** (N) p-value=1.000 status=OK
DCubePlotter 2026-08-04 17:04:28,035 DEBUG   : plot called for object of name res_ptqopt
DCubePlotter 2026-08-04 17:04:28,035 DEBUG   : plotting res_ptqopt of type TH1D
DCubePlotter 2026-08-04 17:04:28,097 DEBUG   : plot 'dcube_idtpm_lrt/plots/h1r_a00207a9-e786-4c77-8047-bc44cdcd9eeb.png' has been created
DCubePlotter 2026-08-04 17:04:28,152 DEBUG   : plot 'dcube_idtpm_lrt/plots/h1d_460ced8b-5298-4062-930c-93ee6f1edab7.png' has been created
DCubeApp     2026-08-04 17:04:28,152 DEBUG   : child tagName hist1D
DCubeApp     2026-08-04 17:04:28,152 INFO    : test hist1D '/InDetTrackPerfMonPlots/TrkAnaOffl/Offline/Tracks/Resolutions/sigma_offl_ptqopt' [KSnorm]
DCubeTester  2026-08-04 17:04:28,154 DEBUG   : gathering statistics along x axis
DCubeTester  2026-08-04 17:04:28,154 DEBUG   : *** Kolmogorov-Smirnoff *** all non-empty bins=74 all equal non-empty bins=74
DCubeTester  2026-08-04 17:04:28,155 DEBUG   : *** Kolmogorov-Smirnoff *** both '/InDetTrackPerfMonPlots/TrkAnaOffl/Offline/Tracks/Resolutions/sigma_offl_ptqopt' histograms are equal!
DCubeTester  2026-08-04 17:04:28,155 INFO    : *** Kolmogorov-Smirnoff *** (N) p-value=1.000 status=OK
DCubePlotter 2026-08-04 17:04:28,155 DEBUG   : plot called for object of name sigma_offl_ptqopt
DCubePlotter 2026-08-04 17:04:28,155 DEBUG   : plotting sigma_offl_ptqopt of type TH1D
DCubePlotter 2026-08-04 17:04:28,203 DEBUG   : plot 'dcube_idtpm_lrt/plots/h1r_e6a2f9c3-85b2-426f-bf14-37cbb3bb2b3e.png' has been created
DCubePlotter 2026-08-04 17:04:28,231 DEBUG   : plot 'dcube_idtpm_lrt/plots/h1d_22923cdd-df07-4c35-99ab-7a94426a56fd.png' has been created
DCubeApp     2026-08-04 17:04:28,232 DEBUG   : child tagName hist1D
DCubeApp     2026-08-04 17:04:28,232 INFO    : test hist1D '/InDetTrackPerfMonPlots/TrkAnaOffl/Offline/Tracks/Resolutions/resolution_ptqopt_vs_truth_eta' [KSnorm]
DCubeTester  2026-08-04 17:04:28,233 DEBUG   : gathering statistics along x axis
DCubeTester  2026-08-04 17:04:28,234 DEBUG   : *** Kolmogorov-Smirnoff *** all non-empty bins=112 all equal non-empty bins=112
DCubeTester  2026-08-04 17:04:28,234 DEBUG   : *** Kolmogorov-Smirnoff *** both '/InDetTrackPerfMonPlots/TrkAnaOffl/Offline/Tracks/Resolutions/resolution_ptqopt_vs_truth_eta' histograms are equal!
DCubeTester  2026-08-04 17:04:28,234 INFO    : *** Kolmogorov-Smirnoff *** (N) p-value=1.000 status=OK
DCubePlotter 2026-08-04 17:04:28,235 DEBUG   : plot called for object of name resolution_ptqopt_vs_truth_eta
DCubePlotter 2026-08-04 17:04:28,235 DEBUG   : plotting resolution_ptqopt_vs_truth_eta of type TH1D
DCubePlotter 2026-08-04 17:04:28,290 DEBUG   : plot 'dcube_idtpm_lrt/plots/h1r_48ec8fcd-458a-4099-b04c-af75678144ab.png' has been created
DCubePlotter 2026-08-04 17:04:28,345 DEBUG   : plot 'dcube_idtpm_lrt/plots/h1d_806dd024-3eee-4696-b690-80ccce7194d2.png' has been created
DCubeApp     2026-08-04 17:04:28,345 DEBUG   : child tagName hist1D
DCubeApp     2026-08-04 17:04:28,345 INFO    : test hist1D '/InDetTrackPerfMonPlots/TrkAnaOffl/Offline/Tracks/Resolutions/resmean_ptqopt_vs_truth_eta' [KSnorm]
DCubeTester  2026-08-04 17:04:28,347 DEBUG   : gathering statistics along x axis
DCubeTester  2026-08-04 17:04:28,347 DEBUG   : *** Kolmogorov-Smirnoff *** all non-empty bins=114 all equal non-empty bins=114
DCubeTester  2026-08-04 17:04:28,348 DEBUG   : *** Kolmogorov-Smirnoff *** both '/InDetTrackPerfMonPlots/TrkAnaOffl/Offline/Tracks/Resolutions/resmean_ptqopt_vs_truth_eta' histograms are equal!
DCubeTester  2026-08-04 17:04:28,348 INFO    : *** Kolmogorov-Smirnoff *** (N) p-value=1.000 status=OK
DCubePlotter 2026-08-04 17:04:28,348 DEBUG   : plot called for object of name resmean_ptqopt_vs_truth_eta
DCubePlotter 2026-08-04 17:04:28,348 DEBUG   : plotting resmean_ptqopt_vs_truth_eta of type TH1D
DCubePlotter 2026-08-04 17:04:28,427 DEBUG   : plot 'dcube_idtpm_lrt/plots/h1r_ef69bd4d-5e88-4587-a2a1-50d5cb059b13.png' has been created
DCubePlotter 2026-08-04 17:04:28,479 DEBUG   : plot 'dcube_idtpm_lrt/plots/h1d_89904e65-53d8-4e15-b916-04f620c7ad45.png' has been created
DCubeApp     2026-08-04 17:04:28,480 DEBUG   : child tagName hist1D
DCubeApp     2026-08-04 17:04:28,480 INFO    : test hist1D '/InDetTrackPerfMonPlots/TrkAnaOffl/Offline/Tracks/Resolutions/resolution_ptqopt_vs_truth_pt' [KSnorm]
DCubeTester  2026-08-04 17:04:28,481 DEBUG   : gathering statistics along x axis
DCubeTester  2026-08-04 17:04:28,482 DEBUG   : *** Kolmogorov-Smirnoff *** all non-empty bins=72 all equal non-empty bins=72
DCubeTester  2026-08-04 17:04:28,485 DEBUG   : *** Kolmogorov-Smirnoff *** both '/InDetTrackPerfMonPlots/TrkAnaOffl/Offline/Tracks/Resolutions/resolution_ptqopt_vs_truth_pt' histograms are equal!
DCubeTester  2026-08-04 17:04:28,485 INFO    : *** Kolmogorov-Smirnoff *** (N) p-value=1.000 status=OK
DCubePlotter 2026-08-04 17:04:28,485 DEBUG   : plot called for object of name resolution_ptqopt_vs_truth_pt
DCubePlotter 2026-08-04 17:04:28,485 DEBUG   : additional plot options are: 'logx'
DCubePlotter 2026-08-04 17:04:28,486 DEBUG   : plotting resolution_ptqopt_vs_truth_pt of type TH1D
DCubePlotter 2026-08-04 17:04:28,609 DEBUG   : plot 'dcube_idtpm_lrt/plots/h1r_7b218007-7041-415a-a6c5-8c37113e0ae8.png' has been created
DCubePlotter 2026-08-04 17:04:28,698 DEBUG   : plot 'dcube_idtpm_lrt/plots/h1d_a0a972f7-9f28-445c-af62-42583c0987cf.png' has been created
DCubeApp     2026-08-04 17:04:28,699 DEBUG   : child tagName hist1D
DCubeApp     2026-08-04 17:04:28,699 INFO    : test hist1D '/InDetTrackPerfMonPlots/TrkAnaOffl/Offline/Tracks/Resolutions/resmean_ptqopt_vs_truth_pt' [KSnorm]
DCubeTester  2026-08-04 17:04:28,701 DEBUG   : gathering statistics along x axis
DCubeTester  2026-08-04 17:04:28,702 DEBUG   : *** Kolmogorov-Smirnoff *** all non-empty bins=74 all equal non-empty bins=74
DCubeTester  2026-08-04 17:04:28,702 DEBUG   : *** Kolmogorov-Smirnoff *** both '/InDetTrackPerfMonPlots/TrkAnaOffl/Offline/Tracks/Resolutions/resmean_ptqopt_vs_truth_pt' histograms are equal!
DCubeTester  2026-08-04 17:04:28,702 INFO    : *** Kolmogorov-Smirnoff *** (N) p-value=1.000 status=OK
DCubePlotter 2026-08-04 17:04:28,702 DEBUG   : plot called for object of name resmean_ptqopt_vs_truth_pt
DCubePlotter 2026-08-04 17:04:28,702 DEBUG   : additional plot options are: 'logx'
DCubePlotter 2026-08-04 17:04:28,702 DEBUG   : plotting resmean_ptqopt_vs_truth_pt of type TH1D
DCubePlotter 2026-08-04 17:04:28,737 DEBUG   : plot 'dcube_idtpm_lrt/plots/h1r_6051d24a-f9d2-4c94-ba03-fe5d479ba0d8.png' has been created
DCubePlotter 2026-08-04 17:04:28,794 DEBUG   : plot 'dcube_idtpm_lrt/plots/h1d_c70a732f-11c2-4709-b342-2e43d7079e60.png' has been created
DCubeApp     2026-08-04 17:04:28,795 DEBUG   : child tagName hist1D
DCubeApp     2026-08-04 17:04:28,795 INFO    : test hist1D '/InDetTrackPerfMonPlots/TrkAnaOffl/Offline/Tracks/Resolutions/pullwidth_ptqopt_vs_truth_eta' [KSnorm]
DCubeTester  2026-08-04 17:04:28,846 DEBUG   : gathering statistics along x axis
DCubeTester  2026-08-04 17:04:28,847 DEBUG   : *** Kolmogorov-Smirnoff *** all non-empty bins=112 all equal non-empty bins=112
DCubeTester  2026-08-04 17:04:28,847 DEBUG   : *** Kolmogorov-Smirnoff *** both '/InDetTrackPerfMonPlots/TrkAnaOffl/Offline/Tracks/Resolutions/pullwidth_ptqopt_vs_truth_eta' histograms are equal!
DCubeTester  2026-08-04 17:04:28,847 INFO    : *** Kolmogorov-Smirnoff *** (N) p-value=1.000 status=OK
DCubePlotter 2026-08-04 17:04:28,848 DEBUG   : plot called for object of name pullwidth_ptqopt_vs_truth_eta
DCubePlotter 2026-08-04 17:04:28,848 DEBUG   : plotting pullwidth_ptqopt_vs_truth_eta of type TH1D
DCubePlotter 2026-08-04 17:04:28,889 DEBUG   : plot 'dcube_idtpm_lrt/plots/h1r_4ab4b9df-6a7b-4f02-aa87-35e302c20d2d.png' has been created
DCubePlotter 2026-08-04 17:04:28,927 DEBUG   : plot 'dcube_idtpm_lrt/plots/h1d_c54e9605-6177-4032-bd92-71676b733dc9.png' has been created
DCubeApp     2026-08-04 17:04:28,927 DEBUG   : child tagName hist1D
DCubeApp     2026-08-04 17:04:28,927 INFO    : test hist1D '/InDetTrackPerfMonPlots/TrkAnaOffl/Offline/Tracks/Resolutions/pullmean_ptqopt_vs_truth_eta' [KSnorm]
DCubeTester  2026-08-04 17:04:28,930 DEBUG   : gathering statistics along x axis
DCubeTester  2026-08-04 17:04:28,937 DEBUG   : *** Kolmogorov-Smirnoff *** all non-empty bins=114 all equal non-empty bins=114
DCubeTester  2026-08-04 17:04:28,937 DEBUG   : *** Kolmogorov-Smirnoff *** both '/InDetTrackPerfMonPlots/TrkAnaOffl/Offline/Tracks/Resolutions/pullmean_ptqopt_vs_truth_eta' histograms are equal!
DCubeTester  2026-08-04 17:04:28,937 INFO    : *** Kolmogorov-Smirnoff *** (N) p-value=1.000 status=OK
DCubePlotter 2026-08-04 17:04:28,938 DEBUG   : plot called for object of name pullmean_ptqopt_vs_truth_eta
DCubePlotter 2026-08-04 17:04:28,938 DEBUG   : plotting pullmean_ptqopt_vs_truth_eta of type TH1D
DCubePlotter 2026-08-04 17:04:28,989 DEBUG   : plot 'dcube_idtpm_lrt/plots/h1r_76388885-507d-4a9c-8934-79e8d67b0a0a.png' has been created
DCubePlotter 2026-08-04 17:04:29,020 DEBUG   : plot 'dcube_idtpm_lrt/plots/h1d_5dac17db-a6eb-4f19-b521-85aec2a6b70f.png' has been created
DCubeApp     2026-08-04 17:04:29,021 DEBUG   : child tagName hist1D
DCubeApp     2026-08-04 17:04:29,021 INFO    : test hist1D '/InDetTrackPerfMonPlots/TrkAnaOffl/Offline/Tracks/Resolutions/pullwidth_ptqopt_vs_truth_pt' [KSnorm]
DCubeTester  2026-08-04 17:04:29,129 DEBUG   : gathering statistics along x axis
DCubeTester  2026-08-04 17:04:29,130 DEBUG   : *** Kolmogorov-Smirnoff *** all non-empty bins=72 all equal non-empty bins=72
DCubeTester  2026-08-04 17:04:29,130 DEBUG   : *** Kolmogorov-Smirnoff *** both '/InDetTrackPerfMonPlots/TrkAnaOffl/Offline/Tracks/Resolutions/pullwidth_ptqopt_vs_truth_pt' histograms are equal!
DCubeTester  2026-08-04 17:04:29,131 INFO    : *** Kolmogorov-Smirnoff *** (N) p-value=1.000 status=OK
DCubePlotter 2026-08-04 17:04:29,131 DEBUG   : plot called for object of name pullwidth_ptqopt_vs_truth_pt
DCubePlotter 2026-08-04 17:04:29,131 DEBUG   : additional plot options are: 'logx'
DCubePlotter 2026-08-04 17:04:29,131 DEBUG   : plotting pullwidth_ptqopt_vs_truth_pt of type TH1D
DCubePlotter 2026-08-04 17:04:29,254 DEBUG   : plot 'dcube_idtpm_lrt/plots/h1r_2db5f7ad-6f8d-48db-a921-334cc37c6f82.png' has been created
DCubePlotter 2026-08-04 17:04:29,357 DEBUG   : plot 'dcube_idtpm_lrt/plots/h1d_abe900c8-559d-4026-b95a-3c6c835c5b88.png' has been created
DCubeApp     2026-08-04 17:04:29,358 DEBUG   : child tagName hist1D
DCubeApp     2026-08-04 17:04:29,359 INFO    : test hist1D '/InDetTrackPerfMonPlots/TrkAnaOffl/Offline/Tracks/Resolutions/pullmean_ptqopt_vs_truth_pt' [KSnorm]
DCubeTester  2026-08-04 17:04:29,360 DEBUG   : gathering statistics along x axis
DCubeTester  2026-08-04 17:04:29,361 DEBUG   : *** Kolmogorov-Smirnoff *** all non-empty bins=74 all equal non-empty bins=74
DCubeTester  2026-08-04 17:04:29,361 DEBUG   : *** Kolmogorov-Smirnoff *** both '/InDetTrackPerfMonPlots/TrkAnaOffl/Offline/Tracks/Resolutions/pullmean_ptqopt_vs_truth_pt' histograms are equal!
DCubeTester  2026-08-04 17:04:29,361 INFO    : *** Kolmogorov-Smirnoff *** (N) p-value=1.000 status=OK
DCubePlotter 2026-08-04 17:04:29,362 DEBUG   : plot called for object of name pullmean_ptqopt_vs_truth_pt
DCubePlotter 2026-08-04 17:04:29,362 DEBUG   : additional plot options are: 'logx'
DCubePlotter 2026-08-04 17:04:29,362 DEBUG   : plotting pullmean_ptqopt_vs_truth_pt of type TH1D
DCubePlotter 2026-08-04 17:04:29,485 DEBUG   : plot 'dcube_idtpm_lrt/plots/h1r_9b9473fe-d355-4854-8b42-1af8d5600c6e.png' has been created
DCubePlotter 2026-08-04 17:04:29,569 DEBUG   : plot 'dcube_idtpm_lrt/plots/h1d_376d7c62-b09d-4865-b67f-3176bd840ac8.png' has been created
DCubeApp     2026-08-04 17:04:29,570 DEBUG   : child tagName hist1D
DCubeApp     2026-08-04 17:04:29,570 INFO    : test hist1D '/InDetTrackPerfMonPlots/TrkAnaOffl/Offline/Tracks/Resolutions/pull_theta' [KSnorm]
DCubeTester  2026-08-04 17:04:29,573 DEBUG   : gathering statistics along x axis
DCubeTester  2026-08-04 17:04:29,574 DEBUG   : *** Kolmogorov-Smirnoff *** all non-empty bins=158 all equal non-empty bins=158
DCubeTester  2026-08-04 17:04:29,574 DEBUG   : *** Kolmogorov-Smirnoff *** both '/InDetTrackPerfMonPlots/TrkAnaOffl/Offline/Tracks/Resolutions/pull_theta' histograms are equal!
DCubeTester  2026-08-04 17:04:29,574 INFO    : *** Kolmogorov-Smirnoff *** (N) p-value=1.000 status=OK
DCubePlotter 2026-08-04 17:04:29,575 DEBUG   : plot called for object of name pull_theta
DCubePlotter 2026-08-04 17:04:29,575 DEBUG   : plotting pull_theta of type TH1D
DCubePlotter 2026-08-04 17:04:29,640 DEBUG   : plot 'dcube_idtpm_lrt/plots/h1r_1af40344-0351-4f32-a0ec-5a46f66de92f.png' has been created
DCubePlotter 2026-08-04 17:04:29,670 DEBUG   : plot 'dcube_idtpm_lrt/plots/h1d_d3cb7bde-ab6e-4a19-83d0-5cfb3e32f71e.png' has been created
DCubeApp     2026-08-04 17:04:29,671 DEBUG   : child tagName hist1D
DCubeApp     2026-08-04 17:04:29,671 INFO    : test hist1D '/InDetTrackPerfMonPlots/TrkAnaOffl/Offline/Tracks/Resolutions/res_theta' [KSnorm]
DCubeTester  2026-08-04 17:04:29,674 DEBUG   : gathering statistics along x axis
DCubeTester  2026-08-04 17:04:29,675 DEBUG   : *** Kolmogorov-Smirnoff *** all non-empty bins=134 all equal non-empty bins=134
DCubeTester  2026-08-04 17:04:29,675 DEBUG   : *** Kolmogorov-Smirnoff *** both '/InDetTrackPerfMonPlots/TrkAnaOffl/Offline/Tracks/Resolutions/res_theta' histograms are equal!
DCubeTester  2026-08-04 17:04:29,675 INFO    : *** Kolmogorov-Smirnoff *** (N) p-value=1.000 status=OK
DCubePlotter 2026-08-04 17:04:29,675 DEBUG   : plot called for object of name res_theta
DCubePlotter 2026-08-04 17:04:29,676 DEBUG   : plotting res_theta of type TH1D
DCubePlotter 2026-08-04 17:04:29,721 DEBUG   : plot 'dcube_idtpm_lrt/plots/h1r_aee91e40-3a49-407d-988b-1304fefb61a3.png' has been created
DCubePlotter 2026-08-04 17:04:29,767 DEBUG   : plot 'dcube_idtpm_lrt/plots/h1d_6a360254-ff42-4946-853d-ecbf04d96477.png' has been created
DCubeApp     2026-08-04 17:04:29,768 DEBUG   : child tagName hist1D
DCubeApp     2026-08-04 17:04:29,768 INFO    : test hist1D '/InDetTrackPerfMonPlots/TrkAnaOffl/Offline/Tracks/Resolutions/sigma_offl_theta' [KSnorm]
DCubeTester  2026-08-04 17:04:29,769 DEBUG   : gathering statistics along x axis
DCubeTester  2026-08-04 17:04:29,770 DEBUG   : *** Kolmogorov-Smirnoff *** all non-empty bins=46 all equal non-empty bins=46
DCubeTester  2026-08-04 17:04:29,770 DEBUG   : *** Kolmogorov-Smirnoff *** both '/InDetTrackPerfMonPlots/TrkAnaOffl/Offline/Tracks/Resolutions/sigma_offl_theta' histograms are equal!
DCubeTester  2026-08-04 17:04:29,770 INFO    : *** Kolmogorov-Smirnoff *** (N) p-value=1.000 status=OK
DCubePlotter 2026-08-04 17:04:29,770 DEBUG   : plot called for object of name sigma_offl_theta
DCubePlotter 2026-08-04 17:04:29,771 DEBUG   : plotting sigma_offl_theta of type TH1D
DCubePlotter 2026-08-04 17:04:29,800 DEBUG   : plot 'dcube_idtpm_lrt/plots/h1r_d6460afb-97e7-4ec9-8e93-68b4cf6f0263.png' has been created
DCubePlotter 2026-08-04 17:04:29,824 DEBUG   : plot 'dcube_idtpm_lrt/plots/h1d_132fda85-2bcc-4be3-8470-1965dd1aafdb.png' has been created
DCubeApp     2026-08-04 17:04:29,824 DEBUG   : child tagName hist1D
DCubeApp     2026-08-04 17:04:29,824 INFO    : test hist1D '/InDetTrackPerfMonPlots/TrkAnaOffl/Offline/Tracks/Resolutions/resolution_theta_vs_truth_eta' [KSnorm]
DCubeTester  2026-08-04 17:04:29,826 DEBUG   : gathering statistics along x axis
DCubeTester  2026-08-04 17:04:29,827 DEBUG   : *** Kolmogorov-Smirnoff *** all non-empty bins=112 all equal non-empty bins=112
DCubeTester  2026-08-04 17:04:29,827 DEBUG   : *** Kolmogorov-Smirnoff *** both '/InDetTrackPerfMonPlots/TrkAnaOffl/Offline/Tracks/Resolutions/resolution_theta_vs_truth_eta' histograms are equal!
DCubeTester  2026-08-04 17:04:29,827 INFO    : *** Kolmogorov-Smirnoff *** (N) p-value=1.000 status=OK
DCubePlotter 2026-08-04 17:04:29,827 DEBUG   : plot called for object of name resolution_theta_vs_truth_eta
DCubePlotter 2026-08-04 17:04:29,827 DEBUG   : plotting resolution_theta_vs_truth_eta of type TH1D
DCubePlotter 2026-08-04 17:04:29,864 DEBUG   : plot 'dcube_idtpm_lrt/plots/h1r_31655c1a-c8e1-4cc2-b6c7-2576f33466b1.png' has been created
DCubePlotter 2026-08-04 17:04:29,980 DEBUG   : plot 'dcube_idtpm_lrt/plots/h1d_93f51ebe-a58b-410e-b7e4-8e13b7e0eac7.png' has been created
DCubeApp     2026-08-04 17:04:29,980 DEBUG   : child tagName hist1D
DCubeApp     2026-08-04 17:04:29,980 INFO    : test hist1D '/InDetTrackPerfMonPlots/TrkAnaOffl/Offline/Tracks/Resolutions/resmean_theta_vs_truth_eta' [KSnorm]
DCubeTester  2026-08-04 17:04:29,982 DEBUG   : gathering statistics along x axis
DCubeTester  2026-08-04 17:04:29,983 DEBUG   : *** Kolmogorov-Smirnoff *** all non-empty bins=114 all equal non-empty bins=114
DCubeTester  2026-08-04 17:04:29,983 DEBUG   : *** Kolmogorov-Smirnoff *** both '/InDetTrackPerfMonPlots/TrkAnaOffl/Offline/Tracks/Resolutions/resmean_theta_vs_truth_eta' histograms are equal!
DCubeTester  2026-08-04 17:04:29,983 INFO    : *** Kolmogorov-Smirnoff *** (N) p-value=1.000 status=OK
DCubePlotter 2026-08-04 17:04:29,983 DEBUG   : plot called for object of name resmean_theta_vs_truth_eta
DCubePlotter 2026-08-04 17:04:29,984 DEBUG   : plotting resmean_theta_vs_truth_eta of type TH1D
DCubePlotter 2026-08-04 17:04:30,091 DEBUG   : plot 'dcube_idtpm_lrt/plots/h1r_961ae842-22dc-4f5c-9f1f-8777cf9e3850.png' has been created
DCubePlotter 2026-08-04 17:04:30,198 DEBUG   : plot 'dcube_idtpm_lrt/plots/h1d_1a1fd9df-c1b8-4355-9078-051a955eb690.png' has been created
DCubeApp     2026-08-04 17:04:30,199 DEBUG   : child tagName hist1D
DCubeApp     2026-08-04 17:04:30,199 INFO    : test hist1D '/InDetTrackPerfMonPlots/TrkAnaOffl/Offline/Tracks/Resolutions/resolution_theta_vs_truth_pt' [KSnorm]
DCubeTester  2026-08-04 17:04:30,201 DEBUG   : gathering statistics along x axis
DCubeTester  2026-08-04 17:04:30,201 DEBUG   : *** Kolmogorov-Smirnoff *** all non-empty bins=72 all equal non-empty bins=72
DCubeTester  2026-08-04 17:04:30,202 DEBUG   : *** Kolmogorov-Smirnoff *** both '/InDetTrackPerfMonPlots/TrkAnaOffl/Offline/Tracks/Resolutions/resolution_theta_vs_truth_pt' histograms are equal!
DCubeTester  2026-08-04 17:04:30,202 INFO    : *** Kolmogorov-Smirnoff *** (N) p-value=1.000 status=OK
DCubePlotter 2026-08-04 17:04:30,202 DEBUG   : plot called for object of name resolution_theta_vs_truth_pt
DCubePlotter 2026-08-04 17:04:30,202 DEBUG   : additional plot options are: 'logx'
DCubePlotter 2026-08-04 17:04:30,202 DEBUG   : plotting resolution_theta_vs_truth_pt of type TH1D
DCubePlotter 2026-08-04 17:04:30,235 DEBUG   : plot 'dcube_idtpm_lrt/plots/h1r_1b6ec723-ef05-486f-846e-2b0d77c045ca.png' has been created
DCubePlotter 2026-08-04 17:04:30,291 DEBUG   : plot 'dcube_idtpm_lrt/plots/h1d_575068fe-6df5-4a0a-ba5e-cc35e539b56d.png' has been created
DCubeApp     2026-08-04 17:04:30,291 DEBUG   : child tagName hist1D
DCubeApp     2026-08-04 17:04:30,292 INFO    : test hist1D '/InDetTrackPerfMonPlots/TrkAnaOffl/Offline/Tracks/Resolutions/resmean_theta_vs_truth_pt' [KSnorm]
DCubeTester  2026-08-04 17:04:30,293 DEBUG   : gathering statistics along x axis
DCubeTester  2026-08-04 17:04:30,294 DEBUG   : *** Kolmogorov-Smirnoff *** all non-empty bins=74 all equal non-empty bins=74
DCubeTester  2026-08-04 17:04:30,294 DEBUG   : *** Kolmogorov-Smirnoff *** both '/InDetTrackPerfMonPlots/TrkAnaOffl/Offline/Tracks/Resolutions/resmean_theta_vs_truth_pt' histograms are equal!
DCubeTester  2026-08-04 17:04:30,294 INFO    : *** Kolmogorov-Smirnoff *** (N) p-value=1.000 status=OK
DCubePlotter 2026-08-04 17:04:30,294 DEBUG   : plot called for object of name resmean_theta_vs_truth_pt
DCubePlotter 2026-08-04 17:04:30,294 DEBUG   : additional plot options are: 'logx'
DCubePlotter 2026-08-04 17:04:30,295 DEBUG   : plotting resmean_theta_vs_truth_pt of type TH1D
DCubePlotter 2026-08-04 17:04:30,335 DEBUG   : plot 'dcube_idtpm_lrt/plots/h1r_d259d1f8-2634-41ab-b98a-8e94667f6989.png' has been created
DCubePlotter 2026-08-04 17:04:30,401 DEBUG   : plot 'dcube_idtpm_lrt/plots/h1d_04e77dfb-f7d3-4b51-a190-39c0370b0ded.png' has been created
DCubeApp     2026-08-04 17:04:30,401 DEBUG   : child tagName hist1D
DCubeApp     2026-08-04 17:04:30,401 INFO    : test hist1D '/InDetTrackPerfMonPlots/TrkAnaOffl/Offline/Tracks/Resolutions/pullwidth_theta_vs_truth_eta' [KSnorm]
DCubeTester  2026-08-04 17:04:30,403 DEBUG   : gathering statistics along x axis
DCubeTester  2026-08-04 17:04:30,404 DEBUG   : *** Kolmogorov-Smirnoff *** all non-empty bins=112 all equal non-empty bins=112
DCubeTester  2026-08-04 17:04:30,404 DEBUG   : *** Kolmogorov-Smirnoff *** both '/InDetTrackPerfMonPlots/TrkAnaOffl/Offline/Tracks/Resolutions/pullwidth_theta_vs_truth_eta' histograms are equal!
DCubeTester  2026-08-04 17:04:30,404 INFO    : *** Kolmogorov-Smirnoff *** (N) p-value=1.000 status=OK
DCubePlotter 2026-08-04 17:04:30,405 DEBUG   : plot called for object of name pullwidth_theta_vs_truth_eta
DCubePlotter 2026-08-04 17:04:30,405 DEBUG   : plotting pullwidth_theta_vs_truth_eta of type TH1D
DCubePlotter 2026-08-04 17:04:30,441 DEBUG   : plot 'dcube_idtpm_lrt/plots/h1r_3fe723a0-de77-401b-a028-662b4d02b5b8.png' has been created
DCubePlotter 2026-08-04 17:04:30,486 DEBUG   : plot 'dcube_idtpm_lrt/plots/h1d_f99d1fba-b3d5-4e15-befe-2a9c244d1236.png' has been created
DCubeApp     2026-08-04 17:04:30,487 DEBUG   : child tagName hist1D
DCubeApp     2026-08-04 17:04:30,487 INFO    : test hist1D '/InDetTrackPerfMonPlots/TrkAnaOffl/Offline/Tracks/Resolutions/pullmean_theta_vs_truth_eta' [KSnorm]
DCubeTester  2026-08-04 17:04:30,489 DEBUG   : gathering statistics along x axis
DCubeTester  2026-08-04 17:04:30,489 DEBUG   : *** Kolmogorov-Smirnoff *** all non-empty bins=112 all equal non-empty bins=112
DCubeTester  2026-08-04 17:04:30,489 DEBUG   : *** Kolmogorov-Smirnoff *** both '/InDetTrackPerfMonPlots/TrkAnaOffl/Offline/Tracks/Resolutions/pullmean_theta_vs_truth_eta' histograms are equal!
DCubeTester  2026-08-04 17:04:30,489 INFO    : *** Kolmogorov-Smirnoff *** (N) p-value=1.000 status=OK
DCubePlotter 2026-08-04 17:04:30,490 DEBUG   : plot called for object of name pullmean_theta_vs_truth_eta
DCubePlotter 2026-08-04 17:04:30,490 DEBUG   : plotting pullmean_theta_vs_truth_eta of type TH1D
DCubePlotter 2026-08-04 17:04:30,527 DEBUG   : plot 'dcube_idtpm_lrt/plots/h1r_9af90244-4540-4415-af40-92a2498a601e.png' has been created
DCubePlotter 2026-08-04 17:04:30,557 DEBUG   : plot 'dcube_idtpm_lrt/plots/h1d_3c9aba6c-d36b-44f2-a34e-32b863c36b1d.png' has been created
DCubeApp     2026-08-04 17:04:30,560 DEBUG   : child tagName hist1D
DCubeApp     2026-08-04 17:04:30,561 INFO    : test hist1D '/InDetTrackPerfMonPlots/TrkAnaOffl/Offline/Tracks/Resolutions/pullwidth_theta_vs_truth_pt' [KSnorm]
DCubeTester  2026-08-04 17:04:30,563 DEBUG   : gathering statistics along x axis
DCubeTester  2026-08-04 17:04:30,563 DEBUG   : *** Kolmogorov-Smirnoff *** all non-empty bins=72 all equal non-empty bins=72
DCubeTester  2026-08-04 17:04:30,563 DEBUG   : *** Kolmogorov-Smirnoff *** both '/InDetTrackPerfMonPlots/TrkAnaOffl/Offline/Tracks/Resolutions/pullwidth_theta_vs_truth_pt' histograms are equal!
DCubeTester  2026-08-04 17:04:30,564 INFO    : *** Kolmogorov-Smirnoff *** (N) p-value=1.000 status=OK
DCubePlotter 2026-08-04 17:04:30,564 DEBUG   : plot called for object of name pullwidth_theta_vs_truth_pt
DCubePlotter 2026-08-04 17:04:30,564 DEBUG   : additional plot options are: 'logx'
DCubePlotter 2026-08-04 17:04:30,564 DEBUG   : plotting pullwidth_theta_vs_truth_pt of type TH1D
DCubePlotter 2026-08-04 17:04:30,600 DEBUG   : plot 'dcube_idtpm_lrt/plots/h1r_c8d0d787-e099-41b7-8e7b-88a8cbcb8925.png' has been created
DCubePlotter 2026-08-04 17:04:30,650 DEBUG   : plot 'dcube_idtpm_lrt/plots/h1d_1343aca9-01af-4f22-887f-ceb080a05ccb.png' has been created
DCubeApp     2026-08-04 17:04:30,651 DEBUG   : child tagName hist1D
DCubeApp     2026-08-04 17:04:30,651 INFO    : test hist1D '/InDetTrackPerfMonPlots/TrkAnaOffl/Offline/Tracks/Resolutions/pullmean_theta_vs_truth_pt' [KSnorm]
DCubeTester  2026-08-04 17:04:30,654 DEBUG   : gathering statistics along x axis
DCubeTester  2026-08-04 17:04:30,654 DEBUG   : *** Kolmogorov-Smirnoff *** all non-empty bins=74 all equal non-empty bins=74
DCubeTester  2026-08-04 17:04:30,654 DEBUG   : *** Kolmogorov-Smirnoff *** both '/InDetTrackPerfMonPlots/TrkAnaOffl/Offline/Tracks/Resolutions/pullmean_theta_vs_truth_pt' histograms are equal!
DCubeTester  2026-08-04 17:04:30,655 INFO    : *** Kolmogorov-Smirnoff *** (N) p-value=1.000 status=OK
DCubePlotter 2026-08-04 17:04:30,655 DEBUG   : plot called for object of name pullmean_theta_vs_truth_pt
DCubePlotter 2026-08-04 17:04:30,655 DEBUG   : additional plot options are: 'logx'
DCubePlotter 2026-08-04 17:04:30,655 DEBUG   : plotting pullmean_theta_vs_truth_pt of type TH1D
DCubePlotter 2026-08-04 17:04:30,689 DEBUG   : plot 'dcube_idtpm_lrt/plots/h1r_9363e4d7-d0fc-4761-98fe-5720b0dae110.png' has been created
DCubePlotter 2026-08-04 17:04:30,737 DEBUG   : plot 'dcube_idtpm_lrt/plots/h1d_92150de4-0b0e-44c8-8c38-84646a6c4121.png' has been created
DCubeApp     2026-08-04 17:04:30,737 DEBUG   : child tagName hist1D
DCubeApp     2026-08-04 17:04:30,738 INFO    : test hist1D '/InDetTrackPerfMonPlots/TrkAnaOffl/Offline/Tracks/Resolutions/pull_z0sin' [KSnorm]
DCubeTester  2026-08-04 17:04:30,740 DEBUG   : gathering statistics along x axis
DCubeTester  2026-08-04 17:04:30,741 DEBUG   : *** Kolmogorov-Smirnoff *** all non-empty bins=154 all equal non-empty bins=154
DCubeTester  2026-08-04 17:04:30,741 DEBUG   : *** Kolmogorov-Smirnoff *** both '/InDetTrackPerfMonPlots/TrkAnaOffl/Offline/Tracks/Resolutions/pull_z0sin' histograms are equal!
DCubeTester  2026-08-04 17:04:30,741 INFO    : *** Kolmogorov-Smirnoff *** (N) p-value=1.000 status=OK
DCubePlotter 2026-08-04 17:04:30,741 DEBUG   : plot called for object of name pull_z0sin
DCubePlotter 2026-08-04 17:04:30,741 DEBUG   : plotting pull_z0sin of type TH1D
DCubePlotter 2026-08-04 17:04:30,793 DEBUG   : plot 'dcube_idtpm_lrt/plots/h1r_9460fe12-f47e-436b-8080-337c1a4f1a3c.png' has been created
DCubePlotter 2026-08-04 17:04:30,854 DEBUG   : plot 'dcube_idtpm_lrt/plots/h1d_81302677-2705-4aa4-953a-8dfc02a26391.png' has been created
DCubeApp     2026-08-04 17:04:30,855 DEBUG   : child tagName hist1D
DCubeApp     2026-08-04 17:04:30,855 INFO    : test hist1D '/InDetTrackPerfMonPlots/TrkAnaOffl/Offline/Tracks/Resolutions/res_z0sin' [KSnorm]
DCubeTester  2026-08-04 17:04:30,857 DEBUG   : gathering statistics along x axis
DCubeTester  2026-08-04 17:04:30,857 DEBUG   : *** Kolmogorov-Smirnoff *** all non-empty bins=148 all equal non-empty bins=148
DCubeTester  2026-08-04 17:04:30,857 DEBUG   : *** Kolmogorov-Smirnoff *** both '/InDetTrackPerfMonPlots/TrkAnaOffl/Offline/Tracks/Resolutions/res_z0sin' histograms are equal!
DCubeTester  2026-08-04 17:04:30,857 INFO    : *** Kolmogorov-Smirnoff *** (N) p-value=1.000 status=OK
DCubePlotter 2026-08-04 17:04:30,858 DEBUG   : plot called for object of name res_z0sin
DCubePlotter 2026-08-04 17:04:30,858 DEBUG   : plotting res_z0sin of type TH1D
DCubePlotter 2026-08-04 17:04:30,924 DEBUG   : plot 'dcube_idtpm_lrt/plots/h1r_d766a9cc-a37a-406d-9c86-392d374e368b.png' has been created
DCubePlotter 2026-08-04 17:04:30,959 DEBUG   : plot 'dcube_idtpm_lrt/plots/h1d_0775e7d5-dadf-419c-b475-e3fd334e3a6c.png' has been created
DCubeApp     2026-08-04 17:04:30,959 DEBUG   : child tagName hist1D
DCubeApp     2026-08-04 17:04:30,959 INFO    : test hist1D '/InDetTrackPerfMonPlots/TrkAnaOffl/Offline/Tracks/Resolutions/sigma_offl_z0sin' [KSnorm]
DCubeTester  2026-08-04 17:04:30,961 DEBUG   : gathering statistics along x axis
DCubeTester  2026-08-04 17:04:30,961 DEBUG   : *** Kolmogorov-Smirnoff *** all non-empty bins=72 all equal non-empty bins=72
DCubeTester  2026-08-04 17:04:30,961 DEBUG   : *** Kolmogorov-Smirnoff *** both '/InDetTrackPerfMonPlots/TrkAnaOffl/Offline/Tracks/Resolutions/sigma_offl_z0sin' histograms are equal!
DCubeTester  2026-08-04 17:04:30,961 INFO    : *** Kolmogorov-Smirnoff *** (N) p-value=1.000 status=OK
DCubePlotter 2026-08-04 17:04:30,962 DEBUG   : plot called for object of name sigma_offl_z0sin
DCubePlotter 2026-08-04 17:04:30,962 DEBUG   : plotting sigma_offl_z0sin of type TH1D
DCubePlotter 2026-08-04 17:04:31,195 DEBUG   : plot 'dcube_idtpm_lrt/plots/h1r_19c80e26-5bb8-48bf-b0f3-2aa8f8e84f42.png' has been created
DCubePlotter 2026-08-04 17:04:31,227 DEBUG   : plot 'dcube_idtpm_lrt/plots/h1d_d06b4bd5-59ac-47b4-abf4-e4d2c15f2202.png' has been created
DCubeApp     2026-08-04 17:04:31,227 DEBUG   : child tagName hist1D
DCubeApp     2026-08-04 17:04:31,228 INFO    : test hist1D '/InDetTrackPerfMonPlots/TrkAnaOffl/Offline/Tracks/Resolutions/resolution_z0sin_vs_truth_eta' [KSnorm]
DCubeTester  2026-08-04 17:04:31,241 DEBUG   : gathering statistics along x axis
DCubeTester  2026-08-04 17:04:31,241 DEBUG   : *** Kolmogorov-Smirnoff *** all non-empty bins=112 all equal non-empty bins=112
DCubeTester  2026-08-04 17:04:31,242 DEBUG   : *** Kolmogorov-Smirnoff *** both '/InDetTrackPerfMonPlots/TrkAnaOffl/Offline/Tracks/Resolutions/resolution_z0sin_vs_truth_eta' histograms are equal!
DCubeTester  2026-08-04 17:04:31,242 INFO    : *** Kolmogorov-Smirnoff *** (N) p-value=1.000 status=OK
DCubePlotter 2026-08-04 17:04:31,242 DEBUG   : plot called for object of name resolution_z0sin_vs_truth_eta
DCubePlotter 2026-08-04 17:04:31,242 DEBUG   : plotting resolution_z0sin_vs_truth_eta of type TH1D
DCubePlotter 2026-08-04 17:04:31,300 DEBUG   : plot 'dcube_idtpm_lrt/plots/h1r_ce4facfe-0fb6-4ac7-a9cf-56eaa5ac28c3.png' has been created
DCubePlotter 2026-08-04 17:04:31,327 DEBUG   : plot 'dcube_idtpm_lrt/plots/h1d_fdb2f4e1-e32e-414a-aee0-6c7f26d59326.png' has been created
DCubeApp     2026-08-04 17:04:31,328 DEBUG   : child tagName hist1D
DCubeApp     2026-08-04 17:04:31,328 INFO    : test hist1D '/InDetTrackPerfMonPlots/TrkAnaOffl/Offline/Tracks/Resolutions/resmean_z0sin_vs_truth_eta' [KSnorm]
DCubeTester  2026-08-04 17:04:31,330 DEBUG   : gathering statistics along x axis
DCubeTester  2026-08-04 17:04:31,331 DEBUG   : *** Kolmogorov-Smirnoff *** all non-empty bins=114 all equal non-empty bins=114
DCubeTester  2026-08-04 17:04:31,331 DEBUG   : *** Kolmogorov-Smirnoff *** both '/InDetTrackPerfMonPlots/TrkAnaOffl/Offline/Tracks/Resolutions/resmean_z0sin_vs_truth_eta' histograms are equal!
DCubeTester  2026-08-04 17:04:31,331 INFO    : *** Kolmogorov-Smirnoff *** (N) p-value=1.000 status=OK
DCubePlotter 2026-08-04 17:04:31,331 DEBUG   : plot called for object of name resmean_z0sin_vs_truth_eta
DCubePlotter 2026-08-04 17:04:31,331 DEBUG   : plotting resmean_z0sin_vs_truth_eta of type TH1D
DCubePlotter 2026-08-04 17:04:31,383 DEBUG   : plot 'dcube_idtpm_lrt/plots/h1r_77de7b7d-2baa-434d-8e02-8a4dbfb2aff7.png' has been created
DCubePlotter 2026-08-04 17:04:31,410 DEBUG   : plot 'dcube_idtpm_lrt/plots/h1d_f19773f2-f8e2-4595-9977-dd34d6165e8f.png' has been created
DCubeApp     2026-08-04 17:04:31,411 DEBUG   : child tagName hist1D
DCubeApp     2026-08-04 17:04:31,411 INFO    : test hist1D '/InDetTrackPerfMonPlots/TrkAnaOffl/Offline/Tracks/Resolutions/resolution_z0sin_vs_truth_pt' [KSnorm]
DCubeTester  2026-08-04 17:04:31,413 DEBUG   : gathering statistics along x axis
DCubeTester  2026-08-04 17:04:31,413 DEBUG   : *** Kolmogorov-Smirnoff *** all non-empty bins=72 all equal non-empty bins=72
DCubeTester  2026-08-04 17:04:31,413 DEBUG   : *** Kolmogorov-Smirnoff *** both '/InDetTrackPerfMonPlots/TrkAnaOffl/Offline/Tracks/Resolutions/resolution_z0sin_vs_truth_pt' histograms are equal!
DCubeTester  2026-08-04 17:04:31,413 INFO    : *** Kolmogorov-Smirnoff *** (N) p-value=1.000 status=OK
DCubePlotter 2026-08-04 17:04:31,414 DEBUG   : plot called for object of name resolution_z0sin_vs_truth_pt
DCubePlotter 2026-08-04 17:04:31,414 DEBUG   : additional plot options are: 'logx'
DCubePlotter 2026-08-04 17:04:31,414 DEBUG   : plotting resolution_z0sin_vs_truth_pt of type TH1D
DCubePlotter 2026-08-04 17:04:31,459 DEBUG   : plot 'dcube_idtpm_lrt/plots/h1r_6e4a1bf4-feb8-4cb3-ade8-1584e944a741.png' has been created
DCubePlotter 2026-08-04 17:04:31,518 DEBUG   : plot 'dcube_idtpm_lrt/plots/h1d_69bdc07b-2103-4ab7-bf0b-280f250e224a.png' has been created
DCubeApp     2026-08-04 17:04:31,519 DEBUG   : child tagName hist1D
DCubeApp     2026-08-04 17:04:31,519 INFO    : test hist1D '/InDetTrackPerfMonPlots/TrkAnaOffl/Offline/Tracks/Resolutions/resmean_z0sin_vs_truth_pt' [KSnorm]
DCubeTester  2026-08-04 17:04:31,533 DEBUG   : gathering statistics along x axis
DCubeTester  2026-08-04 17:04:31,533 DEBUG   : *** Kolmogorov-Smirnoff *** all non-empty bins=74 all equal non-empty bins=74
DCubeTester  2026-08-04 17:04:31,533 DEBUG   : *** Kolmogorov-Smirnoff *** both '/InDetTrackPerfMonPlots/TrkAnaOffl/Offline/Tracks/Resolutions/resmean_z0sin_vs_truth_pt' histograms are equal!
DCubeTester  2026-08-04 17:04:31,534 INFO    : *** Kolmogorov-Smirnoff *** (N) p-value=1.000 status=OK
DCubePlotter 2026-08-04 17:04:31,534 DEBUG   : plot called for object of name resmean_z0sin_vs_truth_pt
DCubePlotter 2026-08-04 17:04:31,534 DEBUG   : additional plot options are: 'logx'
DCubePlotter 2026-08-04 17:04:31,534 DEBUG   : plotting resmean_z0sin_vs_truth_pt of type TH1D
DCubePlotter 2026-08-04 17:04:31,572 DEBUG   : plot 'dcube_idtpm_lrt/plots/h1r_114c25ae-7cb0-4ee9-951b-cb57652ea8ed.png' has been created
DCubePlotter 2026-08-04 17:04:31,618 DEBUG   : plot 'dcube_idtpm_lrt/plots/h1d_0e0b3173-d922-4632-9dd9-f2a309f7fd61.png' has been created
DCubeApp     2026-08-04 17:04:31,619 DEBUG   : child tagName hist1D
DCubeApp     2026-08-04 17:04:31,619 INFO    : test hist1D '/InDetTrackPerfMonPlots/TrkAnaOffl/Offline/Tracks/Resolutions/pullwidth_z0sin_vs_truth_eta' [KSnorm]
DCubeTester  2026-08-04 17:04:31,621 DEBUG   : gathering statistics along x axis
DCubeTester  2026-08-04 17:04:31,621 DEBUG   : *** Kolmogorov-Smirnoff *** all non-empty bins=112 all equal non-empty bins=112
DCubeTester  2026-08-04 17:04:31,626 DEBUG   : *** Kolmogorov-Smirnoff *** both '/InDetTrackPerfMonPlots/TrkAnaOffl/Offline/Tracks/Resolutions/pullwidth_z0sin_vs_truth_eta' histograms are equal!
DCubeTester  2026-08-04 17:04:31,626 INFO    : *** Kolmogorov-Smirnoff *** (N) p-value=1.000 status=OK
DCubePlotter 2026-08-04 17:04:31,626 DEBUG   : plot called for object of name pullwidth_z0sin_vs_truth_eta
DCubePlotter 2026-08-04 17:04:31,627 DEBUG   : plotting pullwidth_z0sin_vs_truth_eta of type TH1D
DCubePlotter 2026-08-04 17:04:31,662 DEBUG   : plot 'dcube_idtpm_lrt/plots/h1r_14afa2db-278f-4060-8f3f-b6f740dd5b32.png' has been created
DCubePlotter 2026-08-04 17:04:31,689 DEBUG   : plot 'dcube_idtpm_lrt/plots/h1d_38a1d9eb-6746-4fb1-8dad-0c9d3d87a1a5.png' has been created
DCubeApp     2026-08-04 17:04:31,689 DEBUG   : child tagName hist1D
DCubeApp     2026-08-04 17:04:31,689 INFO    : test hist1D '/InDetTrackPerfMonPlots/TrkAnaOffl/Offline/Tracks/Resolutions/pullmean_z0sin_vs_truth_eta' [KSnorm]
DCubeTester  2026-08-04 17:04:31,691 DEBUG   : gathering statistics along x axis
DCubeTester  2026-08-04 17:04:31,691 DEBUG   : *** Kolmogorov-Smirnoff *** all non-empty bins=112 all equal non-empty bins=112
DCubeTester  2026-08-04 17:04:31,691 DEBUG   : *** Kolmogorov-Smirnoff *** both '/InDetTrackPerfMonPlots/TrkAnaOffl/Offline/Tracks/Resolutions/pullmean_z0sin_vs_truth_eta' histograms are equal!
DCubeTester  2026-08-04 17:04:31,691 INFO    : *** Kolmogorov-Smirnoff *** (N) p-value=1.000 status=OK
DCubePlotter 2026-08-04 17:04:31,692 DEBUG   : plot called for object of name pullmean_z0sin_vs_truth_eta
DCubePlotter 2026-08-04 17:04:31,692 DEBUG   : plotting pullmean_z0sin_vs_truth_eta of type TH1D
DCubePlotter 2026-08-04 17:04:31,739 DEBUG   : plot 'dcube_idtpm_lrt/plots/h1r_608b21e9-ec65-42b2-8259-61147c4015fd.png' has been created
DCubePlotter 2026-08-04 17:04:31,803 DEBUG   : plot 'dcube_idtpm_lrt/plots/h1d_e191cbee-9936-42d7-a663-33afca5d353d.png' has been created
DCubeApp     2026-08-04 17:04:31,803 DEBUG   : child tagName hist1D
DCubeApp     2026-08-04 17:04:31,803 INFO    : test hist1D '/InDetTrackPerfMonPlots/TrkAnaOffl/Offline/Tracks/Resolutions/pullwidth_z0sin_vs_truth_pt' [KSnorm]
DCubeTester  2026-08-04 17:04:31,805 DEBUG   : gathering statistics along x axis
DCubeTester  2026-08-04 17:04:31,806 DEBUG   : *** Kolmogorov-Smirnoff *** all non-empty bins=72 all equal non-empty bins=72
DCubeTester  2026-08-04 17:04:31,806 DEBUG   : *** Kolmogorov-Smirnoff *** both '/InDetTrackPerfMonPlots/TrkAnaOffl/Offline/Tracks/Resolutions/pullwidth_z0sin_vs_truth_pt' histograms are equal!
DCubeTester  2026-08-04 17:04:31,806 INFO    : *** Kolmogorov-Smirnoff *** (N) p-value=1.000 status=OK
DCubePlotter 2026-08-04 17:04:31,806 DEBUG   : plot called for object of name pullwidth_z0sin_vs_truth_pt
DCubePlotter 2026-08-04 17:04:31,807 DEBUG   : additional plot options are: 'logx'
DCubePlotter 2026-08-04 17:04:31,807 DEBUG   : plotting pullwidth_z0sin_vs_truth_pt of type TH1D
DCubePlotter 2026-08-04 17:04:31,838 DEBUG   : plot 'dcube_idtpm_lrt/plots/h1r_7336cfc8-58a5-4dec-993c-262a76c0ca8c.png' has been created
DCubePlotter 2026-08-04 17:04:31,900 DEBUG   : plot 'dcube_idtpm_lrt/plots/h1d_06b56718-9b0e-4f18-8928-6de00f8a974e.png' has been created
DCubeApp     2026-08-04 17:04:31,901 DEBUG   : child tagName hist1D
DCubeApp     2026-08-04 17:04:31,901 INFO    : test hist1D '/InDetTrackPerfMonPlots/TrkAnaOffl/Offline/Tracks/Resolutions/pullmean_z0sin_vs_truth_pt' [KSnorm]
DCubeTester  2026-08-04 17:04:31,902 DEBUG   : gathering statistics along x axis
DCubeTester  2026-08-04 17:04:31,903 DEBUG   : *** Kolmogorov-Smirnoff *** all non-empty bins=74 all equal non-empty bins=74
DCubeTester  2026-08-04 17:04:31,903 DEBUG   : *** Kolmogorov-Smirnoff *** both '/InDetTrackPerfMonPlots/TrkAnaOffl/Offline/Tracks/Resolutions/pullmean_z0sin_vs_truth_pt' histograms are equal!
DCubeTester  2026-08-04 17:04:31,903 INFO    : *** Kolmogorov-Smirnoff *** (N) p-value=1.000 status=OK
DCubePlotter 2026-08-04 17:04:31,903 DEBUG   : plot called for object of name pullmean_z0sin_vs_truth_pt
DCubePlotter 2026-08-04 17:04:31,904 DEBUG   : additional plot options are: 'logx'
DCubePlotter 2026-08-04 17:04:31,904 DEBUG   : plotting pullmean_z0sin_vs_truth_pt of type TH1D
DCubePlotter 2026-08-04 17:04:31,944 DEBUG   : plot 'dcube_idtpm_lrt/plots/h1r_82c9734d-960a-40cd-bc48-a4d7c804db1b.png' has been created
DCubePlotter 2026-08-04 17:04:32,018 DEBUG   : plot 'dcube_idtpm_lrt/plots/h1d_03b72f48-3122-43da-ac0f-3f6b2e1bff1e.png' has been created
DCubeApp     2026-08-04 17:04:32,019 DEBUG   : TDirectory /InDetTrackPerfMonPlots/TrkAnaOffl/Offline/Tracks/Resolutions status OK
DCubeApp     2026-08-04 17:04:32,019 DEBUG   : child tagName TDirectory
DCubeApp     2026-08-04 17:04:32,019 DEBUG   : now testing objects in path = /InDetTrackPerfMonPlots/TrkAnaOffl/Offline/Tracks/FakeRates
DCubeApp     2026-08-04 17:04:32,019 DEBUG   : child tagName graph
DCubeApp     2026-08-04 17:04:32,020 INFO    : test graph '/InDetTrackPerfMonPlots/TrkAnaOffl/Offline/Tracks/FakeRates/fakerate_vs_offl_eta' [KSnorm]
DCubeTester  2026-08-04 17:04:32,165 DEBUG   : monitored TGraphAsymmErrors '/InDetTrackPerfMonPlots/TrkAnaOffl/Offline/Tracks/FakeRates/fakerate_vs_offl_eta' has the same 18 points as reference graph
DCubeTester  2026-08-04 17:04:32,165 INFO    : monitored TGraphAsymmErrors '/InDetTrackPerfMonPlots/TrkAnaOffl/Offline/Tracks/FakeRates/fakerate_vs_offl_eta' has 18 evenly 0.3-spaced points
DCubeTester  2026-08-04 17:04:32,185 DEBUG   : reference TGraphAsymmErrors '/InDetTrackPerfMonPlots/TrkAnaOffl/Offline/Tracks/FakeRates/fakerate_vs_offl_eta' has the same 18 points as monitored graph
DCubeTester  2026-08-04 17:04:32,185 INFO    : reference TGraphAsymmErrors '/InDetTrackPerfMonPlots/TrkAnaOffl/Offline/Tracks/FakeRates/fakerate_vs_offl_eta' has 18 evenly 0.3-spaced points
DCubeTester  2026-08-04 17:04:32,186 DEBUG   : *** Kolmogorov-Smirnoff *** all non-empty bins=26 all equal non-empty bins=26
DCubeTester  2026-08-04 17:04:32,186 DEBUG   : *** Kolmogorov-Smirnoff *** both '/InDetTrackPerfMonPlots/TrkAnaOffl/Offline/Tracks/FakeRates/fakerate_vs_offl_eta' histograms are equal!
DCubeTester  2026-08-04 17:04:32,186 INFO    : *** Kolmogorov-Smirnoff *** (N) p-value=1.000 status=OK
DCubePlotter 2026-08-04 17:04:32,186 DEBUG   : plot called for object of name fakerate_vs_offl_eta
DCubePlotter 2026-08-04 17:04:32,186 DEBUG   : plotting fakerate_vs_offl_eta of type TGraphAsymmErrors
DCubePlotter 2026-08-04 17:04:32,258 DEBUG   : plot 'dcube_idtpm_lrt/plots/gr_e9fc4b1e-41b9-4b3b-9acc-afebe636588b.png' has been created
DCubePlotter 2026-08-04 17:04:32,390 DEBUG   : plot 'dcube_idtpm_lrt/plots/gd_5679db99-daba-41db-8489-e05314e99be3.png' has been created
DCubeApp     2026-08-04 17:04:32,390 DEBUG   : child tagName graph
DCubeApp     2026-08-04 17:04:32,390 INFO    : test graph '/InDetTrackPerfMonPlots/TrkAnaOffl/Offline/Tracks/FakeRates/fakerate_vs_offl_pt' [KSnorm]
DCubeTester  2026-08-04 17:04:32,394 DEBUG   : monitored TGraphAsymmErrors '/InDetTrackPerfMonPlots/TrkAnaOffl/Offline/Tracks/FakeRates/fakerate_vs_offl_pt' has the same 92 points as reference graph
DCubeTester  2026-08-04 17:04:32,394 WARNING : monitored TGraphAsymmErrors '/InDetTrackPerfMonPlots/TrkAnaOffl/Offline/Tracks/FakeRates/fakerate_vs_offl_pt' has 99 evenly 0.5-spaced points after adding missing 7 at x=32.75,35.75,41.75,44.75,48.25,48.75,49.25
DCubeTester  2026-08-04 17:04:32,394 DEBUG   : reference TGraphAsymmErrors '/InDetTrackPerfMonPlots/TrkAnaOffl/Offline/Tracks/FakeRates/fakerate_vs_offl_pt' has the same 92 points as monitored graph
DCubeTester  2026-08-04 17:04:32,395 WARNING : reference TGraphAsymmErrors '/InDetTrackPerfMonPlots/TrkAnaOffl/Offline/Tracks/FakeRates/fakerate_vs_offl_pt' has 99 evenly 0.5-spaced points after adding missing 7 at x=32.75,35.75,41.75,44.75,48.25,48.75,49.25
DCubeTester  2026-08-04 17:04:32,395 DEBUG   : *** Kolmogorov-Smirnoff *** all non-empty bins=56 all equal non-empty bins=56
DCubeTester  2026-08-04 17:04:32,395 DEBUG   : *** Kolmogorov-Smirnoff *** both '/InDetTrackPerfMonPlots/TrkAnaOffl/Offline/Tracks/FakeRates/fakerate_vs_offl_pt' histograms are equal!
DCubeTester  2026-08-04 17:04:32,395 INFO    : *** Kolmogorov-Smirnoff *** (N) p-value=1.000 status=OK
DCubePlotter 2026-08-04 17:04:32,396 DEBUG   : plot called for object of name fakerate_vs_offl_pt
DCubePlotter 2026-08-04 17:04:32,396 DEBUG   : plotting fakerate_vs_offl_pt of type TGraphAsymmErrors
DCubePlotter 2026-08-04 17:04:32,455 DEBUG   : plot 'dcube_idtpm_lrt/plots/gr_e7de2ec4-88db-41a3-8d27-dd95a9c9a391.png' has been created
DCubePlotter 2026-08-04 17:04:32,510 DEBUG   : plot 'dcube_idtpm_lrt/plots/gd_9e97ea68-4ede-46c6-84c4-7b20d2fcae61.png' has been created
DCubeApp     2026-08-04 17:04:32,511 DEBUG   : child tagName graph
DCubeApp     2026-08-04 17:04:32,511 INFO    : test graph '/InDetTrackPerfMonPlots/TrkAnaOffl/Offline/Tracks/FakeRates/fakerate_vs_offl_phi' [KSnorm]
DCubeTester  2026-08-04 17:04:32,513 DEBUG   : monitored TGraphAsymmErrors '/InDetTrackPerfMonPlots/TrkAnaOffl/Offline/Tracks/FakeRates/fakerate_vs_offl_phi' has the same 25 points as reference graph
DCubeTester  2026-08-04 17:04:32,513 INFO    : monitored TGraphAsymmErrors '/InDetTrackPerfMonPlots/TrkAnaOffl/Offline/Tracks/FakeRates/fakerate_vs_offl_phi' has 25 evenly 0.251327-spaced points
DCubeTester  2026-08-04 17:04:32,514 DEBUG   : reference TGraphAsymmErrors '/InDetTrackPerfMonPlots/TrkAnaOffl/Offline/Tracks/FakeRates/fakerate_vs_offl_phi' has the same 25 points as monitored graph
DCubeTester  2026-08-04 17:04:32,514 INFO    : reference TGraphAsymmErrors '/InDetTrackPerfMonPlots/TrkAnaOffl/Offline/Tracks/FakeRates/fakerate_vs_offl_phi' has 25 evenly 0.251327-spaced points
DCubeTester  2026-08-04 17:04:32,514 DEBUG   : *** Kolmogorov-Smirnoff *** all non-empty bins=44 all equal non-empty bins=44
DCubeTester  2026-08-04 17:04:32,515 DEBUG   : *** Kolmogorov-Smirnoff *** both '/InDetTrackPerfMonPlots/TrkAnaOffl/Offline/Tracks/FakeRates/fakerate_vs_offl_phi' histograms are equal!
DCubeTester  2026-08-04 17:04:32,515 INFO    : *** Kolmogorov-Smirnoff *** (N) p-value=1.000 status=OK
DCubePlotter 2026-08-04 17:04:32,515 DEBUG   : plot called for object of name fakerate_vs_offl_phi
DCubePlotter 2026-08-04 17:04:32,515 DEBUG   : plotting fakerate_vs_offl_phi of type TGraphAsymmErrors
DCubePlotter 2026-08-04 17:04:32,552 DEBUG   : plot 'dcube_idtpm_lrt/plots/gr_6692afc8-bdb3-426d-8d3b-57e27f231bcb.png' has been created
DCubePlotter 2026-08-04 17:04:32,699 DEBUG   : plot 'dcube_idtpm_lrt/plots/gd_0ab7e60a-c0e1-404d-a6dc-da6218fca190.png' has been created
DCubeApp     2026-08-04 17:04:32,699 DEBUG   : child tagName graph
DCubeApp     2026-08-04 17:04:32,699 INFO    : test graph '/InDetTrackPerfMonPlots/TrkAnaOffl/Offline/Tracks/FakeRates/fakerate_vs_offl_d0' [KSnorm]
DCubeTester  2026-08-04 17:04:32,713 DEBUG   : monitored TGraphAsymmErrors '/InDetTrackPerfMonPlots/TrkAnaOffl/Offline/Tracks/FakeRates/fakerate_vs_offl_d0' has the same 83 points as reference graph
DCubeTester  2026-08-04 17:04:32,713 WARNING : monitored TGraphAsymmErrors '/InDetTrackPerfMonPlots/TrkAnaOffl/Offline/Tracks/FakeRates/fakerate_vs_offl_d0' has 100 evenly 0.5-spaced points after adding missing 17 at x=-23.75,-23.25,-21.75,-20.25,-16.75,-15.75,-15.25,14.25,16.25,16.75,19.25,20.25,20.75,21.25,22.75,23.75,24.25
DCubeTester  2026-08-04 17:04:32,714 DEBUG   : reference TGraphAsymmErrors '/InDetTrackPerfMonPlots/TrkAnaOffl/Offline/Tracks/FakeRates/fakerate_vs_offl_d0' has the same 83 points as monitored graph
DCubeTester  2026-08-04 17:04:32,714 WARNING : reference TGraphAsymmErrors '/InDetTrackPerfMonPlots/TrkAnaOffl/Offline/Tracks/FakeRates/fakerate_vs_offl_d0' has 100 evenly 0.5-spaced points after adding missing 17 at x=-23.75,-23.25,-21.75,-20.25,-16.75,-15.75,-15.25,14.25,16.25,16.75,19.25,20.25,20.75,21.25,22.75,23.75,24.25
DCubeTester  2026-08-04 17:04:32,714 DEBUG   : *** Kolmogorov-Smirnoff *** all non-empty bins=72 all equal non-empty bins=72
DCubeTester  2026-08-04 17:04:32,715 DEBUG   : *** Kolmogorov-Smirnoff *** both '/InDetTrackPerfMonPlots/TrkAnaOffl/Offline/Tracks/FakeRates/fakerate_vs_offl_d0' histograms are equal!
DCubeTester  2026-08-04 17:04:32,715 INFO    : *** Kolmogorov-Smirnoff *** (N) p-value=1.000 status=OK
DCubePlotter 2026-08-04 17:04:32,715 DEBUG   : plot called for object of name fakerate_vs_offl_d0
DCubePlotter 2026-08-04 17:04:32,716 DEBUG   : plotting fakerate_vs_offl_d0 of type TGraphAsymmErrors
DCubePlotter 2026-08-04 17:04:32,764 DEBUG   : plot 'dcube_idtpm_lrt/plots/gr_a6603b7b-654c-4bc5-b6be-ba722eda4f5b.png' has been created
DCubePlotter 2026-08-04 17:04:32,807 DEBUG   : plot 'dcube_idtpm_lrt/plots/gd_6bc61de8-86d0-4f0f-9d95-42a5bf0b360c.png' has been created
DCubeApp     2026-08-04 17:04:32,809 DEBUG   : child tagName graph
DCubeApp     2026-08-04 17:04:32,810 INFO    : test graph '/InDetTrackPerfMonPlots/TrkAnaOffl/Offline/Tracks/FakeRates/fakerate_vs_offl_z0' [KSnorm]
DCubeTester  2026-08-04 17:04:32,812 DEBUG   : monitored TGraphAsymmErrors '/InDetTrackPerfMonPlots/TrkAnaOffl/Offline/Tracks/FakeRates/fakerate_vs_offl_z0' has the same 80 points as reference graph
DCubeTester  2026-08-04 17:04:32,812 INFO    : monitored TGraphAsymmErrors '/InDetTrackPerfMonPlots/TrkAnaOffl/Offline/Tracks/FakeRates/fakerate_vs_offl_z0' has 80 evenly 5-spaced points
DCubeTester  2026-08-04 17:04:32,813 DEBUG   : reference TGraphAsymmErrors '/InDetTrackPerfMonPlots/TrkAnaOffl/Offline/Tracks/FakeRates/fakerate_vs_offl_z0' has the same 80 points as monitored graph
DCubeTester  2026-08-04 17:04:32,813 INFO    : reference TGraphAsymmErrors '/InDetTrackPerfMonPlots/TrkAnaOffl/Offline/Tracks/FakeRates/fakerate_vs_offl_z0' has 80 evenly 5-spaced points
DCubeTester  2026-08-04 17:04:32,814 DEBUG   : *** Kolmogorov-Smirnoff *** all non-empty bins=38 all equal non-empty bins=38
DCubeTester  2026-08-04 17:04:32,816 DEBUG   : *** Kolmogorov-Smirnoff *** both '/InDetTrackPerfMonPlots/TrkAnaOffl/Offline/Tracks/FakeRates/fakerate_vs_offl_z0' histograms are equal!
DCubeTester  2026-08-04 17:04:32,816 INFO    : *** Kolmogorov-Smirnoff *** (N) p-value=1.000 status=OK
DCubePlotter 2026-08-04 17:04:32,817 DEBUG   : plot called for object of name fakerate_vs_offl_z0
DCubePlotter 2026-08-04 17:04:32,817 DEBUG   : plotting fakerate_vs_offl_z0 of type TGraphAsymmErrors
DCubePlotter 2026-08-04 17:04:32,859 DEBUG   : plot 'dcube_idtpm_lrt/plots/gr_927eed2a-b235-4411-bb3b-21e4b7458508.png' has been created
DCubePlotter 2026-08-04 17:04:32,918 DEBUG   : plot 'dcube_idtpm_lrt/plots/gd_45c31d41-0c74-44a3-8f5f-10782386aa21.png' has been created
DCubeApp     2026-08-04 17:04:32,919 DEBUG   : TDirectory /InDetTrackPerfMonPlots/TrkAnaOffl/Offline/Tracks/FakeRates status OK
DCubeApp     2026-08-04 17:04:32,919 DEBUG   : child tagName TDirectory
DCubeApp     2026-08-04 17:04:32,919 DEBUG   : now testing objects in path = /InDetTrackPerfMonPlots/TrkAnaOffl/Offline/Tracks/Efficiencies
DCubeApp     2026-08-04 17:04:32,919 DEBUG   : child tagName graph
DCubeApp     2026-08-04 17:04:32,919 INFO    : test graph '/InDetTrackPerfMonPlots/TrkAnaOffl/Offline/Tracks/Efficiencies/eff_vs_truth_eta' [KSnorm]
DCubeTester  2026-08-04 17:04:33,013 DEBUG   : monitored TGraphAsymmErrors '/InDetTrackPerfMonPlots/TrkAnaOffl/Offline/Tracks/Efficiencies/eff_vs_truth_eta' has the same 20 points as reference graph
DCubeTester  2026-08-04 17:04:33,013 INFO    : monitored TGraphAsymmErrors '/InDetTrackPerfMonPlots/TrkAnaOffl/Offline/Tracks/Efficiencies/eff_vs_truth_eta' has 20 evenly 0.3-spaced points
DCubeTester  2026-08-04 17:04:33,014 DEBUG   : reference TGraphAsymmErrors '/InDetTrackPerfMonPlots/TrkAnaOffl/Offline/Tracks/Efficiencies/eff_vs_truth_eta' has the same 20 points as monitored graph
DCubeTester  2026-08-04 17:04:33,014 INFO    : reference TGraphAsymmErrors '/InDetTrackPerfMonPlots/TrkAnaOffl/Offline/Tracks/Efficiencies/eff_vs_truth_eta' has 20 evenly 0.3-spaced points
DCubeTester  2026-08-04 17:04:33,014 DEBUG   : *** Kolmogorov-Smirnoff *** all non-empty bins=38 all equal non-empty bins=38
DCubeTester  2026-08-04 17:04:33,014 DEBUG   : *** Kolmogorov-Smirnoff *** both '/InDetTrackPerfMonPlots/TrkAnaOffl/Offline/Tracks/Efficiencies/eff_vs_truth_eta' histograms are equal!
DCubeTester  2026-08-04 17:04:33,015 INFO    : *** Kolmogorov-Smirnoff *** (N) p-value=1.000 status=OK
DCubePlotter 2026-08-04 17:04:33,015 DEBUG   : plot called for object of name eff_vs_truth_eta
DCubePlotter 2026-08-04 17:04:33,015 DEBUG   : plotting eff_vs_truth_eta of type TGraphAsymmErrors
DCubePlotter 2026-08-04 17:04:33,042 DEBUG   : plot 'dcube_idtpm_lrt/plots/gr_24593773-76d3-4e02-a209-3984a87ce19c.png' has been created
DCubePlotter 2026-08-04 17:04:33,064 DEBUG   : plot 'dcube_idtpm_lrt/plots/gd_ff46b859-a364-4ece-bb62-1751b3db5d6b.png' has been created
DCubeApp     2026-08-04 17:04:33,064 DEBUG   : child tagName graph
DCubeApp     2026-08-04 17:04:33,064 INFO    : test graph '/InDetTrackPerfMonPlots/TrkAnaOffl/Offline/Tracks/Efficiencies/eff_vs_truth_pt' [KSnorm]
DCubeTester  2026-08-04 17:04:33,067 DEBUG   : monitored TGraphAsymmErrors '/InDetTrackPerfMonPlots/TrkAnaOffl/Offline/Tracks/Efficiencies/eff_vs_truth_pt' has the same 24 points as reference graph
DCubeTester  2026-08-04 17:04:33,067 INFO    : monitored TGraphAsymmErrors '/InDetTrackPerfMonPlots/TrkAnaOffl/Offline/Tracks/Efficiencies/eff_vs_truth_pt' has 24 evenly 2-spaced points
DCubeTester  2026-08-04 17:04:33,068 DEBUG   : reference TGraphAsymmErrors '/InDetTrackPerfMonPlots/TrkAnaOffl/Offline/Tracks/Efficiencies/eff_vs_truth_pt' has the same 24 points as monitored graph
DCubeTester  2026-08-04 17:04:33,068 INFO    : reference TGraphAsymmErrors '/InDetTrackPerfMonPlots/TrkAnaOffl/Offline/Tracks/Efficiencies/eff_vs_truth_pt' has 24 evenly 2-spaced points
DCubeTester  2026-08-04 17:04:33,069 DEBUG   : *** Kolmogorov-Smirnoff *** all non-empty bins=48 all equal non-empty bins=48
DCubeTester  2026-08-04 17:04:33,070 DEBUG   : *** Kolmogorov-Smirnoff *** both '/InDetTrackPerfMonPlots/TrkAnaOffl/Offline/Tracks/Efficiencies/eff_vs_truth_pt' histograms are equal!
DCubeTester  2026-08-04 17:04:33,070 INFO    : *** Kolmogorov-Smirnoff *** (N) p-value=1.000 status=OK
DCubePlotter 2026-08-04 17:04:33,071 DEBUG   : plot called for object of name eff_vs_truth_pt
DCubePlotter 2026-08-04 17:04:33,071 DEBUG   : plotting eff_vs_truth_pt of type TGraphAsymmErrors
DCubePlotter 2026-08-04 17:04:33,098 DEBUG   : plot 'dcube_idtpm_lrt/plots/gr_a1113327-a106-4eff-8d6b-35ef6ddf62f9.png' has been created
DCubePlotter 2026-08-04 17:04:33,156 DEBUG   : plot 'dcube_idtpm_lrt/plots/gd_b3893bd7-3c20-4566-a711-29f4fc256975.png' has been created
DCubeApp     2026-08-04 17:04:33,156 DEBUG   : child tagName graph
DCubeApp     2026-08-04 17:04:33,157 INFO    : test graph '/InDetTrackPerfMonPlots/TrkAnaOffl/Offline/Tracks/Efficiencies/eff_vs_truth_phi' [KSnorm]
DCubeTester  2026-08-04 17:04:33,160 DEBUG   : monitored TGraphAsymmErrors '/InDetTrackPerfMonPlots/TrkAnaOffl/Offline/Tracks/Efficiencies/eff_vs_truth_phi' has the same 25 points as reference graph
DCubeTester  2026-08-04 17:04:33,160 INFO    : monitored TGraphAsymmErrors '/InDetTrackPerfMonPlots/TrkAnaOffl/Offline/Tracks/Efficiencies/eff_vs_truth_phi' has 25 evenly 0.251327-spaced points
DCubeTester  2026-08-04 17:04:33,161 DEBUG   : reference TGraphAsymmErrors '/InDetTrackPerfMonPlots/TrkAnaOffl/Offline/Tracks/Efficiencies/eff_vs_truth_phi' has the same 25 points as monitored graph
DCubeTester  2026-08-04 17:04:33,162 INFO    : reference TGraphAsymmErrors '/InDetTrackPerfMonPlots/TrkAnaOffl/Offline/Tracks/Efficiencies/eff_vs_truth_phi' has 25 evenly 0.251327-spaced points
DCubeTester  2026-08-04 17:04:33,162 DEBUG   : *** Kolmogorov-Smirnoff *** all non-empty bins=50 all equal non-empty bins=38
DCubeTester  2026-08-04 17:04:33,162 INFO    : *** Kolmogorov-Smirnoff *** (N) p-value=1.000 status=OK
DCubePlotter 2026-08-04 17:04:33,163 DEBUG   : plot called for object of name eff_vs_truth_phi
DCubePlotter 2026-08-04 17:04:33,163 DEBUG   : plotting eff_vs_truth_phi of type TGraphAsymmErrors
DCubePlotter 2026-08-04 17:04:33,197 DEBUG   : plot 'dcube_idtpm_lrt/plots/gr_34dbe91d-06fa-4c90-a280-730574da0e12.png' has been created
DCubePlotter 2026-08-04 17:04:33,230 DEBUG   : plot 'dcube_idtpm_lrt/plots/gd_3cc56948-8682-4380-a1bb-6abd954263be.png' has been created
DCubeApp     2026-08-04 17:04:33,231 DEBUG   : child tagName graph
DCubeApp     2026-08-04 17:04:33,231 INFO    : test graph '/InDetTrackPerfMonPlots/TrkAnaOffl/Offline/Tracks/Efficiencies/eff_vs_truth_d0' [KSnorm]
DCubeTester  2026-08-04 17:04:33,237 DEBUG   : monitored TGraphAsymmErrors '/InDetTrackPerfMonPlots/TrkAnaOffl/Offline/Tracks/Efficiencies/eff_vs_truth_d0' has the same 28 points as reference graph
DCubeTester  2026-08-04 17:04:33,237 WARNING : monitored TGraphAsymmErrors '/InDetTrackPerfMonPlots/TrkAnaOffl/Offline/Tracks/Efficiencies/eff_vs_truth_d0' has 49 evenly 0.25-spaced points after adding missing 21 at x=-5.375,-5.125,-4.875,-4.625,-4.125,-3.875,-3.625,-3.125,2.625,3.125,3.375,3.625,3.875,4.125,4.375,4.625,4.875,5.125,5.375,5.625,6.125
DCubeTester  2026-08-04 17:04:33,238 DEBUG   : reference TGraphAsymmErrors '/InDetTrackPerfMonPlots/TrkAnaOffl/Offline/Tracks/Efficiencies/eff_vs_truth_d0' has the same 28 points as monitored graph
DCubeTester  2026-08-04 17:04:33,238 WARNING : reference TGraphAsymmErrors '/InDetTrackPerfMonPlots/TrkAnaOffl/Offline/Tracks/Efficiencies/eff_vs_truth_d0' has 49 evenly 0.25-spaced points after adding missing 21 at x=-5.375,-5.125,-4.875,-4.625,-4.125,-3.875,-3.625,-3.125,2.625,3.125,3.375,3.625,3.875,4.125,4.375,4.625,4.875,5.125,5.375,5.625,6.125
DCubeTester  2026-08-04 17:04:33,238 DEBUG   : *** Kolmogorov-Smirnoff *** all non-empty bins=50 all equal non-empty bins=50
DCubeTester  2026-08-04 17:04:33,238 DEBUG   : *** Kolmogorov-Smirnoff *** both '/InDetTrackPerfMonPlots/TrkAnaOffl/Offline/Tracks/Efficiencies/eff_vs_truth_d0' histograms are equal!
DCubeTester  2026-08-04 17:04:33,239 INFO    : *** Kolmogorov-Smirnoff *** (N) p-value=1.000 status=OK
DCubePlotter 2026-08-04 17:04:33,239 DEBUG   : plot called for object of name eff_vs_truth_d0
DCubePlotter 2026-08-04 17:04:33,239 DEBUG   : plotting eff_vs_truth_d0 of type TGraphAsymmErrors
DCubePlotter 2026-08-04 17:04:33,271 DEBUG   : plot 'dcube_idtpm_lrt/plots/gr_e119e307-5f1a-48a4-988f-5aceee7a12d8.png' has been created
DCubePlotter 2026-08-04 17:04:33,297 DEBUG   : plot 'dcube_idtpm_lrt/plots/gd_e26380d3-def3-476a-8b57-ffb495523554.png' has been created
DCubeApp     2026-08-04 17:04:33,297 DEBUG   : child tagName graph
DCubeApp     2026-08-04 17:04:33,297 INFO    : test graph '/InDetTrackPerfMonPlots/TrkAnaOffl/Offline/Tracks/Efficiencies/eff_vs_truth_z0' [KSnorm]
DCubeTester  2026-08-04 17:04:33,300 DEBUG   : monitored TGraphAsymmErrors '/InDetTrackPerfMonPlots/TrkAnaOffl/Offline/Tracks/Efficiencies/eff_vs_truth_z0' has the same 40 points as reference graph
DCubeTester  2026-08-04 17:04:33,301 WARNING : monitored TGraphAsymmErrors '/InDetTrackPerfMonPlots/TrkAnaOffl/Offline/Tracks/Efficiencies/eff_vs_truth_z0' has 48 evenly 5-spaced points after adding missing 8 at x=-107.5,-102.5,-87.5,-82.5,67.5,72.5,77.5,97.5
DCubeTester  2026-08-04 17:04:33,301 DEBUG   : reference TGraphAsymmErrors '/InDetTrackPerfMonPlots/TrkAnaOffl/Offline/Tracks/Efficiencies/eff_vs_truth_z0' has the same 40 points as monitored graph
DCubeTester  2026-08-04 17:04:33,302 WARNING : reference TGraphAsymmErrors '/InDetTrackPerfMonPlots/TrkAnaOffl/Offline/Tracks/Efficiencies/eff_vs_truth_z0' has 48 evenly 5-spaced points after adding missing 8 at x=-107.5,-102.5,-87.5,-82.5,67.5,72.5,77.5,97.5
DCubeTester  2026-08-04 17:04:33,302 DEBUG   : *** Kolmogorov-Smirnoff *** all non-empty bins=76 all equal non-empty bins=76
DCubeTester  2026-08-04 17:04:33,303 DEBUG   : *** Kolmogorov-Smirnoff *** both '/InDetTrackPerfMonPlots/TrkAnaOffl/Offline/Tracks/Efficiencies/eff_vs_truth_z0' histograms are equal!
DCubeTester  2026-08-04 17:04:33,303 INFO    : *** Kolmogorov-Smirnoff *** (N) p-value=1.000 status=OK
DCubePlotter 2026-08-04 17:04:33,304 DEBUG   : plot called for object of name eff_vs_truth_z0
DCubePlotter 2026-08-04 17:04:33,304 DEBUG   : plotting eff_vs_truth_z0 of type TGraphAsymmErrors
DCubePlotter 2026-08-04 17:04:33,347 DEBUG   : plot 'dcube_idtpm_lrt/plots/gr_85745da0-d216-4bf6-98f1-c05812b40df4.png' has been created
DCubePlotter 2026-08-04 17:04:33,391 DEBUG   : plot 'dcube_idtpm_lrt/plots/gd_235b314e-40a0-4b2e-b02a-b66085b3731c.png' has been created
DCubeApp     2026-08-04 17:04:33,392 DEBUG   : child tagName graph
DCubeApp     2026-08-04 17:04:33,392 INFO    : test graph '/InDetTrackPerfMonPlots/TrkAnaOffl/Offline/Tracks/Efficiencies/eff_vs_truth_prodR' [KSnorm]
DCubeTester  2026-08-04 17:04:33,394 DEBUG   : monitored TGraphAsymmErrors '/InDetTrackPerfMonPlots/TrkAnaOffl/Offline/Tracks/Efficiencies/eff_vs_truth_prodR' has the same 56 points as reference graph
DCubeTester  2026-08-04 17:04:33,395 WARNING : monitored TGraphAsymmErrors '/InDetTrackPerfMonPlots/TrkAnaOffl/Offline/Tracks/Efficiencies/eff_vs_truth_prodR' has 93 evenly 0.5-spaced points after adding missing 37 at x=10.75,15.25,15.75,16.25,16.75,17.25,22.25,22.75,25.25,26.75,28.25,30.75,31.25,32.25,33.25,34.25,34.75,35.25,36.75,37.25,37.75,38.25,38.75,39.25,39.75,40.25,40.75,41.25,41.75,42.25,42.75,43.25,43.75,44.25,44.75,45.25,45.75
DCubeTester  2026-08-04 17:04:33,396 DEBUG   : reference TGraphAsymmErrors '/InDetTrackPerfMonPlots/TrkAnaOffl/Offline/Tracks/Efficiencies/eff_vs_truth_prodR' has the same 56 points as monitored graph
DCubeTester  2026-08-04 17:04:33,396 WARNING : reference TGraphAsymmErrors '/InDetTrackPerfMonPlots/TrkAnaOffl/Offline/Tracks/Efficiencies/eff_vs_truth_prodR' has 93 evenly 0.5-spaced points after adding missing 37 at x=10.75,15.25,15.75,16.25,16.75,17.25,22.25,22.75,25.25,26.75,28.25,30.75,31.25,32.25,33.25,34.25,34.75,35.25,36.75,37.25,37.75,38.25,38.75,39.25,39.75,40.25,40.75,41.25,41.75,42.25,42.75,43.25,43.75,44.25,44.75,45.25,45.75
DCubeTester  2026-08-04 17:04:33,397 DEBUG   : *** Kolmogorov-Smirnoff *** all non-empty bins=106 all equal non-empty bins=106
DCubeTester  2026-08-04 17:04:33,399 DEBUG   : *** Kolmogorov-Smirnoff *** both '/InDetTrackPerfMonPlots/TrkAnaOffl/Offline/Tracks/Efficiencies/eff_vs_truth_prodR' histograms are equal!
DCubeTester  2026-08-04 17:04:33,400 INFO    : *** Kolmogorov-Smirnoff *** (N) p-value=1.000 status=OK
DCubePlotter 2026-08-04 17:04:33,400 DEBUG   : plot called for object of name eff_vs_truth_prodR
DCubePlotter 2026-08-04 17:04:33,400 DEBUG   : plotting eff_vs_truth_prodR of type TGraphAsymmErrors
DCubePlotter 2026-08-04 17:04:33,451 DEBUG   : plot 'dcube_idtpm_lrt/plots/gr_809984b4-7908-41fe-8a27-70918c8283d0.png' has been created
DCubePlotter 2026-08-04 17:04:33,505 DEBUG   : plot 'dcube_idtpm_lrt/plots/gd_937868e4-6876-4c28-8c5e-5a46b6d7a43c.png' has been created
DCubeApp     2026-08-04 17:04:33,505 DEBUG   : child tagName graph
DCubeApp     2026-08-04 17:04:33,506 INFO    : test graph '/InDetTrackPerfMonPlots/TrkAnaOffl/Offline/Tracks/Efficiencies/eff_vs_truth_prodZ' [KSnorm]
DCubeTester  2026-08-04 17:04:33,510 DEBUG   : monitored TGraphAsymmErrors '/InDetTrackPerfMonPlots/TrkAnaOffl/Offline/Tracks/Efficiencies/eff_vs_truth_prodZ' has the same 38 points as reference graph
DCubeTester  2026-08-04 17:04:33,511 WARNING : monitored TGraphAsymmErrors '/InDetTrackPerfMonPlots/TrkAnaOffl/Offline/Tracks/Efficiencies/eff_vs_truth_prodZ' has 55 evenly 7-spaced points after adding missing 17 at x=-234.5,-227.5,-220.5,-206.5,-192.5,-185.5,-178.5,-171.5,-164.5,-157.5,-150.5,-143.5,-136.5,-129.5,-122.5,80.5,115.5
DCubeTester  2026-08-04 17:04:33,511 DEBUG   : reference TGraphAsymmErrors '/InDetTrackPerfMonPlots/TrkAnaOffl/Offline/Tracks/Efficiencies/eff_vs_truth_prodZ' has the same 38 points as monitored graph
DCubeTester  2026-08-04 17:04:33,512 WARNING : reference TGraphAsymmErrors '/InDetTrackPerfMonPlots/TrkAnaOffl/Offline/Tracks/Efficiencies/eff_vs_truth_prodZ' has 55 evenly 7-spaced points after adding missing 17 at x=-234.5,-227.5,-220.5,-206.5,-192.5,-185.5,-178.5,-171.5,-164.5,-157.5,-150.5,-143.5,-136.5,-129.5,-122.5,80.5,115.5
DCubeTester  2026-08-04 17:04:33,512 DEBUG   : *** Kolmogorov-Smirnoff *** all non-empty bins=70 all equal non-empty bins=70
DCubeTester  2026-08-04 17:04:33,512 DEBUG   : *** Kolmogorov-Smirnoff *** both '/InDetTrackPerfMonPlots/TrkAnaOffl/Offline/Tracks/Efficiencies/eff_vs_truth_prodZ' histograms are equal!
DCubeTester  2026-08-04 17:04:33,512 INFO    : *** Kolmogorov-Smirnoff *** (N) p-value=1.000 status=OK
DCubePlotter 2026-08-04 17:04:33,513 DEBUG   : plot called for object of name eff_vs_truth_prodZ
DCubePlotter 2026-08-04 17:04:33,513 DEBUG   : plotting eff_vs_truth_prodZ of type TGraphAsymmErrors
DCubePlotter 2026-08-04 17:04:33,556 DEBUG   : plot 'dcube_idtpm_lrt/plots/gr_400de59b-680e-4184-a9eb-28d5d074f7ad.png' has been created
DCubePlotter 2026-08-04 17:04:33,582 DEBUG   : plot 'dcube_idtpm_lrt/plots/gd_19a970c3-6051-4d05-98f0-f42111803c35.png' has been created
DCubeApp     2026-08-04 17:04:33,582 DEBUG   : TDirectory /InDetTrackPerfMonPlots/TrkAnaOffl/Offline/Tracks/Efficiencies status OK
DCubeApp     2026-08-04 17:04:33,583 DEBUG   : TDirectory /InDetTrackPerfMonPlots/TrkAnaOffl/Offline/Tracks status OK
DCubeApp     2026-08-04 17:04:33,583 DEBUG   : child tagName TDirectory
DCubeApp     2026-08-04 17:04:33,584 DEBUG   : now testing objects in path = /InDetTrackPerfMonPlots/TrkAnaOffl/Offline/Vertices
DCubeApp     2026-08-04 17:04:33,584 DEBUG   : child tagName TDirectory
DCubeApp     2026-08-04 17:04:33,584 DEBUG   : now testing objects in path = /InDetTrackPerfMonPlots/TrkAnaOffl/Offline/Vertices/AllPrimary
DCubeApp     2026-08-04 17:04:33,584 DEBUG   : child tagName TDirectory
DCubeApp     2026-08-04 17:04:33,584 DEBUG   : now testing objects in path = /InDetTrackPerfMonPlots/TrkAnaOffl/Offline/Vertices/AllPrimary/Parameters
DCubeApp     2026-08-04 17:04:33,584 DEBUG   : child tagName hist2D
DCubeApp     2026-08-04 17:04:33,584 INFO    : test hist2D '/InDetTrackPerfMonPlots/TrkAnaOffl/Offline/Vertices/AllPrimary/Parameters/offline_nVtx_vs_truthMu_2D' [KS]
DCubeTester  2026-08-04 17:04:33,594 ERROR   : monitored object '/InDetTrackPerfMonPlots/TrkAnaOffl/Offline/Vertices/AllPrimary/Parameters/offline_nVtx_vs_truthMu_2D' not found!
DCubeApp     2026-08-04 17:04:33,594 DEBUG   : child tagName hist2D
DCubeApp     2026-08-04 17:04:33,594 INFO    : test hist2D '/InDetTrackPerfMonPlots/TrkAnaOffl/Offline/Vertices/AllPrimary/Parameters/offline_nVtx_vs_actualMu_2D' [KS]
DCubeTester  2026-08-04 17:04:33,594 ERROR   : monitored object '/InDetTrackPerfMonPlots/TrkAnaOffl/Offline/Vertices/AllPrimary/Parameters/offline_nVtx_vs_actualMu_2D' not found!
DCubeApp     2026-08-04 17:04:33,595 DEBUG   : TDirectory /InDetTrackPerfMonPlots/TrkAnaOffl/Offline/Vertices/AllPrimary/Parameters status FAIL
DCubeApp     2026-08-04 17:04:33,595 DEBUG   : TDirectory /InDetTrackPerfMonPlots/TrkAnaOffl/Offline/Vertices/AllPrimary status FAIL
DCubeApp     2026-08-04 17:04:33,595 DEBUG   : TDirectory /InDetTrackPerfMonPlots/TrkAnaOffl/Offline/Vertices status FAIL
DCubeApp     2026-08-04 17:04:33,595 DEBUG   : TDirectory /InDetTrackPerfMonPlots/TrkAnaOffl/Offline status FAIL
DCubeApp     2026-08-04 17:04:33,595 DEBUG   : TDirectory /InDetTrackPerfMonPlots/TrkAnaOffl status FAIL
DCubeApp     2026-08-04 17:04:33,596 DEBUG   : child tagName TDirectory
DCubeApp     2026-08-04 17:04:33,596 DEBUG   : now testing objects in path = /InDetTrackPerfMonPlots/TrkAnaLRT
DCubeApp     2026-08-04 17:04:33,596 DEBUG   : child tagName TDirectory
DCubeApp     2026-08-04 17:04:33,596 DEBUG   : now testing objects in path = /InDetTrackPerfMonPlots/TrkAnaLRT/Offline
DCubeApp     2026-08-04 17:04:33,596 DEBUG   : child tagName TDirectory
DCubeApp     2026-08-04 17:04:33,596 DEBUG   : now testing objects in path = /InDetTrackPerfMonPlots/TrkAnaLRT/Offline/Tracks
DCubeApp     2026-08-04 17:04:33,596 DEBUG   : child tagName TDirectory
DCubeApp     2026-08-04 17:04:33,597 DEBUG   : now testing objects in path = /InDetTrackPerfMonPlots/TrkAnaLRT/Offline/Tracks/Parameters
DCubeApp     2026-08-04 17:04:33,597 DEBUG   : child tagName hist1D
DCubeApp     2026-08-04 17:04:33,597 INFO    : test hist1D '/InDetTrackPerfMonPlots/TrkAnaLRT/Offline/Tracks/Parameters/offl_d0' [KSnorm]
DCubeTester  2026-08-04 17:04:33,633 DEBUG   : gathering statistics along x axis
DCubeTester  2026-08-04 17:04:33,633 DEBUG   : *** Kolmogorov-Smirnoff *** all non-empty bins=202 all equal non-empty bins=202
DCubeTester  2026-08-04 17:04:33,635 DEBUG   : *** Kolmogorov-Smirnoff *** both '/InDetTrackPerfMonPlots/TrkAnaLRT/Offline/Tracks/Parameters/offl_d0' histograms are equal!
DCubeTester  2026-08-04 17:04:33,635 INFO    : *** Kolmogorov-Smirnoff *** (N) p-value=1.000 status=OK
DCubePlotter 2026-08-04 17:04:33,636 DEBUG   : plot called for object of name offl_d0
DCubePlotter 2026-08-04 17:04:33,636 DEBUG   : plotting offl_d0 of type TH1D
DCubePlotter 2026-08-04 17:04:33,683 DEBUG   : plot 'dcube_idtpm_lrt/plots/h1r_7dfcc635-66c3-446b-aae8-c6538741a3fd.png' has been created
DCubePlotter 2026-08-04 17:04:33,729 DEBUG   : plot 'dcube_idtpm_lrt/plots/h1d_659f9641-19ca-43f6-9b8c-02cf45ca9732.png' has been created
DCubeApp     2026-08-04 17:04:33,729 DEBUG   : child tagName hist1D
DCubeApp     2026-08-04 17:04:33,729 INFO    : test hist1D '/InDetTrackPerfMonPlots/TrkAnaLRT/Offline/Tracks/Parameters/offl_z0' [KSnorm]
DCubeTester  2026-08-04 17:04:33,732 DEBUG   : gathering statistics along x axis
DCubeTester  2026-08-04 17:04:33,732 DEBUG   : *** Kolmogorov-Smirnoff *** all non-empty bins=202 all equal non-empty bins=202
DCubeTester  2026-08-04 17:04:33,732 DEBUG   : *** Kolmogorov-Smirnoff *** both '/InDetTrackPerfMonPlots/TrkAnaLRT/Offline/Tracks/Parameters/offl_z0' histograms are equal!
DCubeTester  2026-08-04 17:04:33,733 INFO    : *** Kolmogorov-Smirnoff *** (N) p-value=1.000 status=OK
DCubePlotter 2026-08-04 17:04:33,733 DEBUG   : plot called for object of name offl_z0
DCubePlotter 2026-08-04 17:04:33,733 DEBUG   : plotting offl_z0 of type TH1D
DCubePlotter 2026-08-04 17:04:33,781 DEBUG   : plot 'dcube_idtpm_lrt/plots/h1r_ebdc8ed5-9df8-4aa1-9665-f8faf16c9f42.png' has been created
DCubePlotter 2026-08-04 17:04:33,816 DEBUG   : plot 'dcube_idtpm_lrt/plots/h1d_265d19ea-97a9-403d-9fce-21ae79e5d93f.png' has been created
DCubeApp     2026-08-04 17:04:33,816 DEBUG   : child tagName hist1D
DCubeApp     2026-08-04 17:04:33,818 INFO    : test hist1D '/InDetTrackPerfMonPlots/TrkAnaLRT/Offline/Tracks/Parameters/offl_z0sin' [KSnorm]
DCubeTester  2026-08-04 17:04:33,820 DEBUG   : gathering statistics along x axis
DCubeTester  2026-08-04 17:04:33,820 DEBUG   : *** Kolmogorov-Smirnoff *** all non-empty bins=202 all equal non-empty bins=202
DCubeTester  2026-08-04 17:04:33,821 DEBUG   : *** Kolmogorov-Smirnoff *** both '/InDetTrackPerfMonPlots/TrkAnaLRT/Offline/Tracks/Parameters/offl_z0sin' histograms are equal!
DCubeTester  2026-08-04 17:04:33,821 INFO    : *** Kolmogorov-Smirnoff *** (N) p-value=1.000 status=OK
DCubePlotter 2026-08-04 17:04:33,821 DEBUG   : plot called for object of name offl_z0sin
DCubePlotter 2026-08-04 17:04:33,821 DEBUG   : plotting offl_z0sin of type TH1D
DCubePlotter 2026-08-04 17:04:33,887 DEBUG   : plot 'dcube_idtpm_lrt/plots/h1r_65392835-0a7e-4ef0-a520-615ddc1a202c.png' has been created
DCubePlotter 2026-08-04 17:04:33,921 DEBUG   : plot 'dcube_idtpm_lrt/plots/h1d_22a9026d-e0d0-450e-bd97-09c68d91a7e2.png' has been created
DCubeApp     2026-08-04 17:04:33,922 DEBUG   : child tagName hist1D
DCubeApp     2026-08-04 17:04:33,922 INFO    : test hist1D '/InDetTrackPerfMonPlots/TrkAnaLRT/Offline/Tracks/Parameters/offl_phi' [KSnorm]
DCubeTester  2026-08-04 17:04:33,924 DEBUG   : gathering statistics along x axis
DCubeTester  2026-08-04 17:04:33,924 DEBUG   : *** Kolmogorov-Smirnoff *** all non-empty bins=200 all equal non-empty bins=200
DCubeTester  2026-08-04 17:04:33,925 DEBUG   : *** Kolmogorov-Smirnoff *** both '/InDetTrackPerfMonPlots/TrkAnaLRT/Offline/Tracks/Parameters/offl_phi' histograms are equal!
DCubeTester  2026-08-04 17:04:33,925 INFO    : *** Kolmogorov-Smirnoff *** (N) p-value=1.000 status=OK
DCubePlotter 2026-08-04 17:04:33,925 DEBUG   : plot called for object of name offl_phi
DCubePlotter 2026-08-04 17:04:33,925 DEBUG   : plotting offl_phi of type TH1D
DCubePlotter 2026-08-04 17:04:33,984 DEBUG   : plot 'dcube_idtpm_lrt/plots/h1r_ce7bb2e1-991b-42e6-b5a1-2c8dffeefcc7.png' has been created
DCubePlotter 2026-08-04 17:04:34,024 DEBUG   : plot 'dcube_idtpm_lrt/plots/h1d_524d4e47-b2c2-4528-8599-67df912914c9.png' has been created
DCubeApp     2026-08-04 17:04:34,024 DEBUG   : child tagName hist1D
DCubeApp     2026-08-04 17:04:34,024 INFO    : test hist1D '/InDetTrackPerfMonPlots/TrkAnaLRT/Offline/Tracks/Parameters/offl_theta' [KSnorm]
DCubeTester  2026-08-04 17:04:34,027 DEBUG   : gathering statistics along x axis
DCubeTester  2026-08-04 17:04:34,028 DEBUG   : *** Kolmogorov-Smirnoff *** all non-empty bins=184 all equal non-empty bins=184
DCubeTester  2026-08-04 17:04:34,028 DEBUG   : *** Kolmogorov-Smirnoff *** both '/InDetTrackPerfMonPlots/TrkAnaLRT/Offline/Tracks/Parameters/offl_theta' histograms are equal!
DCubeTester  2026-08-04 17:04:34,029 INFO    : *** Kolmogorov-Smirnoff *** (N) p-value=1.000 status=OK
DCubePlotter 2026-08-04 17:04:34,029 DEBUG   : plot called for object of name offl_theta
DCubePlotter 2026-08-04 17:04:34,029 DEBUG   : plotting offl_theta of type TH1D
DCubePlotter 2026-08-04 17:04:34,075 DEBUG   : plot 'dcube_idtpm_lrt/plots/h1r_99f86e2b-6985-436f-9cc9-6a23adf2a111.png' has been created
DCubePlotter 2026-08-04 17:04:34,116 DEBUG   : plot 'dcube_idtpm_lrt/plots/h1d_53f7a757-ddd1-4d74-b1f9-c05e86daef34.png' has been created
DCubeApp     2026-08-04 17:04:34,117 DEBUG   : child tagName hist1D
DCubeApp     2026-08-04 17:04:34,117 INFO    : test hist1D '/InDetTrackPerfMonPlots/TrkAnaLRT/Offline/Tracks/Parameters/offl_eta' [KSnorm]
DCubeTester  2026-08-04 17:04:34,119 DEBUG   : gathering statistics along x axis
DCubeTester  2026-08-04 17:04:34,119 DEBUG   : *** Kolmogorov-Smirnoff *** all non-empty bins=174 all equal non-empty bins=174
DCubeTester  2026-08-04 17:04:34,119 DEBUG   : *** Kolmogorov-Smirnoff *** both '/InDetTrackPerfMonPlots/TrkAnaLRT/Offline/Tracks/Parameters/offl_eta' histograms are equal!
DCubeTester  2026-08-04 17:04:34,119 INFO    : *** Kolmogorov-Smirnoff *** (N) p-value=1.000 status=OK
DCubePlotter 2026-08-04 17:04:34,119 DEBUG   : plot called for object of name offl_eta
DCubePlotter 2026-08-04 17:04:34,120 DEBUG   : plotting offl_eta of type TH1D
DCubePlotter 2026-08-04 17:04:34,166 DEBUG   : plot 'dcube_idtpm_lrt/plots/h1r_fc074a55-6325-4ba2-9834-4b659b7ea4e9.png' has been created
DCubePlotter 2026-08-04 17:04:34,200 DEBUG   : plot 'dcube_idtpm_lrt/plots/h1d_f2e471bc-bd97-4590-9067-7b18685eb6cb.png' has been created
DCubeApp     2026-08-04 17:04:34,204 DEBUG   : child tagName hist1D
DCubeApp     2026-08-04 17:04:34,204 INFO    : test hist1D '/InDetTrackPerfMonPlots/TrkAnaLRT/Offline/Tracks/Parameters/offl_qoverp' [KSnorm]
DCubeTester  2026-08-04 17:04:34,206 DEBUG   : gathering statistics along x axis
DCubeTester  2026-08-04 17:04:34,207 DEBUG   : *** Kolmogorov-Smirnoff *** all non-empty bins=40 all equal non-empty bins=40
DCubeTester  2026-08-04 17:04:34,207 DEBUG   : *** Kolmogorov-Smirnoff *** both '/InDetTrackPerfMonPlots/TrkAnaLRT/Offline/Tracks/Parameters/offl_qoverp' histograms are equal!
DCubeTester  2026-08-04 17:04:34,207 INFO    : *** Kolmogorov-Smirnoff *** (N) p-value=1.000 status=OK
DCubePlotter 2026-08-04 17:04:34,208 DEBUG   : plot called for object of name offl_qoverp
DCubePlotter 2026-08-04 17:04:34,208 DEBUG   : plotting offl_qoverp of type TH1D
DCubePlotter 2026-08-04 17:04:34,234 DEBUG   : plot 'dcube_idtpm_lrt/plots/h1r_37ce61f1-6ac9-4192-83fd-ab86ec21cb1d.png' has been created
DCubePlotter 2026-08-04 17:04:34,256 DEBUG   : plot 'dcube_idtpm_lrt/plots/h1d_dcb1accf-80bf-4a7c-8424-7589a6b1d0ba.png' has been created
DCubeApp     2026-08-04 17:04:34,256 DEBUG   : child tagName hist1D
DCubeApp     2026-08-04 17:04:34,256 INFO    : test hist1D '/InDetTrackPerfMonPlots/TrkAnaLRT/Offline/Tracks/Parameters/offl_pt' [KSnorm]
DCubeTester  2026-08-04 17:04:34,258 DEBUG   : gathering statistics along x axis
DCubeTester  2026-08-04 17:04:34,259 DEBUG   : *** Kolmogorov-Smirnoff *** all non-empty bins=104 all equal non-empty bins=104
DCubeTester  2026-08-04 17:04:34,259 DEBUG   : *** Kolmogorov-Smirnoff *** both '/InDetTrackPerfMonPlots/TrkAnaLRT/Offline/Tracks/Parameters/offl_pt' histograms are equal!
DCubeTester  2026-08-04 17:04:34,259 INFO    : *** Kolmogorov-Smirnoff *** (N) p-value=1.000 status=OK
DCubePlotter 2026-08-04 17:04:34,259 DEBUG   : plot called for object of name offl_pt
DCubePlotter 2026-08-04 17:04:34,259 DEBUG   : plotting offl_pt of type TH1D
DCubePlotter 2026-08-04 17:04:34,293 DEBUG   : plot 'dcube_idtpm_lrt/plots/h1r_3122571a-e40d-420c-ac67-11b2ab4c90df.png' has been created
DCubePlotter 2026-08-04 17:04:34,377 DEBUG   : plot 'dcube_idtpm_lrt/plots/h1d_c5cb5ad0-a1d0-4254-bbc2-c6e9b8cf3a5b.png' has been created
DCubeApp     2026-08-04 17:04:34,377 DEBUG   : child tagName hist1D
DCubeApp     2026-08-04 17:04:34,378 INFO    : test hist1D '/InDetTrackPerfMonPlots/TrkAnaLRT/Offline/Tracks/Parameters/offl_chi2' [KSnorm]
DCubeTester  2026-08-04 17:04:34,379 DEBUG   : gathering statistics along x axis
DCubeTester  2026-08-04 17:04:34,379 DEBUG   : *** Kolmogorov-Smirnoff *** all non-empty bins=152 all equal non-empty bins=152
DCubeTester  2026-08-04 17:04:34,379 DEBUG   : *** Kolmogorov-Smirnoff *** both '/InDetTrackPerfMonPlots/TrkAnaLRT/Offline/Tracks/Parameters/offl_chi2' histograms are equal!
DCubeTester  2026-08-04 17:04:34,380 INFO    : *** Kolmogorov-Smirnoff *** (N) p-value=1.000 status=OK
DCubePlotter 2026-08-04 17:04:34,380 DEBUG   : plot called for object of name offl_chi2
DCubePlotter 2026-08-04 17:04:34,380 DEBUG   : plotting offl_chi2 of type TH1D
DCubePlotter 2026-08-04 17:04:34,424 DEBUG   : plot 'dcube_idtpm_lrt/plots/h1r_ae5daee2-a2b3-42fb-ac75-a5e250e74142.png' has been created
DCubePlotter 2026-08-04 17:04:34,454 DEBUG   : plot 'dcube_idtpm_lrt/plots/h1d_71f8f1dd-d034-4f1c-a5b3-9c8b473f5639.png' has been created
DCubeApp     2026-08-04 17:04:34,454 DEBUG   : child tagName hist1D
DCubeApp     2026-08-04 17:04:34,454 INFO    : test hist1D '/InDetTrackPerfMonPlots/TrkAnaLRT/Offline/Tracks/Parameters/offl_ndof' [KSnorm]
DCubeTester  2026-08-04 17:04:34,456 DEBUG   : gathering statistics along x axis
DCubeTester  2026-08-04 17:04:34,458 DEBUG   : *** Kolmogorov-Smirnoff *** all non-empty bins=76 all equal non-empty bins=76
DCubeTester  2026-08-04 17:04:34,458 DEBUG   : *** Kolmogorov-Smirnoff *** both '/InDetTrackPerfMonPlots/TrkAnaLRT/Offline/Tracks/Parameters/offl_ndof' histograms are equal!
DCubeTester  2026-08-04 17:04:34,459 INFO    : *** Kolmogorov-Smirnoff *** (N) p-value=1.000 status=OK
DCubePlotter 2026-08-04 17:04:34,459 DEBUG   : plot called for object of name offl_ndof
DCubePlotter 2026-08-04 17:04:34,459 DEBUG   : plotting offl_ndof of type TH1D
DCubePlotter 2026-08-04 17:04:34,490 DEBUG   : plot 'dcube_idtpm_lrt/plots/h1r_38a72b78-192a-4408-a0bc-48bdabae2441.png' has been created
DCubePlotter 2026-08-04 17:04:34,520 DEBUG   : plot 'dcube_idtpm_lrt/plots/h1d_8f3ec69d-9e0a-4fc5-a1b9-162566fd5167.png' has been created
DCubeApp     2026-08-04 17:04:34,521 DEBUG   : child tagName hist1D
DCubeApp     2026-08-04 17:04:34,521 INFO    : test hist1D '/InDetTrackPerfMonPlots/TrkAnaLRT/Offline/Tracks/Parameters/offl_chi2OverNdof' [KSnorm]
DCubeTester  2026-08-04 17:04:34,522 DEBUG   : gathering statistics along x axis
DCubeTester  2026-08-04 17:04:34,523 DEBUG   : *** Kolmogorov-Smirnoff *** all non-empty bins=196 all equal non-empty bins=196
DCubeTester  2026-08-04 17:04:34,523 DEBUG   : *** Kolmogorov-Smirnoff *** both '/InDetTrackPerfMonPlots/TrkAnaLRT/Offline/Tracks/Parameters/offl_chi2OverNdof' histograms are equal!
DCubeTester  2026-08-04 17:04:34,523 INFO    : *** Kolmogorov-Smirnoff *** (N) p-value=1.000 status=OK
DCubePlotter 2026-08-04 17:04:34,523 DEBUG   : plot called for object of name offl_chi2OverNdof
DCubePlotter 2026-08-04 17:04:34,523 DEBUG   : plotting offl_chi2OverNdof of type TH1D
DCubePlotter 2026-08-04 17:04:34,576 DEBUG   : plot 'dcube_idtpm_lrt/plots/h1r_3fe158cf-5743-431c-9559-c71a841c1d16.png' has been created
DCubePlotter 2026-08-04 17:04:34,608 DEBUG   : plot 'dcube_idtpm_lrt/plots/h1d_ba4868a4-f7c3-4554-a11a-512d3e50c1aa.png' has been created
DCubeApp     2026-08-04 17:04:34,609 DEBUG   : child tagName hist1D
DCubeApp     2026-08-04 17:04:34,609 INFO    : test hist1D '/InDetTrackPerfMonPlots/TrkAnaLRT/Offline/Tracks/Parameters/offl_author' [KSnorm]
DCubeTester  2026-08-04 17:04:34,610 DEBUG   : gathering statistics along x axis
DCubeTester  2026-08-04 17:04:34,611 DEBUG   : *** Kolmogorov-Smirnoff *** all non-empty bins=6 all equal non-empty bins=6
DCubeTester  2026-08-04 17:04:34,611 DEBUG   : *** Kolmogorov-Smirnoff *** both '/InDetTrackPerfMonPlots/TrkAnaLRT/Offline/Tracks/Parameters/offl_author' histograms are equal!
DCubeTester  2026-08-04 17:04:34,611 INFO    : *** Kolmogorov-Smirnoff *** (N) p-value=1.000 status=OK
DCubePlotter 2026-08-04 17:04:34,611 DEBUG   : plot called for object of name offl_author
DCubePlotter 2026-08-04 17:04:34,611 DEBUG   : plotting offl_author of type TH1D
DCubePlotter 2026-08-04 17:04:34,632 DEBUG   : plot 'dcube_idtpm_lrt/plots/h1r_ec546853-1701-4421-b3f6-96c757d1f254.png' has been created
DCubePlotter 2026-08-04 17:04:34,657 DEBUG   : plot 'dcube_idtpm_lrt/plots/h1d_73626469-d074-4f08-acaf-03de48fe45f3.png' has been created
DCubeApp     2026-08-04 17:04:34,657 DEBUG   : child tagName hist1D
DCubeApp     2026-08-04 17:04:34,658 INFO    : test hist1D '/InDetTrackPerfMonPlots/TrkAnaLRT/Offline/Tracks/Parameters/truth_d0' [KSnorm]
DCubeTester  2026-08-04 17:04:34,659 DEBUG   : gathering statistics along x axis
DCubeTester  2026-08-04 17:04:34,660 DEBUG   : *** Kolmogorov-Smirnoff *** all non-empty bins=42 all equal non-empty bins=42
DCubeTester  2026-08-04 17:04:34,660 DEBUG   : *** Kolmogorov-Smirnoff *** both '/InDetTrackPerfMonPlots/TrkAnaLRT/Offline/Tracks/Parameters/truth_d0' histograms are equal!
DCubeTester  2026-08-04 17:04:34,660 INFO    : *** Kolmogorov-Smirnoff *** (N) p-value=1.000 status=OK
DCubePlotter 2026-08-04 17:04:34,661 DEBUG   : plot called for object of name truth_d0
DCubePlotter 2026-08-04 17:04:34,661 DEBUG   : plotting truth_d0 of type TH1D
DCubePlotter 2026-08-04 17:04:34,701 DEBUG   : plot 'dcube_idtpm_lrt/plots/h1r_0d6c39c2-18f8-400a-906b-57be9f05bf19.png' has been created
DCubePlotter 2026-08-04 17:04:34,726 DEBUG   : plot 'dcube_idtpm_lrt/plots/h1d_9f8cec0a-0748-456d-8b3f-318152d82706.png' has been created
DCubeApp     2026-08-04 17:04:34,727 DEBUG   : child tagName hist1D
DCubeApp     2026-08-04 17:04:34,727 INFO    : test hist1D '/InDetTrackPerfMonPlots/TrkAnaLRT/Offline/Tracks/Parameters/truth_z0' [KSnorm]
DCubeTester  2026-08-04 17:04:34,729 DEBUG   : gathering statistics along x axis
DCubeTester  2026-08-04 17:04:34,729 DEBUG   : *** Kolmogorov-Smirnoff *** all non-empty bins=80 all equal non-empty bins=80
DCubeTester  2026-08-04 17:04:34,730 DEBUG   : *** Kolmogorov-Smirnoff *** both '/InDetTrackPerfMonPlots/TrkAnaLRT/Offline/Tracks/Parameters/truth_z0' histograms are equal!
DCubeTester  2026-08-04 17:04:34,730 INFO    : *** Kolmogorov-Smirnoff *** (N) p-value=1.000 status=OK
DCubePlotter 2026-08-04 17:04:34,730 DEBUG   : plot called for object of name truth_z0
DCubePlotter 2026-08-04 17:04:34,730 DEBUG   : plotting truth_z0 of type TH1D
DCubePlotter 2026-08-04 17:04:34,765 DEBUG   : plot 'dcube_idtpm_lrt/plots/h1r_3eda5974-2483-4278-9f8d-57bc9424ccb4.png' has been created
DCubePlotter 2026-08-04 17:04:34,817 DEBUG   : plot 'dcube_idtpm_lrt/plots/h1d_d7f7a3ef-2178-46e0-b3df-7bb63a89d760.png' has been created
DCubeApp     2026-08-04 17:04:34,817 DEBUG   : child tagName hist1D
DCubeApp     2026-08-04 17:04:34,818 INFO    : test hist1D '/InDetTrackPerfMonPlots/TrkAnaLRT/Offline/Tracks/Parameters/truth_z0sin' [KSnorm]
DCubeTester  2026-08-04 17:04:34,819 DEBUG   : gathering statistics along x axis
DCubeTester  2026-08-04 17:04:34,821 DEBUG   : *** Kolmogorov-Smirnoff *** all non-empty bins=202 all equal non-empty bins=202
DCubeTester  2026-08-04 17:04:34,821 DEBUG   : *** Kolmogorov-Smirnoff *** both '/InDetTrackPerfMonPlots/TrkAnaLRT/Offline/Tracks/Parameters/truth_z0sin' histograms are equal!
DCubeTester  2026-08-04 17:04:34,821 INFO    : *** Kolmogorov-Smirnoff *** (N) p-value=1.000 status=OK
DCubePlotter 2026-08-04 17:04:34,822 DEBUG   : plot called for object of name truth_z0sin
DCubePlotter 2026-08-04 17:04:34,822 DEBUG   : plotting truth_z0sin of type TH1D
DCubePlotter 2026-08-04 17:04:34,876 DEBUG   : plot 'dcube_idtpm_lrt/plots/h1r_fa26f947-465e-4423-aa55-aace04778f0e.png' has been created
DCubePlotter 2026-08-04 17:04:34,943 DEBUG   : plot 'dcube_idtpm_lrt/plots/h1d_1b3aaa19-996f-4157-92d1-2c458738bcb4.png' has been created
DCubeApp     2026-08-04 17:04:34,943 DEBUG   : child tagName hist1D
DCubeApp     2026-08-04 17:04:34,943 INFO    : test hist1D '/InDetTrackPerfMonPlots/TrkAnaLRT/Offline/Tracks/Parameters/truth_phi' [KSnorm]
DCubeTester  2026-08-04 17:04:34,947 DEBUG   : gathering statistics along x axis
DCubeTester  2026-08-04 17:04:34,948 DEBUG   : *** Kolmogorov-Smirnoff *** all non-empty bins=200 all equal non-empty bins=154
DCubeTester  2026-08-04 17:04:34,948 INFO    : *** Kolmogorov-Smirnoff *** (N) p-value=1.000 status=OK
DCubePlotter 2026-08-04 17:04:34,948 DEBUG   : plot called for object of name truth_phi
DCubePlotter 2026-08-04 17:04:34,948 DEBUG   : plotting truth_phi of type TH1D
DCubePlotter 2026-08-04 17:04:34,999 DEBUG   : plot 'dcube_idtpm_lrt/plots/h1r_34cd8771-1200-4a7c-b269-f45c832278b2.png' has been created
DCubePlotter 2026-08-04 17:04:35,035 DEBUG   : plot 'dcube_idtpm_lrt/plots/h1d_6042aef3-b0a9-4a9e-9c3a-760b0f9db393.png' has been created
DCubeApp     2026-08-04 17:04:35,035 DEBUG   : child tagName hist1D
DCubeApp     2026-08-04 17:04:35,035 INFO    : test hist1D '/InDetTrackPerfMonPlots/TrkAnaLRT/Offline/Tracks/Parameters/truth_theta' [KSnorm]
DCubeTester  2026-08-04 17:04:35,038 DEBUG   : gathering statistics along x axis
DCubeTester  2026-08-04 17:04:35,039 DEBUG   : *** Kolmogorov-Smirnoff *** all non-empty bins=188 all equal non-empty bins=188
DCubeTester  2026-08-04 17:04:35,040 DEBUG   : *** Kolmogorov-Smirnoff *** both '/InDetTrackPerfMonPlots/TrkAnaLRT/Offline/Tracks/Parameters/truth_theta' histograms are equal!
DCubeTester  2026-08-04 17:04:35,040 INFO    : *** Kolmogorov-Smirnoff *** (N) p-value=1.000 status=OK
DCubePlotter 2026-08-04 17:04:35,040 DEBUG   : plot called for object of name truth_theta
DCubePlotter 2026-08-04 17:04:35,040 DEBUG   : plotting truth_theta of type TH1D
DCubePlotter 2026-08-04 17:04:35,090 DEBUG   : plot 'dcube_idtpm_lrt/plots/h1r_709efd73-6356-4fbe-a74a-7e600812c486.png' has been created
DCubePlotter 2026-08-04 17:04:35,124 DEBUG   : plot 'dcube_idtpm_lrt/plots/h1d_d8eaaac5-92d0-42a0-95af-28d699483906.png' has been created
DCubeApp     2026-08-04 17:04:35,124 DEBUG   : child tagName hist1D
DCubeApp     2026-08-04 17:04:35,124 INFO    : test hist1D '/InDetTrackPerfMonPlots/TrkAnaLRT/Offline/Tracks/Parameters/truth_eta' [KSnorm]
DCubeTester  2026-08-04 17:04:35,133 DEBUG   : gathering statistics along x axis
DCubeTester  2026-08-04 17:04:35,134 DEBUG   : *** Kolmogorov-Smirnoff *** all non-empty bins=200 all equal non-empty bins=200
DCubeTester  2026-08-04 17:04:35,134 DEBUG   : *** Kolmogorov-Smirnoff *** both '/InDetTrackPerfMonPlots/TrkAnaLRT/Offline/Tracks/Parameters/truth_eta' histograms are equal!
DCubeTester  2026-08-04 17:04:35,134 INFO    : *** Kolmogorov-Smirnoff *** (N) p-value=1.000 status=OK
DCubePlotter 2026-08-04 17:04:35,135 DEBUG   : plot called for object of name truth_eta
DCubePlotter 2026-08-04 17:04:35,135 DEBUG   : plotting truth_eta of type TH1D
DCubePlotter 2026-08-04 17:04:35,191 DEBUG   : plot 'dcube_idtpm_lrt/plots/h1r_3000f639-2136-4bd4-8cdb-6bbb36667ce8.png' has been created
DCubePlotter 2026-08-04 17:04:35,224 DEBUG   : plot 'dcube_idtpm_lrt/plots/h1d_96c1d0d8-06a3-4bd4-8c02-6970e3abfaf5.png' has been created
DCubeApp     2026-08-04 17:04:35,224 DEBUG   : child tagName hist1D
DCubeApp     2026-08-04 17:04:35,225 INFO    : test hist1D '/InDetTrackPerfMonPlots/TrkAnaLRT/Offline/Tracks/Parameters/truth_qoverp' [KSnorm]
DCubeTester  2026-08-04 17:04:35,226 DEBUG   : gathering statistics along x axis
DCubeTester  2026-08-04 17:04:35,227 DEBUG   : *** Kolmogorov-Smirnoff *** all non-empty bins=80 all equal non-empty bins=80
DCubeTester  2026-08-04 17:04:35,227 DEBUG   : *** Kolmogorov-Smirnoff *** both '/InDetTrackPerfMonPlots/TrkAnaLRT/Offline/Tracks/Parameters/truth_qoverp' histograms are equal!
DCubeTester  2026-08-04 17:04:35,227 INFO    : *** Kolmogorov-Smirnoff *** (N) p-value=1.000 status=OK
DCubePlotter 2026-08-04 17:04:35,227 DEBUG   : plot called for object of name truth_qoverp
DCubePlotter 2026-08-04 17:04:35,228 DEBUG   : plotting truth_qoverp of type TH1D
DCubePlotter 2026-08-04 17:04:35,273 DEBUG   : plot 'dcube_idtpm_lrt/plots/h1r_50557107-4d2d-492d-be7a-7cdd08c2b141.png' has been created
DCubePlotter 2026-08-04 17:04:35,340 DEBUG   : plot 'dcube_idtpm_lrt/plots/h1d_1e2e90cf-b7f4-41e0-ae03-4d8267eb5573.png' has been created
DCubeApp     2026-08-04 17:04:35,340 DEBUG   : child tagName hist1D
DCubeApp     2026-08-04 17:04:35,341 INFO    : test hist1D '/InDetTrackPerfMonPlots/TrkAnaLRT/Offline/Tracks/Parameters/truth_pt' [KSnorm]
DCubeTester  2026-08-04 17:04:35,342 DEBUG   : gathering statistics along x axis
DCubeTester  2026-08-04 17:04:35,343 DEBUG   : *** Kolmogorov-Smirnoff *** all non-empty bins=144 all equal non-empty bins=144
DCubeTester  2026-08-04 17:04:35,343 DEBUG   : *** Kolmogorov-Smirnoff *** both '/InDetTrackPerfMonPlots/TrkAnaLRT/Offline/Tracks/Parameters/truth_pt' histograms are equal!
DCubeTester  2026-08-04 17:04:35,343 INFO    : *** Kolmogorov-Smirnoff *** (N) p-value=1.000 status=OK
DCubePlotter 2026-08-04 17:04:35,343 DEBUG   : plot called for object of name truth_pt
DCubePlotter 2026-08-04 17:04:35,343 DEBUG   : plotting truth_pt of type TH1D
DCubePlotter 2026-08-04 17:04:35,398 DEBUG   : plot 'dcube_idtpm_lrt/plots/h1r_8d161f91-efad-4dfd-b33e-861b181f4b2f.png' has been created
DCubePlotter 2026-08-04 17:04:35,431 DEBUG   : plot 'dcube_idtpm_lrt/plots/h1d_41a31249-5bbf-4395-a6f3-738a97abf8b9.png' has been created
DCubeApp     2026-08-04 17:04:35,431 DEBUG   : child tagName hist1D
DCubeApp     2026-08-04 17:04:35,431 INFO    : test hist1D '/InDetTrackPerfMonPlots/TrkAnaLRT/Offline/Tracks/Parameters/truth_prodR' [KSnorm]
DCubeTester  2026-08-04 17:04:35,433 DEBUG   : gathering statistics along x axis
DCubeTester  2026-08-04 17:04:35,433 DEBUG   : *** Kolmogorov-Smirnoff *** all non-empty bins=30 all equal non-empty bins=30
DCubeTester  2026-08-04 17:04:35,433 DEBUG   : *** Kolmogorov-Smirnoff *** both '/InDetTrackPerfMonPlots/TrkAnaLRT/Offline/Tracks/Parameters/truth_prodR' histograms are equal!
DCubeTester  2026-08-04 17:04:35,434 INFO    : *** Kolmogorov-Smirnoff *** (N) p-value=1.000 status=OK
DCubePlotter 2026-08-04 17:04:35,434 DEBUG   : plot called for object of name truth_prodR
DCubePlotter 2026-08-04 17:04:35,434 DEBUG   : plotting truth_prodR of type TH1D
DCubePlotter 2026-08-04 17:04:35,465 DEBUG   : plot 'dcube_idtpm_lrt/plots/h1r_68f2b964-d6d6-4828-a722-2ed6dd0b30b5.png' has been created
DCubePlotter 2026-08-04 17:04:35,490 DEBUG   : plot 'dcube_idtpm_lrt/plots/h1d_31a4dbe5-6460-47c4-a8ff-1f78dc5436d9.png' has been created
DCubeApp     2026-08-04 17:04:35,490 DEBUG   : child tagName hist1D
DCubeApp     2026-08-04 17:04:35,492 INFO    : test hist1D '/InDetTrackPerfMonPlots/TrkAnaLRT/Offline/Tracks/Parameters/truth_prodZ' [KSnorm]
DCubeTester  2026-08-04 17:04:35,493 DEBUG   : gathering statistics along x axis
DCubeTester  2026-08-04 17:04:35,494 DEBUG   : *** Kolmogorov-Smirnoff *** all non-empty bins=88 all equal non-empty bins=88
DCubeTester  2026-08-04 17:04:35,494 DEBUG   : *** Kolmogorov-Smirnoff *** both '/InDetTrackPerfMonPlots/TrkAnaLRT/Offline/Tracks/Parameters/truth_prodZ' histograms are equal!
DCubeTester  2026-08-04 17:04:35,494 INFO    : *** Kolmogorov-Smirnoff *** (N) p-value=1.000 status=OK
DCubePlotter 2026-08-04 17:04:35,494 DEBUG   : plot called for object of name truth_prodZ
DCubePlotter 2026-08-04 17:04:35,495 DEBUG   : plotting truth_prodZ of type TH1D
DCubePlotter 2026-08-04 17:04:35,528 DEBUG   : plot 'dcube_idtpm_lrt/plots/h1r_02c81f91-1456-4522-98b6-15bd18dd932b.png' has been created
DCubePlotter 2026-08-04 17:04:35,574 DEBUG   : plot 'dcube_idtpm_lrt/plots/h1d_1733d0e7-74d7-426f-a3fe-d9652c273797.png' has been created
DCubeApp     2026-08-04 17:04:35,574 DEBUG   : TDirectory /InDetTrackPerfMonPlots/TrkAnaLRT/Offline/Tracks/Parameters status OK
DCubeApp     2026-08-04 17:04:35,575 DEBUG   : child tagName TDirectory
DCubeApp     2026-08-04 17:04:35,575 DEBUG   : now testing objects in path = /InDetTrackPerfMonPlots/TrkAnaLRT/Offline/Tracks/HitsOnTracks
DCubeApp     2026-08-04 17:04:35,575 DEBUG   : child tagName hist1D
DCubeApp     2026-08-04 17:04:35,576 INFO    : test hist1D '/InDetTrackPerfMonPlots/TrkAnaLRT/Offline/Tracks/HitsOnTracks/offl_nPixelHits' [KS]
DCubeTester  2026-08-04 17:04:35,640 DEBUG   : gathering statistics along x axis
DCubeTester  2026-08-04 17:04:35,641 DEBUG   : *** Kolmogorov-Smirnoff *** all non-empty bins=16 all equal non-empty bins=16
DCubeTester  2026-08-04 17:04:35,641 DEBUG   : *** Kolmogorov-Smirnoff *** both '/InDetTrackPerfMonPlots/TrkAnaLRT/Offline/Tracks/HitsOnTracks/offl_nPixelHits' histograms are equal!
DCubeTester  2026-08-04 17:04:35,641 INFO    : *** Kolmogorov-Smirnoff *** () p-value=1.000 status=OK
DCubePlotter 2026-08-04 17:04:35,641 DEBUG   : plot called for object of name offl_nPixelHits
DCubePlotter 2026-08-04 17:04:35,642 DEBUG   : plotting offl_nPixelHits of type TH1D
DCubePlotter 2026-08-04 17:04:35,680 DEBUG   : plot 'dcube_idtpm_lrt/plots/h1r_028878df-6cc7-40a0-ac51-0bd4939465e4.png' has been created
DCubePlotter 2026-08-04 17:04:35,704 DEBUG   : plot 'dcube_idtpm_lrt/plots/h1d_d5925233-0a03-4a50-9b03-0a74d58f5beb.png' has been created
DCubeApp     2026-08-04 17:04:35,704 DEBUG   : child tagName hist1D
DCubeApp     2026-08-04 17:04:35,705 INFO    : test hist1D '/InDetTrackPerfMonPlots/TrkAnaLRT/Offline/Tracks/HitsOnTracks/offl_nSCTHits' [KS]
DCubeTester  2026-08-04 17:04:35,739 DEBUG   : gathering statistics along x axis
DCubeTester  2026-08-04 17:04:35,740 DEBUG   : *** Kolmogorov-Smirnoff *** all non-empty bins=22 all equal non-empty bins=22
DCubeTester  2026-08-04 17:04:35,741 DEBUG   : *** Kolmogorov-Smirnoff *** both '/InDetTrackPerfMonPlots/TrkAnaLRT/Offline/Tracks/HitsOnTracks/offl_nSCTHits' histograms are equal!
DCubeTester  2026-08-04 17:04:35,741 INFO    : *** Kolmogorov-Smirnoff *** () p-value=1.000 status=OK
DCubePlotter 2026-08-04 17:04:35,742 DEBUG   : plot called for object of name offl_nSCTHits
DCubePlotter 2026-08-04 17:04:35,742 DEBUG   : plotting offl_nSCTHits of type TH1D
DCubePlotter 2026-08-04 17:04:35,775 DEBUG   : plot 'dcube_idtpm_lrt/plots/h1r_eab6a0d2-43cb-49c3-a14a-afb9ec681f42.png' has been created
DCubePlotter 2026-08-04 17:04:35,807 DEBUG   : plot 'dcube_idtpm_lrt/plots/h1d_d2294a74-ac3a-42be-82dd-a3cdca0439ef.png' has been created
DCubeApp     2026-08-04 17:04:35,808 DEBUG   : child tagName hist1D
DCubeApp     2026-08-04 17:04:35,808 INFO    : test hist1D '/InDetTrackPerfMonPlots/TrkAnaLRT/Offline/Tracks/HitsOnTracks/offl_nInnerMostPixelHits_vs_offl_eta' [meany]
DCubeTester  2026-08-04 17:04:35,866 DEBUG   : gathering statistics along x axis
DCubeTester  2026-08-04 17:04:35,868 DEBUG   : gathering statistics along y axis
DCubeTester  2026-08-04 17:04:35,869 DEBUG   : *** MeanY Test *** refMean=5.197 and monMean=5.197
DCubeTester  2026-08-04 17:04:35,869 INFO    : *** Mean Test *** p-value=0.000 status=OK
DCubePlotter 2026-08-04 17:04:35,869 DEBUG   : plot called for object of name offl_nInnerMostPixelHits_vs_offl_eta
DCubePlotter 2026-08-04 17:04:35,870 DEBUG   : plotting offl_nInnerMostPixelHits_vs_offl_eta of type TProfile
DCubePlotter 2026-08-04 17:04:35,949 DEBUG   : plot 'dcube_idtpm_lrt/plots/p1r_4b794a93-5d23-4a40-a3c0-d0853623bfe5.png' has been created
DCubePlotter 2026-08-04 17:04:35,987 DEBUG   : plot 'dcube_idtpm_lrt/plots/p1d_9abc6589-100d-41b9-a7ae-036e7b98cac2.png' has been created
DCubeApp     2026-08-04 17:04:35,987 DEBUG   : child tagName hist1D
DCubeApp     2026-08-04 17:04:35,987 INFO    : test hist1D '/InDetTrackPerfMonPlots/TrkAnaLRT/Offline/Tracks/HitsOnTracks/offl_nNextToInnerMostPixelHits_vs_offl_eta' [meany]
DCubeTester  2026-08-04 17:04:35,990 DEBUG   : gathering statistics along x axis
DCubeTester  2026-08-04 17:04:35,991 DEBUG   : gathering statistics along y axis
DCubeTester  2026-08-04 17:04:35,991 DEBUG   : *** MeanY Test *** refMean=13.651 and monMean=13.651
DCubeTester  2026-08-04 17:04:35,991 INFO    : *** Mean Test *** p-value=0.000 status=OK
DCubePlotter 2026-08-04 17:04:35,991 DEBUG   : plot called for object of name offl_nNextToInnerMostPixelHits_vs_offl_eta
DCubePlotter 2026-08-04 17:04:35,992 DEBUG   : plotting offl_nNextToInnerMostPixelHits_vs_offl_eta of type TProfile
DCubePlotter 2026-08-04 17:04:36,033 DEBUG   : plot 'dcube_idtpm_lrt/plots/p1r_0e5b99d7-79e0-4cf2-95cc-5e3420eb5d86.png' has been created
DCubePlotter 2026-08-04 17:04:36,062 DEBUG   : plot 'dcube_idtpm_lrt/plots/p1d_f439be04-8671-4c8d-a20f-61b276258869.png' has been created
DCubeApp     2026-08-04 17:04:36,062 DEBUG   : child tagName hist1D
DCubeApp     2026-08-04 17:04:36,063 INFO    : test hist1D '/InDetTrackPerfMonPlots/TrkAnaLRT/Offline/Tracks/HitsOnTracks/offl_nPixelHits_vs_offl_eta' [meany]
DCubeTester  2026-08-04 17:04:36,064 DEBUG   : gathering statistics along x axis
DCubeTester  2026-08-04 17:04:36,065 DEBUG   : gathering statistics along y axis
DCubeTester  2026-08-04 17:04:36,065 DEBUG   : *** MeanY Test *** refMean=89.606 and monMean=89.606
DCubeTester  2026-08-04 17:04:36,065 INFO    : *** Mean Test *** p-value=0.000 status=OK
DCubePlotter 2026-08-04 17:04:36,065 DEBUG   : plot called for object of name offl_nPixelHits_vs_offl_eta
DCubePlotter 2026-08-04 17:04:36,065 DEBUG   : plotting offl_nPixelHits_vs_offl_eta of type TProfile
DCubePlotter 2026-08-04 17:04:36,106 DEBUG   : plot 'dcube_idtpm_lrt/plots/p1r_cfa27066-2817-4193-9e4e-c04d11d9b915.png' has been created
DCubePlotter 2026-08-04 17:04:36,135 DEBUG   : plot 'dcube_idtpm_lrt/plots/p1d_057b3527-0223-48bf-b8f2-e08094afcd38.png' has been created
DCubeApp     2026-08-04 17:04:36,135 DEBUG   : child tagName hist1D
DCubeApp     2026-08-04 17:04:36,135 INFO    : test hist1D '/InDetTrackPerfMonPlots/TrkAnaLRT/Offline/Tracks/HitsOnTracks/offl_nSCTHits_vs_offl_eta' [meany]
DCubeTester  2026-08-04 17:04:36,137 DEBUG   : gathering statistics along x axis
DCubeTester  2026-08-04 17:04:36,137 DEBUG   : gathering statistics along y axis
DCubeTester  2026-08-04 17:04:36,138 DEBUG   : *** MeanY Test *** refMean=780.088 and monMean=780.088
DCubeTester  2026-08-04 17:04:36,138 INFO    : *** Mean Test *** p-value=0.000 status=OK
DCubePlotter 2026-08-04 17:04:36,138 DEBUG   : plot called for object of name offl_nSCTHits_vs_offl_eta
DCubePlotter 2026-08-04 17:04:36,138 DEBUG   : plotting offl_nSCTHits_vs_offl_eta of type TProfile
DCubePlotter 2026-08-04 17:04:36,183 DEBUG   : plot 'dcube_idtpm_lrt/plots/p1r_31db763e-e420-454e-8071-72881b40d266.png' has been created
DCubePlotter 2026-08-04 17:04:36,222 DEBUG   : plot 'dcube_idtpm_lrt/plots/p1d_f1b2661e-0f48-4bee-9c19-121be3affb54.png' has been created
DCubeApp     2026-08-04 17:04:36,222 DEBUG   : child tagName hist1D
DCubeApp     2026-08-04 17:04:36,222 INFO    : test hist1D '/InDetTrackPerfMonPlots/TrkAnaLRT/Offline/Tracks/HitsOnTracks/offl_nPixelHoles_vs_offl_eta' [meany]
DCubeTester  2026-08-04 17:04:36,225 DEBUG   : gathering statistics along x axis
DCubeTester  2026-08-04 17:04:36,225 DEBUG   : gathering statistics along y axis
DCubeTester  2026-08-04 17:04:36,225 DEBUG   : *** MeanY Test *** refMean=21.520 and monMean=21.520
DCubeTester  2026-08-04 17:04:36,225 INFO    : *** Mean Test *** p-value=0.000 status=OK
DCubePlotter 2026-08-04 17:04:36,226 DEBUG   : plot called for object of name offl_nPixelHoles_vs_offl_eta
DCubePlotter 2026-08-04 17:04:36,226 DEBUG   : plotting offl_nPixelHoles_vs_offl_eta of type TProfile
DCubePlotter 2026-08-04 17:04:36,265 DEBUG   : plot 'dcube_idtpm_lrt/plots/p1r_c05c39c5-0d68-4e54-b195-7f72b6f5cb3c.png' has been created
DCubePlotter 2026-08-04 17:04:36,315 DEBUG   : plot 'dcube_idtpm_lrt/plots/p1d_561f2567-4550-47d9-b2fb-e133b7421cae.png' has been created
DCubeApp     2026-08-04 17:04:36,316 DEBUG   : child tagName hist1D
DCubeApp     2026-08-04 17:04:36,316 INFO    : test hist1D '/InDetTrackPerfMonPlots/TrkAnaLRT/Offline/Tracks/HitsOnTracks/offl_nInnerMostPixelHits_vs_offl_phi' [meany]
DCubeTester  2026-08-04 17:04:36,427 DEBUG   : gathering statistics along x axis
DCubeTester  2026-08-04 17:04:36,427 DEBUG   : gathering statistics along y axis
DCubeTester  2026-08-04 17:04:36,428 DEBUG   : *** MeanY Test *** refMean=5.197 and monMean=5.197
DCubeTester  2026-08-04 17:04:36,428 INFO    : *** Mean Test *** p-value=0.000 status=OK
DCubePlotter 2026-08-04 17:04:36,431 DEBUG   : plot called for object of name offl_nInnerMostPixelHits_vs_offl_phi
DCubePlotter 2026-08-04 17:04:36,431 DEBUG   : plotting offl_nInnerMostPixelHits_vs_offl_phi of type TProfile
DCubePlotter 2026-08-04 17:04:36,474 DEBUG   : plot 'dcube_idtpm_lrt/plots/p1r_8c878ec0-5b5e-4f64-9bbc-d1f6f41565e1.png' has been created
DCubePlotter 2026-08-04 17:04:36,504 DEBUG   : plot 'dcube_idtpm_lrt/plots/p1d_390c6452-d167-456f-8faa-9393766d7d3d.png' has been created
DCubeApp     2026-08-04 17:04:36,504 DEBUG   : child tagName hist1D
DCubeApp     2026-08-04 17:04:36,505 INFO    : test hist1D '/InDetTrackPerfMonPlots/TrkAnaLRT/Offline/Tracks/HitsOnTracks/offl_nNextToInnerMostPixelHits_vs_offl_phi' [meany]
DCubeTester  2026-08-04 17:04:36,508 DEBUG   : gathering statistics along x axis
DCubeTester  2026-08-04 17:04:36,508 DEBUG   : gathering statistics along y axis
DCubeTester  2026-08-04 17:04:36,508 DEBUG   : *** MeanY Test *** refMean=13.651 and monMean=13.651
DCubeTester  2026-08-04 17:04:36,508 INFO    : *** Mean Test *** p-value=0.000 status=OK
DCubePlotter 2026-08-04 17:04:36,509 DEBUG   : plot called for object of name offl_nNextToInnerMostPixelHits_vs_offl_phi
DCubePlotter 2026-08-04 17:04:36,509 DEBUG   : plotting offl_nNextToInnerMostPixelHits_vs_offl_phi of type TProfile
DCubePlotter 2026-08-04 17:04:36,565 DEBUG   : plot 'dcube_idtpm_lrt/plots/p1r_21728802-2158-415e-a61e-c8e8d96b14fb.png' has been created
DCubePlotter 2026-08-04 17:04:36,612 DEBUG   : plot 'dcube_idtpm_lrt/plots/p1d_1569e0bc-3156-4aad-8139-bbde6fd44ec9.png' has been created
DCubeApp     2026-08-04 17:04:36,612 DEBUG   : child tagName hist1D
DCubeApp     2026-08-04 17:04:36,613 INFO    : test hist1D '/InDetTrackPerfMonPlots/TrkAnaLRT/Offline/Tracks/HitsOnTracks/offl_nPixelHits_vs_offl_phi' [meany]
DCubeTester  2026-08-04 17:04:36,615 DEBUG   : gathering statistics along x axis
DCubeTester  2026-08-04 17:04:36,615 DEBUG   : gathering statistics along y axis
DCubeTester  2026-08-04 17:04:36,615 DEBUG   : *** MeanY Test *** refMean=89.606 and monMean=89.606
DCubeTester  2026-08-04 17:04:36,616 INFO    : *** Mean Test *** p-value=0.000 status=OK
DCubePlotter 2026-08-04 17:04:36,620 DEBUG   : plot called for object of name offl_nPixelHits_vs_offl_phi
DCubePlotter 2026-08-04 17:04:36,620 DEBUG   : plotting offl_nPixelHits_vs_offl_phi of type TProfile
DCubePlotter 2026-08-04 17:04:36,665 DEBUG   : plot 'dcube_idtpm_lrt/plots/p1r_11479f6f-889e-4f92-a8bc-328d4670afe4.png' has been created
DCubePlotter 2026-08-04 17:04:36,725 DEBUG   : plot 'dcube_idtpm_lrt/plots/p1d_18ddc9b3-17ee-45fc-98b1-cc5bc2926c8c.png' has been created
DCubeApp     2026-08-04 17:04:36,725 DEBUG   : child tagName hist1D
DCubeApp     2026-08-04 17:04:36,726 INFO    : test hist1D '/InDetTrackPerfMonPlots/TrkAnaLRT/Offline/Tracks/HitsOnTracks/offl_nSCTHits_vs_offl_phi' [meany]
DCubeTester  2026-08-04 17:04:36,728 DEBUG   : gathering statistics along x axis
DCubeTester  2026-08-04 17:04:36,729 DEBUG   : gathering statistics along y axis
DCubeTester  2026-08-04 17:04:36,729 DEBUG   : *** MeanY Test *** refMean=780.088 and monMean=780.088
DCubeTester  2026-08-04 17:04:36,730 INFO    : *** Mean Test *** p-value=0.000 status=OK
DCubePlotter 2026-08-04 17:04:36,731 DEBUG   : plot called for object of name offl_nSCTHits_vs_offl_phi
DCubePlotter 2026-08-04 17:04:36,731 DEBUG   : plotting offl_nSCTHits_vs_offl_phi of type TProfile
DCubePlotter 2026-08-04 17:04:36,795 DEBUG   : plot 'dcube_idtpm_lrt/plots/p1r_945080ea-1387-42c2-a823-a70206fec71d.png' has been created
DCubePlotter 2026-08-04 17:04:36,836 DEBUG   : plot 'dcube_idtpm_lrt/plots/p1d_a6972476-6825-4fe5-9f66-00175cfa89ac.png' has been created
DCubeApp     2026-08-04 17:04:36,837 DEBUG   : child tagName hist1D
DCubeApp     2026-08-04 17:04:36,837 INFO    : test hist1D '/InDetTrackPerfMonPlots/TrkAnaLRT/Offline/Tracks/HitsOnTracks/offl_nPixelHoles_vs_offl_phi' [meany]
DCubeTester  2026-08-04 17:04:36,842 DEBUG   : gathering statistics along x axis
DCubeTester  2026-08-04 17:04:36,842 DEBUG   : gathering statistics along y axis
DCubeTester  2026-08-04 17:04:36,842 DEBUG   : *** MeanY Test *** refMean=21.520 and monMean=21.520
DCubeTester  2026-08-04 17:04:36,842 INFO    : *** Mean Test *** p-value=0.000 status=OK
DCubePlotter 2026-08-04 17:04:36,843 DEBUG   : plot called for object of name offl_nPixelHoles_vs_offl_phi
DCubePlotter 2026-08-04 17:04:36,843 DEBUG   : plotting offl_nPixelHoles_vs_offl_phi of type TProfile
DCubePlotter 2026-08-04 17:04:37,929 DEBUG   : plot 'dcube_idtpm_lrt/plots/p1r_830cd232-a849-4c78-a20b-dcf5bdcf6f39.png' has been created
DCubePlotter 2026-08-04 17:04:37,981 DEBUG   : plot 'dcube_idtpm_lrt/plots/p1d_d548bca3-2a10-41f8-8f84-a6658daf1662.png' has been created
DCubeApp     2026-08-04 17:04:37,982 DEBUG   : child tagName hist1D
DCubeApp     2026-08-04 17:04:37,982 INFO    : test hist1D '/InDetTrackPerfMonPlots/TrkAnaLRT/Offline/Tracks/HitsOnTracks/offl_nInnerMostPixelOutliers_vs_offl_eta' [meany]
DCubeTester  2026-08-04 17:04:38,050 DEBUG   : gathering statistics along x axis
DCubeTester  2026-08-04 17:04:38,051 DEBUG   : gathering statistics along y axis
DCubeTester  2026-08-04 17:04:38,051 DEBUG   : *** MeanY Test *** refMean=0.209 and monMean=0.209
DCubeTester  2026-08-04 17:04:38,051 INFO    : *** Mean Test *** p-value=0.000 status=OK
DCubePlotter 2026-08-04 17:04:38,051 DEBUG   : plot called for object of name offl_nInnerMostPixelOutliers_vs_offl_eta
DCubePlotter 2026-08-04 17:04:38,051 DEBUG   : plotting offl_nInnerMostPixelOutliers_vs_offl_eta of type TProfile
DCubePlotter 2026-08-04 17:04:38,078 DEBUG   : plot 'dcube_idtpm_lrt/plots/p1r_d26beebe-5c8d-41e9-a40a-4bce74638880.png' has been created
DCubePlotter 2026-08-04 17:04:38,101 DEBUG   : plot 'dcube_idtpm_lrt/plots/p1d_5c64814f-89ff-434e-931a-f667f6716e10.png' has been created
DCubeApp     2026-08-04 17:04:38,102 DEBUG   : child tagName hist1D
DCubeApp     2026-08-04 17:04:38,102 INFO    : test hist1D '/InDetTrackPerfMonPlots/TrkAnaLRT/Offline/Tracks/HitsOnTracks/offl_nInnerMostPixelSharedHits_vs_offl_eta' [meany]
DCubeTester  2026-08-04 17:04:38,137 DEBUG   : gathering statistics along x axis
DCubeTester  2026-08-04 17:04:38,137 DEBUG   : gathering statistics along y axis
DCubeTester  2026-08-04 17:04:38,138 DEBUG   : *** MeanY Test *** refMean=0.000 and monMean=0.000
DCubeTester  2026-08-04 17:04:38,138 INFO    : *** Mean Test *** p-value=0.000 status=OK
DCubePlotter 2026-08-04 17:04:38,138 DEBUG   : plot called for object of name offl_nInnerMostPixelSharedHits_vs_offl_eta
DCubePlotter 2026-08-04 17:04:38,138 DEBUG   : plotting offl_nInnerMostPixelSharedHits_vs_offl_eta of type TProfile
DCubePlotter 2026-08-04 17:04:38,170 DEBUG   : plot 'dcube_idtpm_lrt/plots/p1r_7895e052-96b4-4fb5-bc9c-6aa04d06c743.png' has been created
DCubePlotter 2026-08-04 17:04:38,206 DEBUG   : plot 'dcube_idtpm_lrt/plots/p1d_b1a72228-8a6c-4745-a490-58323b95e8b3.png' has been created
DCubeApp     2026-08-04 17:04:38,206 DEBUG   : child tagName hist1D
DCubeApp     2026-08-04 17:04:38,206 INFO    : test hist1D '/InDetTrackPerfMonPlots/TrkAnaLRT/Offline/Tracks/HitsOnTracks/offl_nInnerMostPixelSplitHits_vs_offl_eta' [meany]
DCubeTester  2026-08-04 17:04:38,211 DEBUG   : gathering statistics along x axis
DCubeTester  2026-08-04 17:04:38,212 DEBUG   : gathering statistics along y axis
DCubeTester  2026-08-04 17:04:38,212 DEBUG   : *** MeanY Test *** refMean=0.000 and monMean=0.000
DCubeTester  2026-08-04 17:04:38,212 INFO    : *** Mean Test *** p-value=0.000 status=OK
DCubePlotter 2026-08-04 17:04:38,213 DEBUG   : plot called for object of name offl_nInnerMostPixelSplitHits_vs_offl_eta
DCubePlotter 2026-08-04 17:04:38,214 DEBUG   : plotting offl_nInnerMostPixelSplitHits_vs_offl_eta of type TProfile
DCubePlotter 2026-08-04 17:04:38,263 DEBUG   : plot 'dcube_idtpm_lrt/plots/p1r_6edea2a2-b751-4b6e-9b9a-492a7784951a.png' has been created
DCubePlotter 2026-08-04 17:04:38,289 DEBUG   : plot 'dcube_idtpm_lrt/plots/p1d_55276b5f-bbb9-45aa-b8e9-3de5c948d07c.png' has been created
DCubeApp     2026-08-04 17:04:38,290 DEBUG   : child tagName hist1D
DCubeApp     2026-08-04 17:04:38,290 INFO    : test hist1D '/InDetTrackPerfMonPlots/TrkAnaLRT/Offline/Tracks/HitsOnTracks/offl_nExpectedInnerMostPixelHits_vs_offl_eta' [meany]
DCubeTester  2026-08-04 17:04:38,292 DEBUG   : gathering statistics along x axis
DCubeTester  2026-08-04 17:04:38,293 DEBUG   : gathering statistics along y axis
DCubeTester  2026-08-04 17:04:38,293 DEBUG   : *** MeanY Test *** refMean=0.000 and monMean=0.000
DCubeTester  2026-08-04 17:04:38,293 INFO    : *** Mean Test *** p-value=0.000 status=OK
DCubePlotter 2026-08-04 17:04:38,294 DEBUG   : plot called for object of name offl_nExpectedInnerMostPixelHits_vs_offl_eta
DCubePlotter 2026-08-04 17:04:38,294 DEBUG   : plotting offl_nExpectedInnerMostPixelHits_vs_offl_eta of type TProfile
DCubePlotter 2026-08-04 17:04:38,325 DEBUG   : plot 'dcube_idtpm_lrt/plots/p1r_26920e7c-6ed1-4652-9b8e-d48c82b97279.png' has been created
DCubePlotter 2026-08-04 17:04:38,363 DEBUG   : plot 'dcube_idtpm_lrt/plots/p1d_f9d886fa-ae61-462c-a56c-8cca89601c51.png' has been created
DCubeApp     2026-08-04 17:04:38,367 DEBUG   : child tagName hist1D
DCubeApp     2026-08-04 17:04:38,367 INFO    : test hist1D '/InDetTrackPerfMonPlots/TrkAnaLRT/Offline/Tracks/HitsOnTracks/offl_nExpectedNextToInnerMostPixelHits_vs_offl_eta' [meany]
DCubeTester  2026-08-04 17:04:38,369 DEBUG   : gathering statistics along x axis
DCubeTester  2026-08-04 17:04:38,369 DEBUG   : gathering statistics along y axis
DCubeTester  2026-08-04 17:04:38,370 DEBUG   : *** MeanY Test *** refMean=0.000 and monMean=0.000
DCubeTester  2026-08-04 17:04:38,370 INFO    : *** Mean Test *** p-value=0.000 status=OK
DCubePlotter 2026-08-04 17:04:38,370 DEBUG   : plot called for object of name offl_nExpectedNextToInnerMostPixelHits_vs_offl_eta
DCubePlotter 2026-08-04 17:04:38,370 DEBUG   : plotting offl_nExpectedNextToInnerMostPixelHits_vs_offl_eta of type TProfile
DCubePlotter 2026-08-04 17:04:38,413 DEBUG   : plot 'dcube_idtpm_lrt/plots/p1r_21188828-784c-4b19-90db-60c766e5c888.png' has been created
DCubePlotter 2026-08-04 17:04:38,442 DEBUG   : plot 'dcube_idtpm_lrt/plots/p1d_adc69e40-0d63-4c2f-9228-ec2b6b7e6f43.png' has been created
DCubeApp     2026-08-04 17:04:38,443 DEBUG   : child tagName hist1D
DCubeApp     2026-08-04 17:04:38,443 INFO    : test hist1D '/InDetTrackPerfMonPlots/TrkAnaLRT/Offline/Tracks/HitsOnTracks/offl_nPixelOutliers_vs_offl_eta' [meany]
DCubeTester  2026-08-04 17:04:38,445 DEBUG   : gathering statistics along x axis
DCubeTester  2026-08-04 17:04:38,445 DEBUG   : gathering statistics along y axis
DCubeTester  2026-08-04 17:04:38,446 DEBUG   : *** MeanY Test *** refMean=1.294 and monMean=1.294
DCubeTester  2026-08-04 17:04:38,446 INFO    : *** Mean Test *** p-value=0.000 status=OK
DCubePlotter 2026-08-04 17:04:38,447 DEBUG   : plot called for object of name offl_nPixelOutliers_vs_offl_eta
DCubePlotter 2026-08-04 17:04:38,447 DEBUG   : plotting offl_nPixelOutliers_vs_offl_eta of type TProfile
DCubePlotter 2026-08-04 17:04:38,495 DEBUG   : plot 'dcube_idtpm_lrt/plots/p1r_69f40bf4-f7fe-43e3-91a4-315f1efdc19a.png' has been created
DCubePlotter 2026-08-04 17:04:38,530 DEBUG   : plot 'dcube_idtpm_lrt/plots/p1d_2f1f8b80-dbab-42a5-8025-c67123e48153.png' has been created
DCubeApp     2026-08-04 17:04:38,531 DEBUG   : child tagName hist1D
DCubeApp     2026-08-04 17:04:38,531 INFO    : test hist1D '/InDetTrackPerfMonPlots/TrkAnaLRT/Offline/Tracks/HitsOnTracks/offl_nPixelContribLayers_vs_offl_eta' [meany]
DCubeTester  2026-08-04 17:04:38,532 DEBUG   : gathering statistics along x axis
DCubeTester  2026-08-04 17:04:38,533 DEBUG   : gathering statistics along y axis
DCubeTester  2026-08-04 17:04:38,533 DEBUG   : *** MeanY Test *** refMean=86.391 and monMean=86.391
DCubeTester  2026-08-04 17:04:38,533 INFO    : *** Mean Test *** p-value=0.000 status=OK
DCubePlotter 2026-08-04 17:04:38,534 DEBUG   : plot called for object of name offl_nPixelContribLayers_vs_offl_eta
DCubePlotter 2026-08-04 17:04:38,534 DEBUG   : plotting offl_nPixelContribLayers_vs_offl_eta of type TProfile
DCubePlotter 2026-08-04 17:04:38,615 DEBUG   : plot 'dcube_idtpm_lrt/plots/p1r_99716ce1-54d7-4bba-ab19-cb915ecb71f1.png' has been created
DCubePlotter 2026-08-04 17:04:38,680 DEBUG   : plot 'dcube_idtpm_lrt/plots/p1d_f73e4046-7f0d-445b-beda-e655948bb3d6.png' has been created
DCubeApp     2026-08-04 17:04:38,681 DEBUG   : child tagName hist1D
DCubeApp     2026-08-04 17:04:38,681 INFO    : test hist1D '/InDetTrackPerfMonPlots/TrkAnaLRT/Offline/Tracks/HitsOnTracks/offl_nPixelSharedHits_vs_offl_eta' [meany]
DCubeTester  2026-08-04 17:04:38,699 DEBUG   : gathering statistics along x axis
DCubeTester  2026-08-04 17:04:38,700 DEBUG   : gathering statistics along y axis
DCubeTester  2026-08-04 17:04:38,700 DEBUG   : *** MeanY Test *** refMean=0.000 and monMean=0.000
DCubeTester  2026-08-04 17:04:38,701 INFO    : *** Mean Test *** p-value=0.000 status=OK
DCubePlotter 2026-08-04 17:04:38,701 DEBUG   : plot called for object of name offl_nPixelSharedHits_vs_offl_eta
DCubePlotter 2026-08-04 17:04:38,701 DEBUG   : plotting offl_nPixelSharedHits_vs_offl_eta of type TProfile
DCubePlotter 2026-08-04 17:04:38,725 DEBUG   : plot 'dcube_idtpm_lrt/plots/p1r_0d4ff9cc-7dfd-4e5d-ad9b-6730a979b8ed.png' has been created
DCubePlotter 2026-08-04 17:04:38,748 DEBUG   : plot 'dcube_idtpm_lrt/plots/p1d_b3217bc1-70c2-4602-8e45-7aa37ee88ac2.png' has been created
DCubeApp     2026-08-04 17:04:38,749 DEBUG   : child tagName hist1D
DCubeApp     2026-08-04 17:04:38,750 INFO    : test hist1D '/InDetTrackPerfMonPlots/TrkAnaLRT/Offline/Tracks/HitsOnTracks/offl_nPixelSplitHits_vs_offl_eta' [meany]
DCubeTester  2026-08-04 17:04:38,751 DEBUG   : gathering statistics along x axis
DCubeTester  2026-08-04 17:04:38,752 DEBUG   : gathering statistics along y axis
DCubeTester  2026-08-04 17:04:38,753 DEBUG   : *** MeanY Test *** refMean=0.000 and monMean=0.000
DCubeTester  2026-08-04 17:04:38,754 INFO    : *** Mean Test *** p-value=0.000 status=OK
DCubePlotter 2026-08-04 17:04:38,754 DEBUG   : plot called for object of name offl_nPixelSplitHits_vs_offl_eta
DCubePlotter 2026-08-04 17:04:38,754 DEBUG   : plotting offl_nPixelSplitHits_vs_offl_eta of type TProfile
DCubePlotter 2026-08-04 17:04:38,783 DEBUG   : plot 'dcube_idtpm_lrt/plots/p1r_7c16bb02-28f2-4bfb-9715-1eff5bf5d38e.png' has been created
DCubePlotter 2026-08-04 17:04:38,807 DEBUG   : plot 'dcube_idtpm_lrt/plots/p1d_f0ebb2e9-5742-47a9-9587-32a42022e291.png' has been created
DCubeApp     2026-08-04 17:04:38,808 DEBUG   : child tagName hist1D
DCubeApp     2026-08-04 17:04:38,808 INFO    : test hist1D '/InDetTrackPerfMonPlots/TrkAnaLRT/Offline/Tracks/HitsOnTracks/offl_nPixelGangedHits_vs_offl_eta' [meany]
DCubeTester  2026-08-04 17:04:38,810 DEBUG   : gathering statistics along x axis
DCubeTester  2026-08-04 17:04:38,810 DEBUG   : gathering statistics along y axis
DCubeTester  2026-08-04 17:04:38,810 DEBUG   : *** MeanY Test *** refMean=5.886 and monMean=5.886
DCubeTester  2026-08-04 17:04:38,811 INFO    : *** Mean Test *** p-value=0.000 status=OK
DCubePlotter 2026-08-04 17:04:38,811 DEBUG   : plot called for object of name offl_nPixelGangedHits_vs_offl_eta
DCubePlotter 2026-08-04 17:04:38,811 DEBUG   : plotting offl_nPixelGangedHits_vs_offl_eta of type TProfile
DCubePlotter 2026-08-04 17:04:38,866 DEBUG   : plot 'dcube_idtpm_lrt/plots/p1r_6369b15c-b81b-44c8-8bfa-61df9655d7e9.png' has been created
DCubePlotter 2026-08-04 17:04:38,929 DEBUG   : plot 'dcube_idtpm_lrt/plots/p1d_2c5f601a-cf08-4944-b067-89574a807389.png' has been created
DCubeApp     2026-08-04 17:04:38,929 DEBUG   : child tagName hist1D
DCubeApp     2026-08-04 17:04:38,929 INFO    : test hist1D '/InDetTrackPerfMonPlots/TrkAnaLRT/Offline/Tracks/HitsOnTracks/offl_nPixelGangedHitsFlaggedFakes_vs_offl_eta' [meany]
DCubeTester  2026-08-04 17:04:38,931 DEBUG   : gathering statistics along x axis
DCubeTester  2026-08-04 17:04:38,932 DEBUG   : gathering statistics along y axis
DCubeTester  2026-08-04 17:04:38,932 DEBUG   : *** MeanY Test *** refMean=1.565 and monMean=1.565
DCubeTester  2026-08-04 17:04:38,932 INFO    : *** Mean Test *** p-value=0.000 status=OK
DCubePlotter 2026-08-04 17:04:38,932 DEBUG   : plot called for object of name offl_nPixelGangedHitsFlaggedFakes_vs_offl_eta
DCubePlotter 2026-08-04 17:04:38,933 DEBUG   : plotting offl_nPixelGangedHitsFlaggedFakes_vs_offl_eta of type TProfile
DCubePlotter 2026-08-04 17:04:38,977 DEBUG   : plot 'dcube_idtpm_lrt/plots/p1r_d2f2038c-7e9f-4f4f-b707-838f2d1da214.png' has been created
DCubePlotter 2026-08-04 17:04:39,020 DEBUG   : plot 'dcube_idtpm_lrt/plots/p1d_7aecdaf9-bf1f-4e22-976e-cb44df26d341.png' has been created
DCubeApp     2026-08-04 17:04:39,020 DEBUG   : child tagName hist1D
DCubeApp     2026-08-04 17:04:39,021 INFO    : test hist1D '/InDetTrackPerfMonPlots/TrkAnaLRT/Offline/Tracks/HitsOnTracks/offl_nSCTOutliers_vs_offl_eta' [meany]
DCubeTester  2026-08-04 17:04:39,023 DEBUG   : gathering statistics along x axis
DCubeTester  2026-08-04 17:04:39,023 DEBUG   : gathering statistics along y axis
DCubeTester  2026-08-04 17:04:39,024 DEBUG   : *** MeanY Test *** refMean=2.296 and monMean=2.296
DCubeTester  2026-08-04 17:04:39,024 INFO    : *** Mean Test *** p-value=0.000 status=OK
DCubePlotter 2026-08-04 17:04:39,024 DEBUG   : plot called for object of name offl_nSCTOutliers_vs_offl_eta
DCubePlotter 2026-08-04 17:04:39,024 DEBUG   : plotting offl_nSCTOutliers_vs_offl_eta of type TProfile
DCubePlotter 2026-08-04 17:04:39,064 DEBUG   : plot 'dcube_idtpm_lrt/plots/p1r_0135b549-cab5-4b62-b0c3-d288594a32e9.png' has been created
DCubePlotter 2026-08-04 17:04:39,108 DEBUG   : plot 'dcube_idtpm_lrt/plots/p1d_3baf63e7-9030-49c4-a75d-cc37783b04f6.png' has been created
DCubeApp     2026-08-04 17:04:39,108 DEBUG   : child tagName hist1D
DCubeApp     2026-08-04 17:04:39,108 INFO    : test hist1D '/InDetTrackPerfMonPlots/TrkAnaLRT/Offline/Tracks/HitsOnTracks/offl_nSCTDoubleHoles_vs_offl_eta' [meany]
DCubeTester  2026-08-04 17:04:39,110 DEBUG   : gathering statistics along x axis
DCubeTester  2026-08-04 17:04:39,111 DEBUG   : gathering statistics along y axis
DCubeTester  2026-08-04 17:04:39,111 DEBUG   : *** MeanY Test *** refMean=0.000 and monMean=0.000
DCubeTester  2026-08-04 17:04:39,111 INFO    : *** Mean Test *** p-value=0.000 status=OK
DCubePlotter 2026-08-04 17:04:39,112 DEBUG   : plot called for object of name offl_nSCTDoubleHoles_vs_offl_eta
DCubePlotter 2026-08-04 17:04:39,112 DEBUG   : plotting offl_nSCTDoubleHoles_vs_offl_eta of type TProfile
DCubePlotter 2026-08-04 17:04:39,133 DEBUG   : plot 'dcube_idtpm_lrt/plots/p1r_8fa4cb45-937f-410c-87bc-488b922b56c1.png' has been created
DCubePlotter 2026-08-04 17:04:39,159 DEBUG   : plot 'dcube_idtpm_lrt/plots/p1d_3b46cfd8-b61c-4efb-a456-abc9b5a2bec0.png' has been created
DCubeApp     2026-08-04 17:04:39,162 DEBUG   : child tagName hist1D
DCubeApp     2026-08-04 17:04:39,162 INFO    : test hist1D '/InDetTrackPerfMonPlots/TrkAnaLRT/Offline/Tracks/HitsOnTracks/offl_nSCTSharedHits_vs_offl_eta' [meany]
DCubeTester  2026-08-04 17:04:39,164 DEBUG   : gathering statistics along x axis
DCubeTester  2026-08-04 17:04:39,164 DEBUG   : gathering statistics along y axis
DCubeTester  2026-08-04 17:04:39,164 DEBUG   : *** MeanY Test *** refMean=0.000 and monMean=0.000
DCubeTester  2026-08-04 17:04:39,165 INFO    : *** Mean Test *** p-value=0.000 status=OK
DCubePlotter 2026-08-04 17:04:39,165 DEBUG   : plot called for object of name offl_nSCTSharedHits_vs_offl_eta
DCubePlotter 2026-08-04 17:04:39,165 DEBUG   : plotting offl_nSCTSharedHits_vs_offl_eta of type TProfile
DCubePlotter 2026-08-04 17:04:39,189 DEBUG   : plot 'dcube_idtpm_lrt/plots/p1r_63eb5395-6104-4e09-8758-689e3b459c78.png' has been created
DCubePlotter 2026-08-04 17:04:39,252 DEBUG   : plot 'dcube_idtpm_lrt/plots/p1d_a8a1b098-8e3c-4ffb-908d-a43ac167ba16.png' has been created
DCubeApp     2026-08-04 17:04:39,252 DEBUG   : child tagName hist1D
DCubeApp     2026-08-04 17:04:39,253 INFO    : test hist1D '/InDetTrackPerfMonPlots/TrkAnaLRT/Offline/Tracks/HitsOnTracks/offl_nPixelDeadSensors_vs_offl_eta' [meany]
DCubeTester  2026-08-04 17:04:39,254 DEBUG   : gathering statistics along x axis
DCubeTester  2026-08-04 17:04:39,255 DEBUG   : gathering statistics along y axis
DCubeTester  2026-08-04 17:04:39,255 DEBUG   : *** MeanY Test *** refMean=7.034 and monMean=7.034
DCubeTester  2026-08-04 17:04:39,255 INFO    : *** Mean Test *** p-value=0.000 status=OK
DCubePlotter 2026-08-04 17:04:39,258 DEBUG   : plot called for object of name offl_nPixelDeadSensors_vs_offl_eta
DCubePlotter 2026-08-04 17:04:39,260 DEBUG   : plotting offl_nPixelDeadSensors_vs_offl_eta of type TProfile
DCubePlotter 2026-08-04 17:04:39,306 DEBUG   : plot 'dcube_idtpm_lrt/plots/p1r_c40b3686-d292-4c03-92e2-cb286d99652d.png' has been created
DCubePlotter 2026-08-04 17:04:39,338 DEBUG   : plot 'dcube_idtpm_lrt/plots/p1d_1bc2e297-c04f-4527-882b-37d5a93f917a.png' has been created
DCubeApp     2026-08-04 17:04:39,339 DEBUG   : child tagName hist1D
DCubeApp     2026-08-04 17:04:39,339 INFO    : test hist1D '/InDetTrackPerfMonPlots/TrkAnaLRT/Offline/Tracks/HitsOnTracks/offl_nSCTDeadSensors_vs_offl_eta' [meany]
DCubeTester  2026-08-04 17:04:39,342 DEBUG   : gathering statistics along x axis
DCubeTester  2026-08-04 17:04:39,342 DEBUG   : gathering statistics along y axis
DCubeTester  2026-08-04 17:04:39,343 DEBUG   : *** MeanY Test *** refMean=4.321 and monMean=4.321
DCubeTester  2026-08-04 17:04:39,343 INFO    : *** Mean Test *** p-value=0.000 status=OK
DCubePlotter 2026-08-04 17:04:39,343 DEBUG   : plot called for object of name offl_nSCTDeadSensors_vs_offl_eta
DCubePlotter 2026-08-04 17:04:39,343 DEBUG   : plotting offl_nSCTDeadSensors_vs_offl_eta of type TProfile
DCubePlotter 2026-08-04 17:04:39,404 DEBUG   : plot 'dcube_idtpm_lrt/plots/p1r_fc8a8bed-f56d-49d8-89f3-6e666a115b94.png' has been created
DCubePlotter 2026-08-04 17:04:39,437 DEBUG   : plot 'dcube_idtpm_lrt/plots/p1d_e0e38cd7-d6c8-4236-9a14-be2cd009bb49.png' has been created
DCubeApp     2026-08-04 17:04:39,438 DEBUG   : child tagName hist1D
DCubeApp     2026-08-04 17:04:39,438 INFO    : test hist1D '/InDetTrackPerfMonPlots/TrkAnaLRT/Offline/Tracks/HitsOnTracks/offl_nInnerMostPixelOutliers_vs_offl_phi' [meany]
DCubeTester  2026-08-04 17:04:39,440 DEBUG   : gathering statistics along x axis
DCubeTester  2026-08-04 17:04:39,440 DEBUG   : gathering statistics along y axis
DCubeTester  2026-08-04 17:04:39,442 DEBUG   : *** MeanY Test *** refMean=0.209 and monMean=0.209
DCubeTester  2026-08-04 17:04:39,442 INFO    : *** Mean Test *** p-value=0.000 status=OK
DCubePlotter 2026-08-04 17:04:39,447 DEBUG   : plot called for object of name offl_nInnerMostPixelOutliers_vs_offl_phi
DCubePlotter 2026-08-04 17:04:39,447 DEBUG   : plotting offl_nInnerMostPixelOutliers_vs_offl_phi of type TProfile
DCubePlotter 2026-08-04 17:04:39,491 DEBUG   : plot 'dcube_idtpm_lrt/plots/p1r_e40056ad-9f1b-49fa-898e-fa7df8d19398.png' has been created
DCubePlotter 2026-08-04 17:04:39,520 DEBUG   : plot 'dcube_idtpm_lrt/plots/p1d_3b72c138-8a37-42d6-98c6-edbe7ad0b99c.png' has been created
DCubeApp     2026-08-04 17:04:39,520 DEBUG   : child tagName hist1D
DCubeApp     2026-08-04 17:04:39,521 INFO    : test hist1D '/InDetTrackPerfMonPlots/TrkAnaLRT/Offline/Tracks/HitsOnTracks/offl_nInnerMostPixelSharedHits_vs_offl_phi' [meany]
DCubeTester  2026-08-04 17:04:39,522 DEBUG   : gathering statistics along x axis
DCubeTester  2026-08-04 17:04:39,523 DEBUG   : gathering statistics along y axis
DCubeTester  2026-08-04 17:04:39,523 DEBUG   : *** MeanY Test *** refMean=0.000 and monMean=0.000
DCubeTester  2026-08-04 17:04:39,523 INFO    : *** Mean Test *** p-value=0.000 status=OK
DCubePlotter 2026-08-04 17:04:39,524 DEBUG   : plot called for object of name offl_nInnerMostPixelSharedHits_vs_offl_phi
DCubePlotter 2026-08-04 17:04:39,524 DEBUG   : plotting offl_nInnerMostPixelSharedHits_vs_offl_phi of type TProfile
DCubePlotter 2026-08-04 17:04:39,568 DEBUG   : plot 'dcube_idtpm_lrt/plots/p1r_4ab16ff6-f9c1-4ffc-bf65-47b9b4407bd9.png' has been created
DCubePlotter 2026-08-04 17:04:39,594 DEBUG   : plot 'dcube_idtpm_lrt/plots/p1d_97897ef0-dfb6-46e1-ad8c-e142bd4a10e0.png' has been created
DCubeApp     2026-08-04 17:04:39,595 DEBUG   : child tagName hist1D
DCubeApp     2026-08-04 17:04:39,595 INFO    : test hist1D '/InDetTrackPerfMonPlots/TrkAnaLRT/Offline/Tracks/HitsOnTracks/offl_nInnerMostPixelSplitHits_vs_offl_phi' [meany]
DCubeTester  2026-08-04 17:04:39,599 DEBUG   : gathering statistics along x axis
DCubeTester  2026-08-04 17:04:39,599 DEBUG   : gathering statistics along y axis
DCubeTester  2026-08-04 17:04:39,600 DEBUG   : *** MeanY Test *** refMean=0.000 and monMean=0.000
DCubeTester  2026-08-04 17:04:39,600 INFO    : *** Mean Test *** p-value=0.000 status=OK
DCubePlotter 2026-08-04 17:04:39,603 DEBUG   : plot called for object of name offl_nInnerMostPixelSplitHits_vs_offl_phi
DCubePlotter 2026-08-04 17:04:39,604 DEBUG   : plotting offl_nInnerMostPixelSplitHits_vs_offl_phi of type TProfile
DCubePlotter 2026-08-04 17:04:39,631 DEBUG   : plot 'dcube_idtpm_lrt/plots/p1r_38eba0d0-0439-449c-a02a-adbe13ea87a6.png' has been created
DCubePlotter 2026-08-04 17:04:39,664 DEBUG   : plot 'dcube_idtpm_lrt/plots/p1d_0475445f-c066-4951-8f0a-5ce419cc6892.png' has been created
DCubeApp     2026-08-04 17:04:39,664 DEBUG   : child tagName hist1D
DCubeApp     2026-08-04 17:04:39,664 INFO    : test hist1D '/InDetTrackPerfMonPlots/TrkAnaLRT/Offline/Tracks/HitsOnTracks/offl_nExpectedInnerMostPixelHits_vs_offl_phi' [meany]
DCubeTester  2026-08-04 17:04:39,666 DEBUG   : gathering statistics along x axis
DCubeTester  2026-08-04 17:04:39,666 DEBUG   : gathering statistics along y axis
DCubeTester  2026-08-04 17:04:39,667 DEBUG   : *** MeanY Test *** refMean=0.000 and monMean=0.000
DCubeTester  2026-08-04 17:04:39,670 INFO    : *** Mean Test *** p-value=0.000 status=OK
DCubePlotter 2026-08-04 17:04:39,671 DEBUG   : plot called for object of name offl_nExpectedInnerMostPixelHits_vs_offl_phi
DCubePlotter 2026-08-04 17:04:39,672 DEBUG   : plotting offl_nExpectedInnerMostPixelHits_vs_offl_phi of type TProfile
DCubePlotter 2026-08-04 17:04:39,709 DEBUG   : plot 'dcube_idtpm_lrt/plots/p1r_a1de916a-1b45-4a6a-923d-525c0ba7191c.png' has been created
DCubePlotter 2026-08-04 17:04:39,757 DEBUG   : plot 'dcube_idtpm_lrt/plots/p1d_0aa0fdca-9f52-4492-89b5-53ccbc339a5a.png' has been created
DCubeApp     2026-08-04 17:04:39,759 DEBUG   : child tagName hist1D
DCubeApp     2026-08-04 17:04:39,759 INFO    : test hist1D '/InDetTrackPerfMonPlots/TrkAnaLRT/Offline/Tracks/HitsOnTracks/offl_nExpectedNextToInnerMostPixelHits_vs_offl_phi' [meany]
DCubeTester  2026-08-04 17:04:39,761 DEBUG   : gathering statistics along x axis
DCubeTester  2026-08-04 17:04:39,761 DEBUG   : gathering statistics along y axis
DCubeTester  2026-08-04 17:04:39,762 DEBUG   : *** MeanY Test *** refMean=0.000 and monMean=0.000
DCubeTester  2026-08-04 17:04:39,762 INFO    : *** Mean Test *** p-value=0.000 status=OK
DCubePlotter 2026-08-04 17:04:39,763 DEBUG   : plot called for object of name offl_nExpectedNextToInnerMostPixelHits_vs_offl_phi
DCubePlotter 2026-08-04 17:04:39,763 DEBUG   : plotting offl_nExpectedNextToInnerMostPixelHits_vs_offl_phi of type TProfile
DCubePlotter 2026-08-04 17:04:39,785 DEBUG   : plot 'dcube_idtpm_lrt/plots/p1r_650e2c13-de49-43ed-b86e-50e188ede8b4.png' has been created
DCubePlotter 2026-08-04 17:04:39,815 DEBUG   : plot 'dcube_idtpm_lrt/plots/p1d_59b0c85e-484a-4614-b619-7ed0b859bc7b.png' has been created
DCubeApp     2026-08-04 17:04:39,815 DEBUG   : child tagName hist1D
DCubeApp     2026-08-04 17:04:39,815 INFO    : test hist1D '/InDetTrackPerfMonPlots/TrkAnaLRT/Offline/Tracks/HitsOnTracks/offl_nPixelOutliers_vs_offl_phi' [meany]
DCubeTester  2026-08-04 17:04:39,817 DEBUG   : gathering statistics along x axis
DCubeTester  2026-08-04 17:04:39,817 DEBUG   : gathering statistics along y axis
DCubeTester  2026-08-04 17:04:39,818 DEBUG   : *** MeanY Test *** refMean=1.294 and monMean=1.294
DCubeTester  2026-08-04 17:04:39,818 INFO    : *** Mean Test *** p-value=0.000 status=OK
DCubePlotter 2026-08-04 17:04:39,818 DEBUG   : plot called for object of name offl_nPixelOutliers_vs_offl_phi
DCubePlotter 2026-08-04 17:04:39,818 DEBUG   : plotting offl_nPixelOutliers_vs_offl_phi of type TProfile
DCubePlotter 2026-08-04 17:04:39,868 DEBUG   : plot 'dcube_idtpm_lrt/plots/p1r_6337e2be-acf6-4bae-9864-65ce9bd3df6d.png' has been created
DCubePlotter 2026-08-04 17:04:39,904 DEBUG   : plot 'dcube_idtpm_lrt/plots/p1d_9d88875d-c8f0-458c-8a9c-55efd1394280.png' has been created
DCubeApp     2026-08-04 17:04:39,904 DEBUG   : child tagName hist1D
DCubeApp     2026-08-04 17:04:39,905 INFO    : test hist1D '/InDetTrackPerfMonPlots/TrkAnaLRT/Offline/Tracks/HitsOnTracks/offl_nPixelContribLayers_vs_offl_phi' [meany]
DCubeTester  2026-08-04 17:04:39,906 DEBUG   : gathering statistics along x axis
DCubeTester  2026-08-04 17:04:39,906 DEBUG   : gathering statistics along y axis
DCubeTester  2026-08-04 17:04:39,906 DEBUG   : *** MeanY Test *** refMean=86.391 and monMean=86.391
DCubeTester  2026-08-04 17:04:39,907 INFO    : *** Mean Test *** p-value=0.000 status=OK
DCubePlotter 2026-08-04 17:04:39,907 DEBUG   : plot called for object of name offl_nPixelContribLayers_vs_offl_phi
DCubePlotter 2026-08-04 17:04:39,907 DEBUG   : plotting offl_nPixelContribLayers_vs_offl_phi of type TProfile
DCubePlotter 2026-08-04 17:04:39,954 DEBUG   : plot 'dcube_idtpm_lrt/plots/p1r_f467569a-4c0c-4cb6-829d-590444357a0a.png' has been created
DCubePlotter 2026-08-04 17:04:40,011 DEBUG   : plot 'dcube_idtpm_lrt/plots/p1d_fcf3f6d3-16c3-4768-ae46-146508cf70ad.png' has been created
DCubeApp     2026-08-04 17:04:40,011 DEBUG   : child tagName hist1D
DCubeApp     2026-08-04 17:04:40,012 INFO    : test hist1D '/InDetTrackPerfMonPlots/TrkAnaLRT/Offline/Tracks/HitsOnTracks/offl_nPixelSharedHits_vs_offl_phi' [meany]
DCubeTester  2026-08-04 17:04:40,014 DEBUG   : gathering statistics along x axis
DCubeTester  2026-08-04 17:04:40,014 DEBUG   : gathering statistics along y axis
DCubeTester  2026-08-04 17:04:40,015 DEBUG   : *** MeanY Test *** refMean=0.000 and monMean=0.000
DCubeTester  2026-08-04 17:04:40,015 INFO    : *** Mean Test *** p-value=0.000 status=OK
DCubePlotter 2026-08-04 17:04:40,015 DEBUG   : plot called for object of name offl_nPixelSharedHits_vs_offl_phi
DCubePlotter 2026-08-04 17:04:40,015 DEBUG   : plotting offl_nPixelSharedHits_vs_offl_phi of type TProfile
DCubePlotter 2026-08-04 17:04:40,041 DEBUG   : plot 'dcube_idtpm_lrt/plots/p1r_17bc7bf4-149d-4cd2-9df0-ff0445f2e09a.png' has been created
DCubePlotter 2026-08-04 17:04:40,069 DEBUG   : plot 'dcube_idtpm_lrt/plots/p1d_1b21221c-7bef-4268-bf5f-57b5927e9032.png' has been created
DCubeApp     2026-08-04 17:04:40,069 DEBUG   : child tagName hist1D
DCubeApp     2026-08-04 17:04:40,069 INFO    : test hist1D '/InDetTrackPerfMonPlots/TrkAnaLRT/Offline/Tracks/HitsOnTracks/offl_nPixelSplitHits_vs_offl_phi' [meany]
DCubeTester  2026-08-04 17:04:40,071 DEBUG   : gathering statistics along x axis
DCubeTester  2026-08-04 17:04:40,072 DEBUG   : gathering statistics along y axis
DCubeTester  2026-08-04 17:04:40,072 DEBUG   : *** MeanY Test *** refMean=0.000 and monMean=0.000
DCubeTester  2026-08-04 17:04:40,073 INFO    : *** Mean Test *** p-value=0.000 status=OK
DCubePlotter 2026-08-04 17:04:40,073 DEBUG   : plot called for object of name offl_nPixelSplitHits_vs_offl_phi
DCubePlotter 2026-08-04 17:04:40,073 DEBUG   : plotting offl_nPixelSplitHits_vs_offl_phi of type TProfile
DCubePlotter 2026-08-04 17:04:40,098 DEBUG   : plot 'dcube_idtpm_lrt/plots/p1r_5f55a24d-07e5-45c9-8f39-0772b60dbb3e.png' has been created
DCubePlotter 2026-08-04 17:04:40,128 DEBUG   : plot 'dcube_idtpm_lrt/plots/p1d_d3533cd7-834d-4b11-8ef2-5b557736345b.png' has been created
DCubeApp     2026-08-04 17:04:40,128 DEBUG   : child tagName hist1D
DCubeApp     2026-08-04 17:04:40,129 INFO    : test hist1D '/InDetTrackPerfMonPlots/TrkAnaLRT/Offline/Tracks/HitsOnTracks/offl_nPixelGangedHits_vs_offl_phi' [meany]
DCubeTester  2026-08-04 17:04:40,132 DEBUG   : gathering statistics along x axis
DCubeTester  2026-08-04 17:04:40,132 DEBUG   : gathering statistics along y axis
DCubeTester  2026-08-04 17:04:40,133 DEBUG   : *** MeanY Test *** refMean=5.886 and monMean=5.886
DCubeTester  2026-08-04 17:04:40,133 INFO    : *** Mean Test *** p-value=0.000 status=OK
DCubePlotter 2026-08-04 17:04:40,133 DEBUG   : plot called for object of name offl_nPixelGangedHits_vs_offl_phi
DCubePlotter 2026-08-04 17:04:40,134 DEBUG   : plotting offl_nPixelGangedHits_vs_offl_phi of type TProfile
DCubePlotter 2026-08-04 17:04:40,186 DEBUG   : plot 'dcube_idtpm_lrt/plots/p1r_02697d71-cdec-4f53-9a78-0f5ce942ae7d.png' has been created
DCubePlotter 2026-08-04 17:04:40,223 DEBUG   : plot 'dcube_idtpm_lrt/plots/p1d_1bbf1f2c-22f7-411a-86ee-ba56f7193d8f.png' has been created
DCubeApp     2026-08-04 17:04:40,224 DEBUG   : child tagName hist1D
DCubeApp     2026-08-04 17:04:40,224 INFO    : test hist1D '/InDetTrackPerfMonPlots/TrkAnaLRT/Offline/Tracks/HitsOnTracks/offl_nPixelGangedHitsFlaggedFakes_vs_offl_phi' [meany]
DCubeTester  2026-08-04 17:04:40,226 DEBUG   : gathering statistics along x axis
DCubeTester  2026-08-04 17:04:40,226 DEBUG   : gathering statistics along y axis
DCubeTester  2026-08-04 17:04:40,227 DEBUG   : *** MeanY Test *** refMean=1.565 and monMean=1.565
DCubeTester  2026-08-04 17:04:40,227 INFO    : *** Mean Test *** p-value=0.000 status=OK
DCubePlotter 2026-08-04 17:04:40,227 DEBUG   : plot called for object of name offl_nPixelGangedHitsFlaggedFakes_vs_offl_phi
DCubePlotter 2026-08-04 17:04:40,227 DEBUG   : plotting offl_nPixelGangedHitsFlaggedFakes_vs_offl_phi of type TProfile
DCubePlotter 2026-08-04 17:04:40,266 DEBUG   : plot 'dcube_idtpm_lrt/plots/p1r_66d09554-2b4d-4bc3-80c6-c318043bc768.png' has been created
DCubePlotter 2026-08-04 17:04:40,295 DEBUG   : plot 'dcube_idtpm_lrt/plots/p1d_4e8f64f4-0ee0-4b28-9c77-87b0c086f68e.png' has been created
DCubeApp     2026-08-04 17:04:40,295 DEBUG   : child tagName hist1D
DCubeApp     2026-08-04 17:04:40,296 INFO    : test hist1D '/InDetTrackPerfMonPlots/TrkAnaLRT/Offline/Tracks/HitsOnTracks/offl_nSCTOutliers_vs_offl_phi' [meany]
DCubeTester  2026-08-04 17:04:40,306 DEBUG   : gathering statistics along x axis
DCubeTester  2026-08-04 17:04:40,306 DEBUG   : gathering statistics along y axis
DCubeTester  2026-08-04 17:04:40,306 DEBUG   : *** MeanY Test *** refMean=2.296 and monMean=2.296
DCubeTester  2026-08-04 17:04:40,307 INFO    : *** Mean Test *** p-value=0.000 status=OK
DCubePlotter 2026-08-04 17:04:40,307 DEBUG   : plot called for object of name offl_nSCTOutliers_vs_offl_phi
DCubePlotter 2026-08-04 17:04:40,308 DEBUG   : plotting offl_nSCTOutliers_vs_offl_phi of type TProfile
DCubePlotter 2026-08-04 17:04:40,354 DEBUG   : plot 'dcube_idtpm_lrt/plots/p1r_8a2571ac-6350-40c8-95df-8c456e2cfb37.png' has been created
DCubePlotter 2026-08-04 17:04:40,390 DEBUG   : plot 'dcube_idtpm_lrt/plots/p1d_4227bc68-84c5-4284-bf30-df288b6c283e.png' has been created
DCubeApp     2026-08-04 17:04:40,390 DEBUG   : child tagName hist1D
DCubeApp     2026-08-04 17:04:40,391 INFO    : test hist1D '/InDetTrackPerfMonPlots/TrkAnaLRT/Offline/Tracks/HitsOnTracks/offl_nSCTDoubleHoles_vs_offl_phi' [meany]
DCubeTester  2026-08-04 17:04:40,394 DEBUG   : gathering statistics along x axis
DCubeTester  2026-08-04 17:04:40,396 DEBUG   : gathering statistics along y axis
DCubeTester  2026-08-04 17:04:40,396 DEBUG   : *** MeanY Test *** refMean=0.000 and monMean=0.000
DCubeTester  2026-08-04 17:04:40,397 INFO    : *** Mean Test *** p-value=0.000 status=OK
DCubePlotter 2026-08-04 17:04:40,397 DEBUG   : plot called for object of name offl_nSCTDoubleHoles_vs_offl_phi
DCubePlotter 2026-08-04 17:04:40,397 DEBUG   : plotting offl_nSCTDoubleHoles_vs_offl_phi of type TProfile
DCubePlotter 2026-08-04 17:04:40,437 DEBUG   : plot 'dcube_idtpm_lrt/plots/p1r_b5dfa570-a63d-465d-97df-d23944c9ee6c.png' has been created
DCubePlotter 2026-08-04 17:04:40,465 DEBUG   : plot 'dcube_idtpm_lrt/plots/p1d_16c79800-c5f1-424a-9573-42c8e947ac16.png' has been created
DCubeApp     2026-08-04 17:04:40,465 DEBUG   : child tagName hist1D
DCubeApp     2026-08-04 17:04:40,465 INFO    : test hist1D '/InDetTrackPerfMonPlots/TrkAnaLRT/Offline/Tracks/HitsOnTracks/offl_nSCTSharedHits_vs_offl_phi' [meany]
DCubeTester  2026-08-04 17:04:40,467 DEBUG   : gathering statistics along x axis
DCubeTester  2026-08-04 17:04:40,467 DEBUG   : gathering statistics along y axis
DCubeTester  2026-08-04 17:04:40,468 DEBUG   : *** MeanY Test *** refMean=0.000 and monMean=0.000
DCubeTester  2026-08-04 17:04:40,468 INFO    : *** Mean Test *** p-value=0.000 status=OK
DCubePlotter 2026-08-04 17:04:40,468 DEBUG   : plot called for object of name offl_nSCTSharedHits_vs_offl_phi
DCubePlotter 2026-08-04 17:04:40,468 DEBUG   : plotting offl_nSCTSharedHits_vs_offl_phi of type TProfile
DCubePlotter 2026-08-04 17:04:40,499 DEBUG   : plot 'dcube_idtpm_lrt/plots/p1r_0c300f98-1dcc-405a-8de0-19aa7b2653c9.png' has been created
DCubePlotter 2026-08-04 17:04:40,530 DEBUG   : plot 'dcube_idtpm_lrt/plots/p1d_400ddd1e-7668-4bb8-8931-537eff8ae59a.png' has been created
DCubeApp     2026-08-04 17:04:40,531 DEBUG   : child tagName hist1D
DCubeApp     2026-08-04 17:04:40,531 INFO    : test hist1D '/InDetTrackPerfMonPlots/TrkAnaLRT/Offline/Tracks/HitsOnTracks/offl_nPixelDeadSensors_vs_offl_phi' [meany]
DCubeTester  2026-08-04 17:04:40,533 DEBUG   : gathering statistics along x axis
DCubeTester  2026-08-04 17:04:40,534 DEBUG   : gathering statistics along y axis
DCubeTester  2026-08-04 17:04:40,534 DEBUG   : *** MeanY Test *** refMean=7.034 and monMean=7.034
DCubeTester  2026-08-04 17:04:40,534 INFO    : *** Mean Test *** p-value=0.000 status=OK
DCubePlotter 2026-08-04 17:04:40,534 DEBUG   : plot called for object of name offl_nPixelDeadSensors_vs_offl_phi
DCubePlotter 2026-08-04 17:04:40,534 DEBUG   : plotting offl_nPixelDeadSensors_vs_offl_phi of type TProfile
DCubePlotter 2026-08-04 17:04:40,586 DEBUG   : plot 'dcube_idtpm_lrt/plots/p1r_94abc6ac-0378-4ba8-a83b-97490e7b9d14.png' has been created
DCubePlotter 2026-08-04 17:04:40,619 DEBUG   : plot 'dcube_idtpm_lrt/plots/p1d_010dee99-5e0d-40a8-b43f-89de474681c4.png' has been created
DCubeApp     2026-08-04 17:04:40,619 DEBUG   : child tagName hist1D
DCubeApp     2026-08-04 17:04:40,620 INFO    : test hist1D '/InDetTrackPerfMonPlots/TrkAnaLRT/Offline/Tracks/HitsOnTracks/offl_nSCTDeadSensors_vs_offl_phi' [meany]
DCubeTester  2026-08-04 17:04:40,621 DEBUG   : gathering statistics along x axis
DCubeTester  2026-08-04 17:04:40,622 DEBUG   : gathering statistics along y axis
DCubeTester  2026-08-04 17:04:40,623 DEBUG   : *** MeanY Test *** refMean=4.321 and monMean=4.321
DCubeTester  2026-08-04 17:04:40,624 INFO    : *** Mean Test *** p-value=0.000 status=OK
DCubePlotter 2026-08-04 17:04:40,624 DEBUG   : plot called for object of name offl_nSCTDeadSensors_vs_offl_phi
DCubePlotter 2026-08-04 17:04:40,624 DEBUG   : plotting offl_nSCTDeadSensors_vs_offl_phi of type TProfile
DCubePlotter 2026-08-04 17:04:40,680 DEBUG   : plot 'dcube_idtpm_lrt/plots/p1r_e76ca82d-4ee6-4213-9d1f-6a683fc10524.png' has been created
DCubePlotter 2026-08-04 17:04:40,721 DEBUG   : plot 'dcube_idtpm_lrt/plots/p1d_d46bca15-f6ca-485a-93c4-f6183a33add5.png' has been created
DCubeApp     2026-08-04 17:04:40,722 DEBUG   : TDirectory /InDetTrackPerfMonPlots/TrkAnaLRT/Offline/Tracks/HitsOnTracks status OK
DCubeApp     2026-08-04 17:04:40,722 DEBUG   : child tagName TDirectory
DCubeApp     2026-08-04 17:04:40,722 DEBUG   : now testing objects in path = /InDetTrackPerfMonPlots/TrkAnaLRT/Offline/Tracks/Multiplicities
DCubeApp     2026-08-04 17:04:40,723 DEBUG   : child tagName hist1D
DCubeApp     2026-08-04 17:04:40,723 INFO    : test hist1D '/InDetTrackPerfMonPlots/TrkAnaLRT/Offline/Tracks/Multiplicities/num_offl_all' [KSnorm]
DCubeTester  2026-08-04 17:04:40,771 DEBUG   : gathering statistics along x axis
DCubeTester  2026-08-04 17:04:40,772 DEBUG   : *** Kolmogorov-Smirnoff *** all non-empty bins=28 all equal non-empty bins=28
DCubeTester  2026-08-04 17:04:40,772 DEBUG   : *** Kolmogorov-Smirnoff *** both '/InDetTrackPerfMonPlots/TrkAnaLRT/Offline/Tracks/Multiplicities/num_offl_all' histograms are equal!
DCubeTester  2026-08-04 17:04:40,773 INFO    : *** Kolmogorov-Smirnoff *** (N) p-value=1.000 status=OK
DCubePlotter 2026-08-04 17:04:40,773 DEBUG   : plot called for object of name num_offl_all
DCubePlotter 2026-08-04 17:04:40,773 DEBUG   : plotting num_offl_all of type TH1D
DCubePlotter 2026-08-04 17:04:40,806 DEBUG   : plot 'dcube_idtpm_lrt/plots/h1r_aed46c01-4b45-45c6-b05d-2bb8b63a971f.png' has been created
DCubePlotter 2026-08-04 17:04:40,828 DEBUG   : plot 'dcube_idtpm_lrt/plots/h1d_ea4fb01a-1092-41a2-816a-af2acf76d90d.png' has been created
DCubeApp     2026-08-04 17:04:40,828 DEBUG   : child tagName hist1D
DCubeApp     2026-08-04 17:04:40,828 INFO    : test hist1D '/InDetTrackPerfMonPlots/TrkAnaLRT/Offline/Tracks/Multiplicities/num_offl_selected' [KSnorm]
DCubeTester  2026-08-04 17:04:40,830 DEBUG   : gathering statistics along x axis
DCubeTester  2026-08-04 17:04:40,831 DEBUG   : *** Kolmogorov-Smirnoff *** all non-empty bins=28 all equal non-empty bins=28
DCubeTester  2026-08-04 17:04:40,831 DEBUG   : *** Kolmogorov-Smirnoff *** both '/InDetTrackPerfMonPlots/TrkAnaLRT/Offline/Tracks/Multiplicities/num_offl_selected' histograms are equal!
DCubeTester  2026-08-04 17:04:40,831 INFO    : *** Kolmogorov-Smirnoff *** (N) p-value=1.000 status=OK
DCubePlotter 2026-08-04 17:04:40,831 DEBUG   : plot called for object of name num_offl_selected
DCubePlotter 2026-08-04 17:04:40,832 DEBUG   : plotting num_offl_selected of type TH1D
DCubePlotter 2026-08-04 17:04:40,859 DEBUG   : plot 'dcube_idtpm_lrt/plots/h1r_7ca9436d-ed60-41b5-8990-dbd3a29ddf94.png' has been created
DCubePlotter 2026-08-04 17:04:40,901 DEBUG   : plot 'dcube_idtpm_lrt/plots/h1d_9fc3e544-af5e-4779-bb92-0eb8f24f8599.png' has been created
DCubeApp     2026-08-04 17:04:40,902 DEBUG   : child tagName hist1D
DCubeApp     2026-08-04 17:04:40,902 INFO    : test hist1D '/InDetTrackPerfMonPlots/TrkAnaLRT/Offline/Tracks/Multiplicities/num_truth_all' [KSnorm]
DCubeTester  2026-08-04 17:04:40,904 DEBUG   : gathering statistics along x axis
DCubeTester  2026-08-04 17:04:40,905 DEBUG   : *** Kolmogorov-Smirnoff *** all non-empty bins=144 all equal non-empty bins=144
DCubeTester  2026-08-04 17:04:40,905 DEBUG   : *** Kolmogorov-Smirnoff *** both '/InDetTrackPerfMonPlots/TrkAnaLRT/Offline/Tracks/Multiplicities/num_truth_all' histograms are equal!
DCubeTester  2026-08-04 17:04:40,905 INFO    : *** Kolmogorov-Smirnoff *** (N) p-value=1.000 status=OK
DCubePlotter 2026-08-04 17:04:40,905 DEBUG   : plot called for object of name num_truth_all
DCubePlotter 2026-08-04 17:04:40,905 DEBUG   : plotting num_truth_all of type TH1D
DCubePlotter 2026-08-04 17:04:40,946 DEBUG   : plot 'dcube_idtpm_lrt/plots/h1r_541c6efe-3c7d-439d-8052-c589b2400792.png' has been created
DCubePlotter 2026-08-04 17:04:40,996 DEBUG   : plot 'dcube_idtpm_lrt/plots/h1d_554a199f-b71a-489f-9f57-68ddad9d11ae.png' has been created
DCubeApp     2026-08-04 17:04:40,997 DEBUG   : TDirectory /InDetTrackPerfMonPlots/TrkAnaLRT/Offline/Tracks/Multiplicities status OK
DCubeApp     2026-08-04 17:04:40,997 DEBUG   : child tagName TDirectory
DCubeApp     2026-08-04 17:04:40,997 DEBUG   : now testing objects in path = /InDetTrackPerfMonPlots/TrkAnaLRT/Offline/Tracks/Resolutions
DCubeApp     2026-08-04 17:04:40,997 DEBUG   : child tagName hist1D
DCubeApp     2026-08-04 17:04:40,998 INFO    : test hist1D '/InDetTrackPerfMonPlots/TrkAnaLRT/Offline/Tracks/Resolutions/pull_d0' [KSnorm]
DCubeTester  2026-08-04 17:04:41,003 DEBUG   : gathering statistics along x axis
DCubeTester  2026-08-04 17:04:41,004 DEBUG   : *** Kolmogorov-Smirnoff *** all non-empty bins=28 all equal non-empty bins=28
DCubeTester  2026-08-04 17:04:41,004 DEBUG   : *** Kolmogorov-Smirnoff *** both '/InDetTrackPerfMonPlots/TrkAnaLRT/Offline/Tracks/Resolutions/pull_d0' histograms are equal!
DCubeTester  2026-08-04 17:04:41,004 INFO    : *** Kolmogorov-Smirnoff *** (N) p-value=1.000 status=OK
DCubePlotter 2026-08-04 17:04:41,005 DEBUG   : plot called for object of name pull_d0
DCubePlotter 2026-08-04 17:04:41,005 DEBUG   : plotting pull_d0 of type TH1D
DCubePlotter 2026-08-04 17:04:41,046 DEBUG   : plot 'dcube_idtpm_lrt/plots/h1r_785ac532-d052-476e-a56e-44681dadbeed.png' has been created
DCubePlotter 2026-08-04 17:04:41,078 DEBUG   : plot 'dcube_idtpm_lrt/plots/h1d_27865394-b21b-44fe-8225-5837bf921762.png' has been created
DCubeApp     2026-08-04 17:04:41,078 DEBUG   : child tagName hist1D
DCubeApp     2026-08-04 17:04:41,078 INFO    : test hist1D '/InDetTrackPerfMonPlots/TrkAnaLRT/Offline/Tracks/Resolutions/res_d0' [KSnorm]
DCubeTester  2026-08-04 17:04:41,084 DEBUG   : gathering statistics along x axis
DCubeTester  2026-08-04 17:04:41,085 DEBUG   : *** Kolmogorov-Smirnoff *** all non-empty bins=12 all equal non-empty bins=12
DCubeTester  2026-08-04 17:04:41,085 DEBUG   : *** Kolmogorov-Smirnoff *** both '/InDetTrackPerfMonPlots/TrkAnaLRT/Offline/Tracks/Resolutions/res_d0' histograms are equal!
DCubeTester  2026-08-04 17:04:41,085 INFO    : *** Kolmogorov-Smirnoff *** (N) p-value=1.000 status=OK
DCubePlotter 2026-08-04 17:04:41,085 DEBUG   : plot called for object of name res_d0
DCubePlotter 2026-08-04 17:04:41,086 DEBUG   : plotting res_d0 of type TH1D
DCubePlotter 2026-08-04 17:04:41,109 DEBUG   : plot 'dcube_idtpm_lrt/plots/h1r_33d83fd5-c8e0-496f-94de-fea13cd9bee5.png' has been created
DCubePlotter 2026-08-04 17:04:41,165 DEBUG   : plot 'dcube_idtpm_lrt/plots/h1d_7f95de0a-d42d-4cc4-882d-a902ef280d3a.png' has been created
DCubeApp     2026-08-04 17:04:41,165 DEBUG   : child tagName hist1D
DCubeApp     2026-08-04 17:04:41,166 INFO    : test hist1D '/InDetTrackPerfMonPlots/TrkAnaLRT/Offline/Tracks/Resolutions/sigma_offl_d0' [KSnorm]
DCubeTester  2026-08-04 17:04:41,167 DEBUG   : gathering statistics along x axis
DCubeTester  2026-08-04 17:04:41,168 DEBUG   : *** Kolmogorov-Smirnoff *** all non-empty bins=72 all equal non-empty bins=72
DCubeTester  2026-08-04 17:04:41,168 DEBUG   : *** Kolmogorov-Smirnoff *** both '/InDetTrackPerfMonPlots/TrkAnaLRT/Offline/Tracks/Resolutions/sigma_offl_d0' histograms are equal!
DCubeTester  2026-08-04 17:04:41,168 INFO    : *** Kolmogorov-Smirnoff *** (N) p-value=1.000 status=OK
DCubePlotter 2026-08-04 17:04:41,169 DEBUG   : plot called for object of name sigma_offl_d0
DCubePlotter 2026-08-04 17:04:41,169 DEBUG   : plotting sigma_offl_d0 of type TH1D
DCubePlotter 2026-08-04 17:04:41,203 DEBUG   : plot 'dcube_idtpm_lrt/plots/h1r_8d4b17b6-80c3-4917-81f3-491dd31c6d4b.png' has been created
DCubePlotter 2026-08-04 17:04:41,229 DEBUG   : plot 'dcube_idtpm_lrt/plots/h1d_f830bf8d-4903-46c2-9cca-ff002e69a9a6.png' has been created
DCubeApp     2026-08-04 17:04:41,230 DEBUG   : child tagName hist1D
DCubeApp     2026-08-04 17:04:41,231 INFO    : test hist1D '/InDetTrackPerfMonPlots/TrkAnaLRT/Offline/Tracks/Resolutions/resolution_d0_vs_truth_eta' [KSnorm]
DCubeTester  2026-08-04 17:04:41,233 DEBUG   : gathering statistics along x axis
DCubeTester  2026-08-04 17:04:41,234 DEBUG   : *** Kolmogorov-Smirnoff *** all non-empty bins=16 all equal non-empty bins=16
DCubeTester  2026-08-04 17:04:41,234 DEBUG   : *** Kolmogorov-Smirnoff *** both '/InDetTrackPerfMonPlots/TrkAnaLRT/Offline/Tracks/Resolutions/resolution_d0_vs_truth_eta' histograms are equal!
DCubeTester  2026-08-04 17:04:41,235 INFO    : *** Kolmogorov-Smirnoff *** (N) p-value=1.000 status=OK
DCubePlotter 2026-08-04 17:04:41,235 DEBUG   : plot called for object of name resolution_d0_vs_truth_eta
DCubePlotter 2026-08-04 17:04:41,235 DEBUG   : plotting resolution_d0_vs_truth_eta of type TH1D
DCubePlotter 2026-08-04 17:04:41,260 DEBUG   : plot 'dcube_idtpm_lrt/plots/h1r_c19b45cc-243b-4a82-8d80-0c545895b58f.png' has been created
DCubePlotter 2026-08-04 17:04:41,285 DEBUG   : plot 'dcube_idtpm_lrt/plots/h1d_b98d3517-b72e-4504-985e-8302505f8a43.png' has been created
DCubeApp     2026-08-04 17:04:41,286 DEBUG   : child tagName hist1D
DCubeApp     2026-08-04 17:04:41,286 INFO    : test hist1D '/InDetTrackPerfMonPlots/TrkAnaLRT/Offline/Tracks/Resolutions/resmean_d0_vs_truth_eta' [KSnorm]
DCubeTester  2026-08-04 17:04:41,289 DEBUG   : gathering statistics along x axis
DCubeTester  2026-08-04 17:04:41,289 DEBUG   : *** Kolmogorov-Smirnoff *** all non-empty bins=44 all equal non-empty bins=44
DCubeTester  2026-08-04 17:04:41,290 DEBUG   : *** Kolmogorov-Smirnoff *** both '/InDetTrackPerfMonPlots/TrkAnaLRT/Offline/Tracks/Resolutions/resmean_d0_vs_truth_eta' histograms are equal!
DCubeTester  2026-08-04 17:04:41,290 INFO    : *** Kolmogorov-Smirnoff *** (N) p-value=1.000 status=OK
DCubePlotter 2026-08-04 17:04:41,291 DEBUG   : plot called for object of name resmean_d0_vs_truth_eta
DCubePlotter 2026-08-04 17:04:41,291 DEBUG   : plotting resmean_d0_vs_truth_eta of type TH1D
DCubePlotter 2026-08-04 17:04:41,325 DEBUG   : plot 'dcube_idtpm_lrt/plots/h1r_8d358825-620b-4791-8be3-6769fc182243.png' has been created
DCubePlotter 2026-08-04 17:04:41,350 DEBUG   : plot 'dcube_idtpm_lrt/plots/h1d_743c596a-b447-4b68-8b84-9a4a36262f76.png' has been created
DCubeApp     2026-08-04 17:04:41,350 DEBUG   : child tagName hist1D
DCubeApp     2026-08-04 17:04:41,351 INFO    : test hist1D '/InDetTrackPerfMonPlots/TrkAnaLRT/Offline/Tracks/Resolutions/resolution_d0_vs_truth_pt' [KSnorm]
DCubeTester  2026-08-04 17:04:41,353 DEBUG   : gathering statistics along x axis
DCubeTester  2026-08-04 17:04:41,354 DEBUG   : *** Kolmogorov-Smirnoff *** all non-empty bins=14 all equal non-empty bins=14
DCubeTester  2026-08-04 17:04:41,354 DEBUG   : *** Kolmogorov-Smirnoff *** both '/InDetTrackPerfMonPlots/TrkAnaLRT/Offline/Tracks/Resolutions/resolution_d0_vs_truth_pt' histograms are equal!
DCubeTester  2026-08-04 17:04:41,354 INFO    : *** Kolmogorov-Smirnoff *** (N) p-value=1.000 status=OK
DCubePlotter 2026-08-04 17:04:41,355 DEBUG   : plot called for object of name resolution_d0_vs_truth_pt
DCubePlotter 2026-08-04 17:04:41,355 DEBUG   : additional plot options are: 'logx'
DCubePlotter 2026-08-04 17:04:41,356 DEBUG   : plotting resolution_d0_vs_truth_pt of type TH1D
DCubePlotter 2026-08-04 17:04:41,383 DEBUG   : plot 'dcube_idtpm_lrt/plots/h1r_dd0c7dfe-f6fa-48dc-98e3-101d6901b4b6.png' has been created
DCubePlotter 2026-08-04 17:04:41,450 DEBUG   : plot 'dcube_idtpm_lrt/plots/h1d_95fa71cc-6f8f-4f19-a76f-0a77e8afe520.png' has been created
DCubeApp     2026-08-04 17:04:41,450 DEBUG   : child tagName hist1D
DCubeApp     2026-08-04 17:04:41,450 INFO    : test hist1D '/InDetTrackPerfMonPlots/TrkAnaLRT/Offline/Tracks/Resolutions/resmean_d0_vs_truth_pt' [KSnorm]
DCubeTester  2026-08-04 17:04:41,453 DEBUG   : gathering statistics along x axis
DCubeTester  2026-08-04 17:04:41,454 DEBUG   : *** Kolmogorov-Smirnoff *** all non-empty bins=28 all equal non-empty bins=28
DCubeTester  2026-08-04 17:04:41,454 DEBUG   : *** Kolmogorov-Smirnoff *** both '/InDetTrackPerfMonPlots/TrkAnaLRT/Offline/Tracks/Resolutions/resmean_d0_vs_truth_pt' histograms are equal!
DCubeTester  2026-08-04 17:04:41,454 INFO    : *** Kolmogorov-Smirnoff *** (N) p-value=1.000 status=OK
DCubePlotter 2026-08-04 17:04:41,455 DEBUG   : plot called for object of name resmean_d0_vs_truth_pt
DCubePlotter 2026-08-04 17:04:41,455 DEBUG   : additional plot options are: 'logx'
DCubePlotter 2026-08-04 17:04:41,455 DEBUG   : plotting resmean_d0_vs_truth_pt of type TH1D
DCubePlotter 2026-08-04 17:04:41,492 DEBUG   : plot 'dcube_idtpm_lrt/plots/h1r_e4b8e109-313d-49dc-9f79-979d71a1280c.png' has been created
DCubePlotter 2026-08-04 17:04:41,583 DEBUG   : plot 'dcube_idtpm_lrt/plots/h1d_c2d74e3a-fa94-4fe6-9f41-0e0b5f0bff01.png' has been created
DCubeApp     2026-08-04 17:04:41,583 DEBUG   : child tagName hist1D
DCubeApp     2026-08-04 17:04:41,584 INFO    : test hist1D '/InDetTrackPerfMonPlots/TrkAnaLRT/Offline/Tracks/Resolutions/pullwidth_d0_vs_truth_eta' [KSnorm]
DCubeTester  2026-08-04 17:04:41,586 DEBUG   : gathering statistics along x axis
DCubeTester  2026-08-04 17:04:41,586 DEBUG   : *** Kolmogorov-Smirnoff *** all non-empty bins=4 all equal non-empty bins=4
DCubeTester  2026-08-04 17:04:41,586 DEBUG   : *** Kolmogorov-Smirnoff *** both '/InDetTrackPerfMonPlots/TrkAnaLRT/Offline/Tracks/Resolutions/pullwidth_d0_vs_truth_eta' histograms are equal!
DCubeTester  2026-08-04 17:04:41,587 INFO    : *** Kolmogorov-Smirnoff *** (N) p-value=1.000 status=OK
DCubePlotter 2026-08-04 17:04:41,587 DEBUG   : plot called for object of name pullwidth_d0_vs_truth_eta
DCubePlotter 2026-08-04 17:04:41,587 DEBUG   : plotting pullwidth_d0_vs_truth_eta of type TH1D
DCubePlotter 2026-08-04 17:04:41,609 DEBUG   : plot 'dcube_idtpm_lrt/plots/h1r_2727baf0-e704-4cf0-b887-93d4a65c43a1.png' has been created
DCubePlotter 2026-08-04 17:04:41,644 DEBUG   : plot 'dcube_idtpm_lrt/plots/h1d_fe37c6cc-7d2c-4021-82f3-173c2431d1be.png' has been created
DCubeApp     2026-08-04 17:04:41,645 DEBUG   : child tagName hist1D
DCubeApp     2026-08-04 17:04:41,645 INFO    : test hist1D '/InDetTrackPerfMonPlots/TrkAnaLRT/Offline/Tracks/Resolutions/pullmean_d0_vs_truth_eta' [KSnorm]
DCubeTester  2026-08-04 17:04:41,647 DEBUG   : gathering statistics along x axis
DCubeTester  2026-08-04 17:04:41,647 DEBUG   : *** Kolmogorov-Smirnoff *** all non-empty bins=26 all equal non-empty bins=26
DCubeTester  2026-08-04 17:04:41,647 DEBUG   : *** Kolmogorov-Smirnoff *** both '/InDetTrackPerfMonPlots/TrkAnaLRT/Offline/Tracks/Resolutions/pullmean_d0_vs_truth_eta' histograms are equal!
DCubeTester  2026-08-04 17:04:41,652 INFO    : *** Kolmogorov-Smirnoff *** (N) p-value=1.000 status=OK
DCubePlotter 2026-08-04 17:04:41,652 DEBUG   : plot called for object of name pullmean_d0_vs_truth_eta
DCubePlotter 2026-08-04 17:04:41,652 DEBUG   : plotting pullmean_d0_vs_truth_eta of type TH1D
DCubePlotter 2026-08-04 17:04:41,690 DEBUG   : plot 'dcube_idtpm_lrt/plots/h1r_316012ea-1fd4-480f-aa59-734dfe67db84.png' has been created
DCubePlotter 2026-08-04 17:04:41,713 DEBUG   : plot 'dcube_idtpm_lrt/plots/h1d_8449ec24-6c74-4407-8554-12f4c83bdcb5.png' has been created
DCubeApp     2026-08-04 17:04:41,713 DEBUG   : child tagName hist1D
DCubeApp     2026-08-04 17:04:41,713 INFO    : test hist1D '/InDetTrackPerfMonPlots/TrkAnaLRT/Offline/Tracks/Resolutions/pullwidth_d0_vs_truth_pt' [KSnorm]
DCubeTester  2026-08-04 17:04:41,715 DEBUG   : gathering statistics along x axis
DCubeTester  2026-08-04 17:04:41,715 DEBUG   : *** Kolmogorov-Smirnoff *** all non-empty bins=4 all equal non-empty bins=4
DCubeTester  2026-08-04 17:04:41,715 DEBUG   : *** Kolmogorov-Smirnoff *** both '/InDetTrackPerfMonPlots/TrkAnaLRT/Offline/Tracks/Resolutions/pullwidth_d0_vs_truth_pt' histograms are equal!
DCubeTester  2026-08-04 17:04:41,715 INFO    : *** Kolmogorov-Smirnoff *** (N) p-value=1.000 status=OK
DCubePlotter 2026-08-04 17:04:41,716 DEBUG   : plot called for object of name pullwidth_d0_vs_truth_pt
DCubePlotter 2026-08-04 17:04:41,716 DEBUG   : additional plot options are: 'logx'
DCubePlotter 2026-08-04 17:04:41,716 DEBUG   : plotting pullwidth_d0_vs_truth_pt of type TH1D
DCubePlotter 2026-08-04 17:04:41,742 DEBUG   : plot 'dcube_idtpm_lrt/plots/h1r_4ede5a54-1f8c-47e2-8f50-2d4698fa9d00.png' has been created
DCubePlotter 2026-08-04 17:04:41,797 DEBUG   : plot 'dcube_idtpm_lrt/plots/h1d_fde66d03-fb81-42de-b3e3-807920e969d9.png' has been created
DCubeApp     2026-08-04 17:04:41,798 DEBUG   : child tagName hist1D
DCubeApp     2026-08-04 17:04:41,799 INFO    : test hist1D '/InDetTrackPerfMonPlots/TrkAnaLRT/Offline/Tracks/Resolutions/pullmean_d0_vs_truth_pt' [KSnorm]
DCubeTester  2026-08-04 17:04:41,804 DEBUG   : gathering statistics along x axis
DCubeTester  2026-08-04 17:04:41,805 DEBUG   : *** Kolmogorov-Smirnoff *** all non-empty bins=22 all equal non-empty bins=22
DCubeTester  2026-08-04 17:04:41,805 DEBUG   : *** Kolmogorov-Smirnoff *** both '/InDetTrackPerfMonPlots/TrkAnaLRT/Offline/Tracks/Resolutions/pullmean_d0_vs_truth_pt' histograms are equal!
DCubeTester  2026-08-04 17:04:41,805 INFO    : *** Kolmogorov-Smirnoff *** (N) p-value=1.000 status=OK
DCubePlotter 2026-08-04 17:04:41,806 DEBUG   : plot called for object of name pullmean_d0_vs_truth_pt
DCubePlotter 2026-08-04 17:04:41,807 DEBUG   : additional plot options are: 'logx'
DCubePlotter 2026-08-04 17:04:41,807 DEBUG   : plotting pullmean_d0_vs_truth_pt of type TH1D
DCubePlotter 2026-08-04 17:04:42,353 DEBUG   : plot 'dcube_idtpm_lrt/plots/h1r_f926ce08-5a67-4e56-8df8-4c1fed1f42ff.png' has been created
DCubePlotter 2026-08-04 17:04:42,410 DEBUG   : plot 'dcube_idtpm_lrt/plots/h1d_63d1b921-1a29-4afd-9ab6-6a7bbc2bd305.png' has been created
DCubeApp     2026-08-04 17:04:42,411 DEBUG   : child tagName hist1D
DCubeApp     2026-08-04 17:04:42,411 INFO    : test hist1D '/InDetTrackPerfMonPlots/TrkAnaLRT/Offline/Tracks/Resolutions/pull_z0' [KSnorm]
DCubeTester  2026-08-04 17:04:42,415 DEBUG   : gathering statistics along x axis
DCubeTester  2026-08-04 17:04:42,416 DEBUG   : *** Kolmogorov-Smirnoff *** all non-empty bins=62 all equal non-empty bins=62
DCubeTester  2026-08-04 17:04:42,417 DEBUG   : *** Kolmogorov-Smirnoff *** both '/InDetTrackPerfMonPlots/TrkAnaLRT/Offline/Tracks/Resolutions/pull_z0' histograms are equal!
DCubeTester  2026-08-04 17:04:42,417 INFO    : *** Kolmogorov-Smirnoff *** (N) p-value=1.000 status=OK
DCubePlotter 2026-08-04 17:04:42,417 DEBUG   : plot called for object of name pull_z0
DCubePlotter 2026-08-04 17:04:42,417 DEBUG   : plotting pull_z0 of type TH1D
DCubePlotter 2026-08-04 17:04:42,480 DEBUG   : plot 'dcube_idtpm_lrt/plots/h1r_8d477977-38d1-496b-8f9e-0a8a6f1ac148.png' has been created
DCubePlotter 2026-08-04 17:04:42,533 DEBUG   : plot 'dcube_idtpm_lrt/plots/h1d_a4a163fe-ce8b-4fdd-a154-1f81bc284c64.png' has been created
DCubeApp     2026-08-04 17:04:42,534 DEBUG   : child tagName hist1D
DCubeApp     2026-08-04 17:04:42,534 INFO    : test hist1D '/InDetTrackPerfMonPlots/TrkAnaLRT/Offline/Tracks/Resolutions/res_z0' [KSnorm]
DCubeTester  2026-08-04 17:04:42,536 DEBUG   : gathering statistics along x axis
DCubeTester  2026-08-04 17:04:42,537 DEBUG   : *** Kolmogorov-Smirnoff *** all non-empty bins=28 all equal non-empty bins=28
DCubeTester  2026-08-04 17:04:42,537 DEBUG   : *** Kolmogorov-Smirnoff *** both '/InDetTrackPerfMonPlots/TrkAnaLRT/Offline/Tracks/Resolutions/res_z0' histograms are equal!
DCubeTester  2026-08-04 17:04:42,537 INFO    : *** Kolmogorov-Smirnoff *** (N) p-value=1.000 status=OK
DCubePlotter 2026-08-04 17:04:42,537 DEBUG   : plot called for object of name res_z0
DCubePlotter 2026-08-04 17:04:42,537 DEBUG   : plotting res_z0 of type TH1D
DCubePlotter 2026-08-04 17:04:42,562 DEBUG   : plot 'dcube_idtpm_lrt/plots/h1r_0ca77115-6cbd-4f90-8520-9d52ce8b0628.png' has been created
DCubePlotter 2026-08-04 17:04:42,612 DEBUG   : plot 'dcube_idtpm_lrt/plots/h1d_46c3b7bd-ee26-4e52-ad7a-8ca4ccee13ac.png' has been created
DCubeApp     2026-08-04 17:04:42,613 DEBUG   : child tagName hist1D
DCubeApp     2026-08-04 17:04:42,613 INFO    : test hist1D '/InDetTrackPerfMonPlots/TrkAnaLRT/Offline/Tracks/Resolutions/sigma_offl_z0' [KSnorm]
DCubeTester  2026-08-04 17:04:42,615 DEBUG   : gathering statistics along x axis
DCubeTester  2026-08-04 17:04:42,615 DEBUG   : *** Kolmogorov-Smirnoff *** all non-empty bins=62 all equal non-empty bins=62
DCubeTester  2026-08-04 17:04:42,615 DEBUG   : *** Kolmogorov-Smirnoff *** both '/InDetTrackPerfMonPlots/TrkAnaLRT/Offline/Tracks/Resolutions/sigma_offl_z0' histograms are equal!
DCubeTester  2026-08-04 17:04:42,616 INFO    : *** Kolmogorov-Smirnoff *** (N) p-value=1.000 status=OK
DCubePlotter 2026-08-04 17:04:42,616 DEBUG   : plot called for object of name sigma_offl_z0
DCubePlotter 2026-08-04 17:04:42,616 DEBUG   : plotting sigma_offl_z0 of type TH1D
DCubePlotter 2026-08-04 17:04:42,651 DEBUG   : plot 'dcube_idtpm_lrt/plots/h1r_02670c6b-17bd-47df-b06f-a95baf23a8c5.png' has been created
DCubePlotter 2026-08-04 17:04:42,717 DEBUG   : plot 'dcube_idtpm_lrt/plots/h1d_c899f7e3-f2ad-4ac0-9268-5f49cf6119b1.png' has been created
DCubeApp     2026-08-04 17:04:42,718 DEBUG   : child tagName hist1D
DCubeApp     2026-08-04 17:04:42,718 INFO    : test hist1D '/InDetTrackPerfMonPlots/TrkAnaLRT/Offline/Tracks/Resolutions/resolution_z0_vs_truth_eta' [KSnorm]
DCubeTester  2026-08-04 17:04:42,720 DEBUG   : gathering statistics along x axis
DCubeTester  2026-08-04 17:04:42,720 DEBUG   : *** Kolmogorov-Smirnoff *** all non-empty bins=14 all equal non-empty bins=14
DCubeTester  2026-08-04 17:04:42,721 DEBUG   : *** Kolmogorov-Smirnoff *** both '/InDetTrackPerfMonPlots/TrkAnaLRT/Offline/Tracks/Resolutions/resolution_z0_vs_truth_eta' histograms are equal!
DCubeTester  2026-08-04 17:04:42,721 INFO    : *** Kolmogorov-Smirnoff *** (N) p-value=1.000 status=OK
DCubePlotter 2026-08-04 17:04:42,721 DEBUG   : plot called for object of name resolution_z0_vs_truth_eta
DCubePlotter 2026-08-04 17:04:42,721 DEBUG   : plotting resolution_z0_vs_truth_eta of type TH1D
DCubePlotter 2026-08-04 17:04:42,750 DEBUG   : plot 'dcube_idtpm_lrt/plots/h1r_5b81e6aa-def6-4dee-bd75-a496c162bc6a.png' has been created
DCubePlotter 2026-08-04 17:04:42,824 DEBUG   : plot 'dcube_idtpm_lrt/plots/h1d_3b1646d9-fb0a-4c45-92bf-2898ceca62b9.png' has been created
DCubeApp     2026-08-04 17:04:42,825 DEBUG   : child tagName hist1D
DCubeApp     2026-08-04 17:04:42,825 INFO    : test hist1D '/InDetTrackPerfMonPlots/TrkAnaLRT/Offline/Tracks/Resolutions/resmean_z0_vs_truth_eta' [KSnorm]
DCubeTester  2026-08-04 17:04:42,827 DEBUG   : gathering statistics along x axis
DCubeTester  2026-08-04 17:04:42,827 DEBUG   : *** Kolmogorov-Smirnoff *** all non-empty bins=54 all equal non-empty bins=54
DCubeTester  2026-08-04 17:04:42,827 DEBUG   : *** Kolmogorov-Smirnoff *** both '/InDetTrackPerfMonPlots/TrkAnaLRT/Offline/Tracks/Resolutions/resmean_z0_vs_truth_eta' histograms are equal!
DCubeTester  2026-08-04 17:04:42,828 INFO    : *** Kolmogorov-Smirnoff *** (N) p-value=1.000 status=OK
DCubePlotter 2026-08-04 17:04:42,828 DEBUG   : plot called for object of name resmean_z0_vs_truth_eta
DCubePlotter 2026-08-04 17:04:42,828 DEBUG   : plotting resmean_z0_vs_truth_eta of type TH1D
DCubePlotter 2026-08-04 17:04:42,875 DEBUG   : plot 'dcube_idtpm_lrt/plots/h1r_36814b53-9938-4b00-a3d5-9dec3ef1c2c0.png' has been created
DCubePlotter 2026-08-04 17:04:42,898 DEBUG   : plot 'dcube_idtpm_lrt/plots/h1d_aeb28808-a41a-4ba2-87dd-d1749e6bb547.png' has been created
DCubeApp     2026-08-04 17:04:42,898 DEBUG   : child tagName hist1D
DCubeApp     2026-08-04 17:04:42,899 INFO    : test hist1D '/InDetTrackPerfMonPlots/TrkAnaLRT/Offline/Tracks/Resolutions/resolution_z0_vs_truth_pt' [KSnorm]
DCubeTester  2026-08-04 17:04:42,901 DEBUG   : gathering statistics along x axis
DCubeTester  2026-08-04 17:04:42,901 DEBUG   : *** Kolmogorov-Smirnoff *** all non-empty bins=16 all equal non-empty bins=16
DCubeTester  2026-08-04 17:04:42,902 DEBUG   : *** Kolmogorov-Smirnoff *** both '/InDetTrackPerfMonPlots/TrkAnaLRT/Offline/Tracks/Resolutions/resolution_z0_vs_truth_pt' histograms are equal!
DCubeTester  2026-08-04 17:04:42,902 INFO    : *** Kolmogorov-Smirnoff *** (N) p-value=1.000 status=OK
DCubePlotter 2026-08-04 17:04:42,902 DEBUG   : plot called for object of name resolution_z0_vs_truth_pt
DCubePlotter 2026-08-04 17:04:42,903 DEBUG   : additional plot options are: 'logx'
DCubePlotter 2026-08-04 17:04:42,903 DEBUG   : plotting resolution_z0_vs_truth_pt of type TH1D
DCubePlotter 2026-08-04 17:04:42,929 DEBUG   : plot 'dcube_idtpm_lrt/plots/h1r_b0ab8208-02d1-46a5-9770-db7858e31e79.png' has been created
DCubePlotter 2026-08-04 17:04:42,987 DEBUG   : plot 'dcube_idtpm_lrt/plots/h1d_f5e98e17-d726-4d24-a4ad-bd10f0930c4f.png' has been created
DCubeApp     2026-08-04 17:04:42,987 DEBUG   : child tagName hist1D
DCubeApp     2026-08-04 17:04:42,987 INFO    : test hist1D '/InDetTrackPerfMonPlots/TrkAnaLRT/Offline/Tracks/Resolutions/resmean_z0_vs_truth_pt' [KSnorm]
DCubeTester  2026-08-04 17:04:42,989 DEBUG   : gathering statistics along x axis
DCubeTester  2026-08-04 17:04:42,990 DEBUG   : *** Kolmogorov-Smirnoff *** all non-empty bins=28 all equal non-empty bins=28
DCubeTester  2026-08-04 17:04:42,990 DEBUG   : *** Kolmogorov-Smirnoff *** both '/InDetTrackPerfMonPlots/TrkAnaLRT/Offline/Tracks/Resolutions/resmean_z0_vs_truth_pt' histograms are equal!
DCubeTester  2026-08-04 17:04:42,990 INFO    : *** Kolmogorov-Smirnoff *** (N) p-value=1.000 status=OK
DCubePlotter 2026-08-04 17:04:42,990 DEBUG   : plot called for object of name resmean_z0_vs_truth_pt
DCubePlotter 2026-08-04 17:04:42,991 DEBUG   : additional plot options are: 'logx'
DCubePlotter 2026-08-04 17:04:42,991 DEBUG   : plotting resmean_z0_vs_truth_pt of type TH1D
DCubePlotter 2026-08-04 17:04:43,020 DEBUG   : plot 'dcube_idtpm_lrt/plots/h1r_1286983b-3e30-4d95-878d-5ae657bac80f.png' has been created
DCubePlotter 2026-08-04 17:04:43,108 DEBUG   : plot 'dcube_idtpm_lrt/plots/h1d_b0445aa0-04b3-4702-8697-ac6952edb186.png' has been created
DCubeApp     2026-08-04 17:04:43,108 DEBUG   : child tagName hist1D
DCubeApp     2026-08-04 17:04:43,109 INFO    : test hist1D '/InDetTrackPerfMonPlots/TrkAnaLRT/Offline/Tracks/Resolutions/pullwidth_z0_vs_truth_eta' [KSnorm]
DCubeTester  2026-08-04 17:04:43,111 DEBUG   : gathering statistics along x axis
DCubeTester  2026-08-04 17:04:43,111 DEBUG   : *** Kolmogorov-Smirnoff *** all non-empty bins=16 all equal non-empty bins=16
DCubeTester  2026-08-04 17:04:43,111 DEBUG   : *** Kolmogorov-Smirnoff *** both '/InDetTrackPerfMonPlots/TrkAnaLRT/Offline/Tracks/Resolutions/pullwidth_z0_vs_truth_eta' histograms are equal!
DCubeTester  2026-08-04 17:04:43,112 INFO    : *** Kolmogorov-Smirnoff *** (N) p-value=1.000 status=OK
DCubePlotter 2026-08-04 17:04:43,112 DEBUG   : plot called for object of name pullwidth_z0_vs_truth_eta
DCubePlotter 2026-08-04 17:04:43,112 DEBUG   : plotting pullwidth_z0_vs_truth_eta of type TH1D
DCubePlotter 2026-08-04 17:04:43,146 DEBUG   : plot 'dcube_idtpm_lrt/plots/h1r_9aecdcf1-5770-465e-ad15-9b3cb5545af6.png' has been created
DCubePlotter 2026-08-04 17:04:43,169 DEBUG   : plot 'dcube_idtpm_lrt/plots/h1d_35650ce8-bcfb-4b1a-a71e-daca74b0a277.png' has been created
DCubeApp     2026-08-04 17:04:43,170 DEBUG   : child tagName hist1D
DCubeApp     2026-08-04 17:04:43,170 INFO    : test hist1D '/InDetTrackPerfMonPlots/TrkAnaLRT/Offline/Tracks/Resolutions/pullmean_z0_vs_truth_eta' [KSnorm]
DCubeTester  2026-08-04 17:04:43,172 DEBUG   : gathering statistics along x axis
DCubeTester  2026-08-04 17:04:43,173 DEBUG   : *** Kolmogorov-Smirnoff *** all non-empty bins=48 all equal non-empty bins=48
DCubeTester  2026-08-04 17:04:43,173 DEBUG   : *** Kolmogorov-Smirnoff *** both '/InDetTrackPerfMonPlots/TrkAnaLRT/Offline/Tracks/Resolutions/pullmean_z0_vs_truth_eta' histograms are equal!
DCubeTester  2026-08-04 17:04:43,173 INFO    : *** Kolmogorov-Smirnoff *** (N) p-value=1.000 status=OK
DCubePlotter 2026-08-04 17:04:43,174 DEBUG   : plot called for object of name pullmean_z0_vs_truth_eta
DCubePlotter 2026-08-04 17:04:43,174 DEBUG   : plotting pullmean_z0_vs_truth_eta of type TH1D
DCubePlotter 2026-08-04 17:04:43,203 DEBUG   : plot 'dcube_idtpm_lrt/plots/h1r_b752d426-2e0d-47eb-90ad-b811b5c0a623.png' has been created
DCubePlotter 2026-08-04 17:04:43,236 DEBUG   : plot 'dcube_idtpm_lrt/plots/h1d_1a6dae37-baf5-4956-a86a-e5e0a9a66f52.png' has been created
DCubeApp     2026-08-04 17:04:43,236 DEBUG   : child tagName hist1D
DCubeApp     2026-08-04 17:04:43,237 INFO    : test hist1D '/InDetTrackPerfMonPlots/TrkAnaLRT/Offline/Tracks/Resolutions/pullwidth_z0_vs_truth_pt' [KSnorm]
DCubeTester  2026-08-04 17:04:43,245 DEBUG   : gathering statistics along x axis
DCubeTester  2026-08-04 17:04:43,245 DEBUG   : *** Kolmogorov-Smirnoff *** all non-empty bins=12 all equal non-empty bins=12
DCubeTester  2026-08-04 17:04:43,245 DEBUG   : *** Kolmogorov-Smirnoff *** both '/InDetTrackPerfMonPlots/TrkAnaLRT/Offline/Tracks/Resolutions/pullwidth_z0_vs_truth_pt' histograms are equal!
DCubeTester  2026-08-04 17:04:43,245 INFO    : *** Kolmogorov-Smirnoff *** (N) p-value=1.000 status=OK
DCubePlotter 2026-08-04 17:04:43,246 DEBUG   : plot called for object of name pullwidth_z0_vs_truth_pt
DCubePlotter 2026-08-04 17:04:43,246 DEBUG   : additional plot options are: 'logx'
DCubePlotter 2026-08-04 17:04:43,246 DEBUG   : plotting pullwidth_z0_vs_truth_pt of type TH1D
DCubePlotter 2026-08-04 17:04:43,270 DEBUG   : plot 'dcube_idtpm_lrt/plots/h1r_1b1abd92-826b-48c8-bdbe-643cc486da65.png' has been created
DCubePlotter 2026-08-04 17:04:43,311 DEBUG   : plot 'dcube_idtpm_lrt/plots/h1d_90dcf861-721d-43b6-a0c4-98b00dc6db06.png' has been created
DCubeApp     2026-08-04 17:04:43,312 DEBUG   : child tagName hist1D
DCubeApp     2026-08-04 17:04:43,312 INFO    : test hist1D '/InDetTrackPerfMonPlots/TrkAnaLRT/Offline/Tracks/Resolutions/pullmean_z0_vs_truth_pt' [KSnorm]
DCubeTester  2026-08-04 17:04:43,314 DEBUG   : gathering statistics along x axis
DCubeTester  2026-08-04 17:04:43,314 DEBUG   : *** Kolmogorov-Smirnoff *** all non-empty bins=24 all equal non-empty bins=24
DCubeTester  2026-08-04 17:04:43,314 DEBUG   : *** Kolmogorov-Smirnoff *** both '/InDetTrackPerfMonPlots/TrkAnaLRT/Offline/Tracks/Resolutions/pullmean_z0_vs_truth_pt' histograms are equal!
DCubeTester  2026-08-04 17:04:43,315 INFO    : *** Kolmogorov-Smirnoff *** (N) p-value=1.000 status=OK
DCubePlotter 2026-08-04 17:04:43,315 DEBUG   : plot called for object of name pullmean_z0_vs_truth_pt
DCubePlotter 2026-08-04 17:04:43,315 DEBUG   : additional plot options are: 'logx'
DCubePlotter 2026-08-04 17:04:43,315 DEBUG   : plotting pullmean_z0_vs_truth_pt of type TH1D
DCubePlotter 2026-08-04 17:04:43,351 DEBUG   : plot 'dcube_idtpm_lrt/plots/h1r_841c9e04-dd46-4dc4-8939-670d778f397d.png' has been created
DCubePlotter 2026-08-04 17:04:43,414 DEBUG   : plot 'dcube_idtpm_lrt/plots/h1d_cf103b22-3f4e-4b44-a98a-ba6b25df9531.png' has been created
DCubeApp     2026-08-04 17:04:43,415 DEBUG   : child tagName hist1D
DCubeApp     2026-08-04 17:04:43,415 INFO    : test hist1D '/InDetTrackPerfMonPlots/TrkAnaLRT/Offline/Tracks/Resolutions/pull_qoverp' [KSnorm]
DCubeTester  2026-08-04 17:04:43,417 DEBUG   : gathering statistics along x axis
DCubeTester  2026-08-04 17:04:43,418 DEBUG   : *** Kolmogorov-Smirnoff *** all non-empty bins=64 all equal non-empty bins=64
DCubeTester  2026-08-04 17:04:43,418 DEBUG   : *** Kolmogorov-Smirnoff *** both '/InDetTrackPerfMonPlots/TrkAnaLRT/Offline/Tracks/Resolutions/pull_qoverp' histograms are equal!
DCubeTester  2026-08-04 17:04:43,419 INFO    : *** Kolmogorov-Smirnoff *** (N) p-value=1.000 status=OK
DCubePlotter 2026-08-04 17:04:43,419 DEBUG   : plot called for object of name pull_qoverp
DCubePlotter 2026-08-04 17:04:43,419 DEBUG   : plotting pull_qoverp of type TH1D
DCubePlotter 2026-08-04 17:04:43,461 DEBUG   : plot 'dcube_idtpm_lrt/plots/h1r_2792ea03-4ff8-47b8-b68b-b2809f817d9f.png' has been created
DCubePlotter 2026-08-04 17:04:43,491 DEBUG   : plot 'dcube_idtpm_lrt/plots/h1d_5b01ac4c-5edb-4f22-a20f-323c635f4ceb.png' has been created
DCubeApp     2026-08-04 17:04:43,496 DEBUG   : child tagName hist1D
DCubeApp     2026-08-04 17:04:43,496 INFO    : test hist1D '/InDetTrackPerfMonPlots/TrkAnaLRT/Offline/Tracks/Resolutions/res_qoverp' [KSnorm]
DCubeTester  2026-08-04 17:04:43,500 DEBUG   : gathering statistics along x axis
DCubeTester  2026-08-04 17:04:43,500 DEBUG   : *** Kolmogorov-Smirnoff *** all non-empty bins=28 all equal non-empty bins=28
DCubeTester  2026-08-04 17:04:43,501 DEBUG   : *** Kolmogorov-Smirnoff *** both '/InDetTrackPerfMonPlots/TrkAnaLRT/Offline/Tracks/Resolutions/res_qoverp' histograms are equal!
DCubeTester  2026-08-04 17:04:43,501 INFO    : *** Kolmogorov-Smirnoff *** (N) p-value=1.000 status=OK
DCubePlotter 2026-08-04 17:04:43,501 DEBUG   : plot called for object of name res_qoverp
DCubePlotter 2026-08-04 17:04:43,501 DEBUG   : plotting res_qoverp of type TH1D
DCubePlotter 2026-08-04 17:04:43,546 DEBUG   : plot 'dcube_idtpm_lrt/plots/h1r_3f197622-2392-41ba-9979-9b8944a6f1ba.png' has been created
DCubePlotter 2026-08-04 17:04:43,569 DEBUG   : plot 'dcube_idtpm_lrt/plots/h1d_0b44b570-cd70-4696-bc28-637f3e6a3be0.png' has been created
DCubeApp     2026-08-04 17:04:43,570 DEBUG   : child tagName hist1D
DCubeApp     2026-08-04 17:04:43,570 INFO    : test hist1D '/InDetTrackPerfMonPlots/TrkAnaLRT/Offline/Tracks/Resolutions/sigma_offl_qoverp' [KSnorm]
DCubeTester  2026-08-04 17:04:43,572 DEBUG   : gathering statistics along x axis
DCubeTester  2026-08-04 17:04:43,572 DEBUG   : *** Kolmogorov-Smirnoff *** all non-empty bins=10 all equal non-empty bins=10
DCubeTester  2026-08-04 17:04:43,572 DEBUG   : *** Kolmogorov-Smirnoff *** both '/InDetTrackPerfMonPlots/TrkAnaLRT/Offline/Tracks/Resolutions/sigma_offl_qoverp' histograms are equal!
DCubeTester  2026-08-04 17:04:43,573 INFO    : *** Kolmogorov-Smirnoff *** (N) p-value=1.000 status=OK
DCubePlotter 2026-08-04 17:04:43,574 DEBUG   : plot called for object of name sigma_offl_qoverp
DCubePlotter 2026-08-04 17:04:43,574 DEBUG   : plotting sigma_offl_qoverp of type TH1D
DCubePlotter 2026-08-04 17:04:43,624 DEBUG   : plot 'dcube_idtpm_lrt/plots/h1r_cf2ea0b7-7464-4256-bbc5-e96464339d7d.png' has been created
DCubePlotter 2026-08-04 17:04:43,720 DEBUG   : plot 'dcube_idtpm_lrt/plots/h1d_25e048d8-f47a-43e1-b128-3b0a62c3041e.png' has been created
DCubeApp     2026-08-04 17:04:43,721 DEBUG   : child tagName hist1D
DCubeApp     2026-08-04 17:04:43,721 INFO    : test hist1D '/InDetTrackPerfMonPlots/TrkAnaLRT/Offline/Tracks/Resolutions/resolution_qoverp_vs_truth_eta' [KSnorm]
DCubeTester  2026-08-04 17:04:43,723 DEBUG   : gathering statistics along x axis
DCubeTester  2026-08-04 17:04:43,724 DEBUG   : *** Kolmogorov-Smirnoff *** all non-empty bins=28 all equal non-empty bins=28
DCubeTester  2026-08-04 17:04:43,724 DEBUG   : *** Kolmogorov-Smirnoff *** both '/InDetTrackPerfMonPlots/TrkAnaLRT/Offline/Tracks/Resolutions/resolution_qoverp_vs_truth_eta' histograms are equal!
DCubeTester  2026-08-04 17:04:43,725 INFO    : *** Kolmogorov-Smirnoff *** (N) p-value=1.000 status=OK
DCubePlotter 2026-08-04 17:04:43,725 DEBUG   : plot called for object of name resolution_qoverp_vs_truth_eta
DCubePlotter 2026-08-04 17:04:43,725 DEBUG   : plotting resolution_qoverp_vs_truth_eta of type TH1D
DCubePlotter 2026-08-04 17:04:43,784 DEBUG   : plot 'dcube_idtpm_lrt/plots/h1r_b709ea7a-0719-4072-be3f-b34d47dc660c.png' has been created
DCubePlotter 2026-08-04 17:04:43,841 DEBUG   : plot 'dcube_idtpm_lrt/plots/h1d_2acfe199-af75-420a-a98d-069969af15ac.png' has been created
DCubeApp     2026-08-04 17:04:43,841 DEBUG   : child tagName hist1D
DCubeApp     2026-08-04 17:04:43,842 INFO    : test hist1D '/InDetTrackPerfMonPlots/TrkAnaLRT/Offline/Tracks/Resolutions/resmean_qoverp_vs_truth_eta' [KSnorm]
DCubeTester  2026-08-04 17:04:43,844 DEBUG   : gathering statistics along x axis
DCubeTester  2026-08-04 17:04:43,845 DEBUG   : *** Kolmogorov-Smirnoff *** all non-empty bins=74 all equal non-empty bins=74
DCubeTester  2026-08-04 17:04:43,845 DEBUG   : *** Kolmogorov-Smirnoff *** both '/InDetTrackPerfMonPlots/TrkAnaLRT/Offline/Tracks/Resolutions/resmean_qoverp_vs_truth_eta' histograms are equal!
DCubeTester  2026-08-04 17:04:43,845 INFO    : *** Kolmogorov-Smirnoff *** (N) p-value=1.000 status=OK
DCubePlotter 2026-08-04 17:04:43,845 DEBUG   : plot called for object of name resmean_qoverp_vs_truth_eta
DCubePlotter 2026-08-04 17:04:43,845 DEBUG   : plotting resmean_qoverp_vs_truth_eta of type TH1D
DCubePlotter 2026-08-04 17:04:43,924 DEBUG   : plot 'dcube_idtpm_lrt/plots/h1r_91fc0572-d845-4347-baef-4496dbc6308d.png' has been created
DCubePlotter 2026-08-04 17:04:43,949 DEBUG   : plot 'dcube_idtpm_lrt/plots/h1d_2cff9208-55fa-432d-875f-a938d9e6b59e.png' has been created
DCubeApp     2026-08-04 17:04:43,950 DEBUG   : child tagName hist1D
DCubeApp     2026-08-04 17:04:43,950 INFO    : test hist1D '/InDetTrackPerfMonPlots/TrkAnaLRT/Offline/Tracks/Resolutions/resolution_qoverp_vs_truth_pt' [KSnorm]
DCubeTester  2026-08-04 17:04:43,952 DEBUG   : gathering statistics along x axis
DCubeTester  2026-08-04 17:04:43,952 DEBUG   : *** Kolmogorov-Smirnoff *** all non-empty bins=20 all equal non-empty bins=20
DCubeTester  2026-08-04 17:04:43,952 DEBUG   : *** Kolmogorov-Smirnoff *** both '/InDetTrackPerfMonPlots/TrkAnaLRT/Offline/Tracks/Resolutions/resolution_qoverp_vs_truth_pt' histograms are equal!
DCubeTester  2026-08-04 17:04:43,952 INFO    : *** Kolmogorov-Smirnoff *** (N) p-value=1.000 status=OK
DCubePlotter 2026-08-04 17:04:43,952 DEBUG   : plot called for object of name resolution_qoverp_vs_truth_pt
DCubePlotter 2026-08-04 17:04:43,953 DEBUG   : additional plot options are: 'logx'
DCubePlotter 2026-08-04 17:04:43,953 DEBUG   : plotting resolution_qoverp_vs_truth_pt of type TH1D
DCubePlotter 2026-08-04 17:04:43,995 DEBUG   : plot 'dcube_idtpm_lrt/plots/h1r_21dc8d6e-392c-4c00-b65f-88eb60dbc0e2.png' has been created
DCubePlotter 2026-08-04 17:04:44,063 DEBUG   : plot 'dcube_idtpm_lrt/plots/h1d_79c4e5e5-278a-4ee8-a009-f1294a701d55.png' has been created
DCubeApp     2026-08-04 17:04:44,063 DEBUG   : child tagName hist1D
DCubeApp     2026-08-04 17:04:44,064 INFO    : test hist1D '/InDetTrackPerfMonPlots/TrkAnaLRT/Offline/Tracks/Resolutions/resmean_qoverp_vs_truth_pt' [KSnorm]
DCubeTester  2026-08-04 17:04:44,065 DEBUG   : gathering statistics along x axis
DCubeTester  2026-08-04 17:04:44,066 DEBUG   : *** Kolmogorov-Smirnoff *** all non-empty bins=30 all equal non-empty bins=30
DCubeTester  2026-08-04 17:04:44,066 DEBUG   : *** Kolmogorov-Smirnoff *** both '/InDetTrackPerfMonPlots/TrkAnaLRT/Offline/Tracks/Resolutions/resmean_qoverp_vs_truth_pt' histograms are equal!
DCubeTester  2026-08-04 17:04:44,066 INFO    : *** Kolmogorov-Smirnoff *** (N) p-value=1.000 status=OK
DCubePlotter 2026-08-04 17:04:44,066 DEBUG   : plot called for object of name resmean_qoverp_vs_truth_pt
DCubePlotter 2026-08-04 17:04:44,066 DEBUG   : additional plot options are: 'logx'
DCubePlotter 2026-08-04 17:04:44,067 DEBUG   : plotting resmean_qoverp_vs_truth_pt of type TH1D
DCubePlotter 2026-08-04 17:04:44,096 DEBUG   : plot 'dcube_idtpm_lrt/plots/h1r_a1bc5f95-4300-4cc5-902d-240fa53c6b47.png' has been created
DCubePlotter 2026-08-04 17:04:44,156 DEBUG   : plot 'dcube_idtpm_lrt/plots/h1d_6c4146fd-f2b2-4f34-b983-c2f6178382a5.png' has been created
DCubeApp     2026-08-04 17:04:44,157 DEBUG   : child tagName hist1D
DCubeApp     2026-08-04 17:04:44,158 INFO    : test hist1D '/InDetTrackPerfMonPlots/TrkAnaLRT/Offline/Tracks/Resolutions/pullwidth_qoverp_vs_truth_eta' [KSnorm]
DCubeTester  2026-08-04 17:04:44,159 DEBUG   : gathering statistics along x axis
DCubeTester  2026-08-04 17:04:44,160 DEBUG   : *** Kolmogorov-Smirnoff *** all non-empty bins=28 all equal non-empty bins=28
DCubeTester  2026-08-04 17:04:44,160 DEBUG   : *** Kolmogorov-Smirnoff *** both '/InDetTrackPerfMonPlots/TrkAnaLRT/Offline/Tracks/Resolutions/pullwidth_qoverp_vs_truth_eta' histograms are equal!
DCubeTester  2026-08-04 17:04:44,160 INFO    : *** Kolmogorov-Smirnoff *** (N) p-value=1.000 status=OK
DCubePlotter 2026-08-04 17:04:44,160 DEBUG   : plot called for object of name pullwidth_qoverp_vs_truth_eta
DCubePlotter 2026-08-04 17:04:44,161 DEBUG   : plotting pullwidth_qoverp_vs_truth_eta of type TH1D
DCubePlotter 2026-08-04 17:04:44,194 DEBUG   : plot 'dcube_idtpm_lrt/plots/h1r_19a5f505-bcc3-49bd-a2ec-01729c8d6a18.png' has been created
DCubePlotter 2026-08-04 17:04:44,220 DEBUG   : plot 'dcube_idtpm_lrt/plots/h1d_74d54fcc-ff93-449b-a8d2-4de0cff6367e.png' has been created
DCubeApp     2026-08-04 17:04:44,220 DEBUG   : child tagName hist1D
DCubeApp     2026-08-04 17:04:44,221 INFO    : test hist1D '/InDetTrackPerfMonPlots/TrkAnaLRT/Offline/Tracks/Resolutions/pullmean_qoverp_vs_truth_eta' [KSnorm]
DCubeTester  2026-08-04 17:04:44,223 DEBUG   : gathering statistics along x axis
DCubeTester  2026-08-04 17:04:44,223 DEBUG   : *** Kolmogorov-Smirnoff *** all non-empty bins=74 all equal non-empty bins=74
DCubeTester  2026-08-04 17:04:44,224 DEBUG   : *** Kolmogorov-Smirnoff *** both '/InDetTrackPerfMonPlots/TrkAnaLRT/Offline/Tracks/Resolutions/pullmean_qoverp_vs_truth_eta' histograms are equal!
DCubeTester  2026-08-04 17:04:44,224 INFO    : *** Kolmogorov-Smirnoff *** (N) p-value=1.000 status=OK
DCubePlotter 2026-08-04 17:04:44,224 DEBUG   : plot called for object of name pullmean_qoverp_vs_truth_eta
DCubePlotter 2026-08-04 17:04:44,225 DEBUG   : plotting pullmean_qoverp_vs_truth_eta of type TH1D
DCubePlotter 2026-08-04 17:04:44,264 DEBUG   : plot 'dcube_idtpm_lrt/plots/h1r_33839dcf-9680-446b-ae27-8b3a5399677f.png' has been created
DCubePlotter 2026-08-04 17:04:44,290 DEBUG   : plot 'dcube_idtpm_lrt/plots/h1d_413bbc0f-3c3a-4f5a-a3b5-afa527b3b3a4.png' has been created
DCubeApp     2026-08-04 17:04:44,290 DEBUG   : child tagName hist1D
DCubeApp     2026-08-04 17:04:44,293 INFO    : test hist1D '/InDetTrackPerfMonPlots/TrkAnaLRT/Offline/Tracks/Resolutions/pullwidth_qoverp_vs_truth_pt' [KSnorm]
DCubeTester  2026-08-04 17:04:44,294 DEBUG   : gathering statistics along x axis
DCubeTester  2026-08-04 17:04:44,295 DEBUG   : *** Kolmogorov-Smirnoff *** all non-empty bins=20 all equal non-empty bins=20
DCubeTester  2026-08-04 17:04:44,295 DEBUG   : *** Kolmogorov-Smirnoff *** both '/InDetTrackPerfMonPlots/TrkAnaLRT/Offline/Tracks/Resolutions/pullwidth_qoverp_vs_truth_pt' histograms are equal!
DCubeTester  2026-08-04 17:04:44,296 INFO    : *** Kolmogorov-Smirnoff *** (N) p-value=1.000 status=OK
DCubePlotter 2026-08-04 17:04:44,296 DEBUG   : plot called for object of name pullwidth_qoverp_vs_truth_pt
DCubePlotter 2026-08-04 17:04:44,297 DEBUG   : additional plot options are: 'logx'
DCubePlotter 2026-08-04 17:04:44,297 DEBUG   : plotting pullwidth_qoverp_vs_truth_pt of type TH1D
DCubePlotter 2026-08-04 17:04:44,330 DEBUG   : plot 'dcube_idtpm_lrt/plots/h1r_4f886714-aff7-4563-ab3e-cda913faed82.png' has been created
DCubePlotter 2026-08-04 17:04:44,405 DEBUG   : plot 'dcube_idtpm_lrt/plots/h1d_4e979934-b5dc-4dc3-a5f8-a6b09871f20f.png' has been created
DCubeApp     2026-08-04 17:04:44,406 DEBUG   : child tagName hist1D
DCubeApp     2026-08-04 17:04:44,406 INFO    : test hist1D '/InDetTrackPerfMonPlots/TrkAnaLRT/Offline/Tracks/Resolutions/pullmean_qoverp_vs_truth_pt' [KSnorm]
DCubeTester  2026-08-04 17:04:44,411 DEBUG   : gathering statistics along x axis
DCubeTester  2026-08-04 17:04:44,411 DEBUG   : *** Kolmogorov-Smirnoff *** all non-empty bins=30 all equal non-empty bins=30
DCubeTester  2026-08-04 17:04:44,411 DEBUG   : *** Kolmogorov-Smirnoff *** both '/InDetTrackPerfMonPlots/TrkAnaLRT/Offline/Tracks/Resolutions/pullmean_qoverp_vs_truth_pt' histograms are equal!
DCubeTester  2026-08-04 17:04:44,412 INFO    : *** Kolmogorov-Smirnoff *** (N) p-value=1.000 status=OK
DCubePlotter 2026-08-04 17:04:44,412 DEBUG   : plot called for object of name pullmean_qoverp_vs_truth_pt
DCubePlotter 2026-08-04 17:04:44,412 DEBUG   : additional plot options are: 'logx'
DCubePlotter 2026-08-04 17:04:44,412 DEBUG   : plotting pullmean_qoverp_vs_truth_pt of type TH1D
DCubePlotter 2026-08-04 17:04:44,437 DEBUG   : plot 'dcube_idtpm_lrt/plots/h1r_e7ceb48e-8aff-43f0-95de-8aacfa963c4a.png' has been created
DCubePlotter 2026-08-04 17:04:44,478 DEBUG   : plot 'dcube_idtpm_lrt/plots/h1d_39101670-b12f-4615-b15a-f5698f62b9b1.png' has been created
DCubeApp     2026-08-04 17:04:44,478 DEBUG   : child tagName hist1D
DCubeApp     2026-08-04 17:04:44,478 INFO    : test hist1D '/InDetTrackPerfMonPlots/TrkAnaLRT/Offline/Tracks/Resolutions/pull_ptqopt' [KSnorm]
DCubeTester  2026-08-04 17:04:44,482 DEBUG   : gathering statistics along x axis
DCubeTester  2026-08-04 17:04:44,482 DEBUG   : *** Kolmogorov-Smirnoff *** all non-empty bins=76 all equal non-empty bins=76
DCubeTester  2026-08-04 17:04:44,482 DEBUG   : *** Kolmogorov-Smirnoff *** both '/InDetTrackPerfMonPlots/TrkAnaLRT/Offline/Tracks/Resolutions/pull_ptqopt' histograms are equal!
DCubeTester  2026-08-04 17:04:44,482 INFO    : *** Kolmogorov-Smirnoff *** (N) p-value=1.000 status=OK
DCubePlotter 2026-08-04 17:04:44,483 DEBUG   : plot called for object of name pull_ptqopt
DCubePlotter 2026-08-04 17:04:44,483 DEBUG   : plotting pull_ptqopt of type TH1D
DCubePlotter 2026-08-04 17:04:44,519 DEBUG   : plot 'dcube_idtpm_lrt/plots/h1r_b3911bc0-9a94-4165-bb56-77f86abbfcf5.png' has been created
DCubePlotter 2026-08-04 17:04:44,549 DEBUG   : plot 'dcube_idtpm_lrt/plots/h1d_f8f19b37-f051-4050-b02f-0f3de353f79e.png' has been created
DCubeApp     2026-08-04 17:04:44,549 DEBUG   : child tagName hist1D
DCubeApp     2026-08-04 17:04:44,549 INFO    : test hist1D '/InDetTrackPerfMonPlots/TrkAnaLRT/Offline/Tracks/Resolutions/res_ptqopt' [KSnorm]
DCubeTester  2026-08-04 17:04:44,553 DEBUG   : gathering statistics along x axis
DCubeTester  2026-08-04 17:04:44,553 DEBUG   : *** Kolmogorov-Smirnoff *** all non-empty bins=64 all equal non-empty bins=64
DCubeTester  2026-08-04 17:04:44,554 DEBUG   : *** Kolmogorov-Smirnoff *** both '/InDetTrackPerfMonPlots/TrkAnaLRT/Offline/Tracks/Resolutions/res_ptqopt' histograms are equal!
DCubeTester  2026-08-04 17:04:44,554 INFO    : *** Kolmogorov-Smirnoff *** (N) p-value=1.000 status=OK
DCubePlotter 2026-08-04 17:04:44,554 DEBUG   : plot called for object of name res_ptqopt
DCubePlotter 2026-08-04 17:04:44,554 DEBUG   : plotting res_ptqopt of type TH1D
DCubePlotter 2026-08-04 17:04:44,628 DEBUG   : plot 'dcube_idtpm_lrt/plots/h1r_0fc4c5a3-371f-40e7-a180-1ef12d13667c.png' has been created
DCubePlotter 2026-08-04 17:04:44,656 DEBUG   : plot 'dcube_idtpm_lrt/plots/h1d_a67f6728-923e-427e-a26b-d243a6a5292f.png' has been created
DCubeApp     2026-08-04 17:04:44,657 DEBUG   : child tagName hist1D
DCubeApp     2026-08-04 17:04:44,657 INFO    : test hist1D '/InDetTrackPerfMonPlots/TrkAnaLRT/Offline/Tracks/Resolutions/sigma_offl_ptqopt' [KSnorm]
DCubeTester  2026-08-04 17:04:44,661 DEBUG   : gathering statistics along x axis
DCubeTester  2026-08-04 17:04:44,661 DEBUG   : *** Kolmogorov-Smirnoff *** all non-empty bins=32 all equal non-empty bins=32
DCubeTester  2026-08-04 17:04:44,662 DEBUG   : *** Kolmogorov-Smirnoff *** both '/InDetTrackPerfMonPlots/TrkAnaLRT/Offline/Tracks/Resolutions/sigma_offl_ptqopt' histograms are equal!
DCubeTester  2026-08-04 17:04:44,666 INFO    : *** Kolmogorov-Smirnoff *** (N) p-value=1.000 status=OK
DCubePlotter 2026-08-04 17:04:44,666 DEBUG   : plot called for object of name sigma_offl_ptqopt
DCubePlotter 2026-08-04 17:04:44,669 DEBUG   : plotting sigma_offl_ptqopt of type TH1D
DCubePlotter 2026-08-04 17:04:44,710 DEBUG   : plot 'dcube_idtpm_lrt/plots/h1r_bdca9134-c817-4f92-a444-5f84f91ce286.png' has been created
DCubePlotter 2026-08-04 17:04:44,735 DEBUG   : plot 'dcube_idtpm_lrt/plots/h1d_942c89c6-5643-4735-961f-0a6ab756d733.png' has been created
DCubeApp     2026-08-04 17:04:44,735 DEBUG   : child tagName hist1D
DCubeApp     2026-08-04 17:04:44,736 INFO    : test hist1D '/InDetTrackPerfMonPlots/TrkAnaLRT/Offline/Tracks/Resolutions/resolution_ptqopt_vs_truth_eta' [KSnorm]
DCubeTester  2026-08-04 17:04:44,738 DEBUG   : gathering statistics along x axis
DCubeTester  2026-08-04 17:04:44,738 DEBUG   : *** Kolmogorov-Smirnoff *** all non-empty bins=30 all equal non-empty bins=30
DCubeTester  2026-08-04 17:04:44,739 DEBUG   : *** Kolmogorov-Smirnoff *** both '/InDetTrackPerfMonPlots/TrkAnaLRT/Offline/Tracks/Resolutions/resolution_ptqopt_vs_truth_eta' histograms are equal!
DCubeTester  2026-08-04 17:04:44,739 INFO    : *** Kolmogorov-Smirnoff *** (N) p-value=1.000 status=OK
DCubePlotter 2026-08-04 17:04:44,739 DEBUG   : plot called for object of name resolution_ptqopt_vs_truth_eta
DCubePlotter 2026-08-04 17:04:44,739 DEBUG   : plotting resolution_ptqopt_vs_truth_eta of type TH1D
DCubePlotter 2026-08-04 17:04:44,768 DEBUG   : plot 'dcube_idtpm_lrt/plots/h1r_ad4653fa-d8da-4f56-a4d0-42f080fa6b6e.png' has been created
DCubePlotter 2026-08-04 17:04:44,809 DEBUG   : plot 'dcube_idtpm_lrt/plots/h1d_84aa010b-47c4-46ec-8337-96f8a220d515.png' has been created
DCubeApp     2026-08-04 17:04:44,809 DEBUG   : child tagName hist1D
DCubeApp     2026-08-04 17:04:44,809 INFO    : test hist1D '/InDetTrackPerfMonPlots/TrkAnaLRT/Offline/Tracks/Resolutions/resmean_ptqopt_vs_truth_eta' [KSnorm]
DCubeTester  2026-08-04 17:04:44,811 DEBUG   : gathering statistics along x axis
DCubeTester  2026-08-04 17:04:44,812 DEBUG   : *** Kolmogorov-Smirnoff *** all non-empty bins=72 all equal non-empty bins=72
DCubeTester  2026-08-04 17:04:44,812 DEBUG   : *** Kolmogorov-Smirnoff *** both '/InDetTrackPerfMonPlots/TrkAnaLRT/Offline/Tracks/Resolutions/resmean_ptqopt_vs_truth_eta' histograms are equal!
DCubeTester  2026-08-04 17:04:44,812 INFO    : *** Kolmogorov-Smirnoff *** (N) p-value=1.000 status=OK
DCubePlotter 2026-08-04 17:04:44,812 DEBUG   : plot called for object of name resmean_ptqopt_vs_truth_eta
DCubePlotter 2026-08-04 17:04:44,812 DEBUG   : plotting resmean_ptqopt_vs_truth_eta of type TH1D
DCubePlotter 2026-08-04 17:04:44,848 DEBUG   : plot 'dcube_idtpm_lrt/plots/h1r_18fb4ab4-8951-4b01-b096-86382af22891.png' has been created
DCubePlotter 2026-08-04 17:04:44,875 DEBUG   : plot 'dcube_idtpm_lrt/plots/h1d_c0a0d09a-4dff-41fe-a29c-85beafcf92d4.png' has been created
DCubeApp     2026-08-04 17:04:44,875 DEBUG   : child tagName hist1D
DCubeApp     2026-08-04 17:04:44,876 INFO    : test hist1D '/InDetTrackPerfMonPlots/TrkAnaLRT/Offline/Tracks/Resolutions/resolution_ptqopt_vs_truth_pt' [KSnorm]
DCubeTester  2026-08-04 17:04:44,878 DEBUG   : gathering statistics along x axis
DCubeTester  2026-08-04 17:04:44,879 DEBUG   : *** Kolmogorov-Smirnoff *** all non-empty bins=20 all equal non-empty bins=20
DCubeTester  2026-08-04 17:04:44,879 DEBUG   : *** Kolmogorov-Smirnoff *** both '/InDetTrackPerfMonPlots/TrkAnaLRT/Offline/Tracks/Resolutions/resolution_ptqopt_vs_truth_pt' histograms are equal!
DCubeTester  2026-08-04 17:04:44,879 INFO    : *** Kolmogorov-Smirnoff *** (N) p-value=1.000 status=OK
DCubePlotter 2026-08-04 17:04:44,879 DEBUG   : plot called for object of name resolution_ptqopt_vs_truth_pt
DCubePlotter 2026-08-04 17:04:44,879 DEBUG   : additional plot options are: 'logx'
DCubePlotter 2026-08-04 17:04:44,880 DEBUG   : plotting resolution_ptqopt_vs_truth_pt of type TH1D
DCubePlotter 2026-08-04 17:04:44,909 DEBUG   : plot 'dcube_idtpm_lrt/plots/h1r_ba0d3913-3412-49db-af4a-b91ff38b8629.png' has been created
DCubePlotter 2026-08-04 17:04:44,964 DEBUG   : plot 'dcube_idtpm_lrt/plots/h1d_100ddd64-0fb1-4e70-86be-213b0a6a4c46.png' has been created
DCubeApp     2026-08-04 17:04:44,964 DEBUG   : child tagName hist1D
DCubeApp     2026-08-04 17:04:44,965 INFO    : test hist1D '/InDetTrackPerfMonPlots/TrkAnaLRT/Offline/Tracks/Resolutions/resmean_ptqopt_vs_truth_pt' [KSnorm]
DCubeTester  2026-08-04 17:04:44,967 DEBUG   : gathering statistics along x axis
DCubeTester  2026-08-04 17:04:44,968 DEBUG   : *** Kolmogorov-Smirnoff *** all non-empty bins=30 all equal non-empty bins=30
DCubeTester  2026-08-04 17:04:44,968 DEBUG   : *** Kolmogorov-Smirnoff *** both '/InDetTrackPerfMonPlots/TrkAnaLRT/Offline/Tracks/Resolutions/resmean_ptqopt_vs_truth_pt' histograms are equal!
DCubeTester  2026-08-04 17:04:44,968 INFO    : *** Kolmogorov-Smirnoff *** (N) p-value=1.000 status=OK
DCubePlotter 2026-08-04 17:04:44,968 DEBUG   : plot called for object of name resmean_ptqopt_vs_truth_pt
DCubePlotter 2026-08-04 17:04:44,969 DEBUG   : additional plot options are: 'logx'
DCubePlotter 2026-08-04 17:04:44,969 DEBUG   : plotting resmean_ptqopt_vs_truth_pt of type TH1D
DCubePlotter 2026-08-04 17:04:44,998 DEBUG   : plot 'dcube_idtpm_lrt/plots/h1r_1244fcc3-5a5a-4f40-a756-23ff6e0a5ffa.png' has been created
DCubePlotter 2026-08-04 17:04:45,043 DEBUG   : plot 'dcube_idtpm_lrt/plots/h1d_02a53b3f-807e-4bb5-8f74-96e5d27f5d0e.png' has been created
DCubeApp     2026-08-04 17:04:45,043 DEBUG   : child tagName hist1D
DCubeApp     2026-08-04 17:04:45,043 INFO    : test hist1D '/InDetTrackPerfMonPlots/TrkAnaLRT/Offline/Tracks/Resolutions/pullwidth_ptqopt_vs_truth_eta' [KSnorm]
DCubeTester  2026-08-04 17:04:45,047 DEBUG   : gathering statistics along x axis
DCubeTester  2026-08-04 17:04:45,047 DEBUG   : *** Kolmogorov-Smirnoff *** all non-empty bins=26 all equal non-empty bins=26
DCubeTester  2026-08-04 17:04:45,047 DEBUG   : *** Kolmogorov-Smirnoff *** both '/InDetTrackPerfMonPlots/TrkAnaLRT/Offline/Tracks/Resolutions/pullwidth_ptqopt_vs_truth_eta' histograms are equal!
DCubeTester  2026-08-04 17:04:45,047 INFO    : *** Kolmogorov-Smirnoff *** (N) p-value=1.000 status=OK
DCubePlotter 2026-08-04 17:04:45,048 DEBUG   : plot called for object of name pullwidth_ptqopt_vs_truth_eta
DCubePlotter 2026-08-04 17:04:45,048 DEBUG   : plotting pullwidth_ptqopt_vs_truth_eta of type TH1D
DCubePlotter 2026-08-04 17:04:45,084 DEBUG   : plot 'dcube_idtpm_lrt/plots/h1r_07b79c89-66e8-47f6-9ca8-f7f12008cfef.png' has been created
DCubePlotter 2026-08-04 17:04:45,107 DEBUG   : plot 'dcube_idtpm_lrt/plots/h1d_b992a403-2645-4dd5-8cb0-9839be079b63.png' has been created
DCubeApp     2026-08-04 17:04:45,107 DEBUG   : child tagName hist1D
DCubeApp     2026-08-04 17:04:45,107 INFO    : test hist1D '/InDetTrackPerfMonPlots/TrkAnaLRT/Offline/Tracks/Resolutions/pullmean_ptqopt_vs_truth_eta' [KSnorm]
DCubeTester  2026-08-04 17:04:45,109 DEBUG   : gathering statistics along x axis
DCubeTester  2026-08-04 17:04:45,110 DEBUG   : *** Kolmogorov-Smirnoff *** all non-empty bins=70 all equal non-empty bins=70
DCubeTester  2026-08-04 17:04:45,110 DEBUG   : *** Kolmogorov-Smirnoff *** both '/InDetTrackPerfMonPlots/TrkAnaLRT/Offline/Tracks/Resolutions/pullmean_ptqopt_vs_truth_eta' histograms are equal!
DCubeTester  2026-08-04 17:04:45,110 INFO    : *** Kolmogorov-Smirnoff *** (N) p-value=1.000 status=OK
DCubePlotter 2026-08-04 17:04:45,111 DEBUG   : plot called for object of name pullmean_ptqopt_vs_truth_eta
DCubePlotter 2026-08-04 17:04:45,111 DEBUG   : plotting pullmean_ptqopt_vs_truth_eta of type TH1D
DCubePlotter 2026-08-04 17:04:45,148 DEBUG   : plot 'dcube_idtpm_lrt/plots/h1r_e7e196eb-a84d-4dee-abc3-138e10130f1e.png' has been created
DCubePlotter 2026-08-04 17:04:45,181 DEBUG   : plot 'dcube_idtpm_lrt/plots/h1d_2013551a-11b4-46e8-b236-557916f742c6.png' has been created
DCubeApp     2026-08-04 17:04:45,182 DEBUG   : child tagName hist1D
DCubeApp     2026-08-04 17:04:45,182 INFO    : test hist1D '/InDetTrackPerfMonPlots/TrkAnaLRT/Offline/Tracks/Resolutions/pullwidth_ptqopt_vs_truth_pt' [KSnorm]
DCubeTester  2026-08-04 17:04:45,185 DEBUG   : gathering statistics along x axis
DCubeTester  2026-08-04 17:04:45,186 DEBUG   : *** Kolmogorov-Smirnoff *** all non-empty bins=16 all equal non-empty bins=16
DCubeTester  2026-08-04 17:04:45,186 DEBUG   : *** Kolmogorov-Smirnoff *** both '/InDetTrackPerfMonPlots/TrkAnaLRT/Offline/Tracks/Resolutions/pullwidth_ptqopt_vs_truth_pt' histograms are equal!
DCubeTester  2026-08-04 17:04:45,186 INFO    : *** Kolmogorov-Smirnoff *** (N) p-value=1.000 status=OK
DCubePlotter 2026-08-04 17:04:45,186 DEBUG   : plot called for object of name pullwidth_ptqopt_vs_truth_pt
DCubePlotter 2026-08-04 17:04:45,186 DEBUG   : additional plot options are: 'logx'
DCubePlotter 2026-08-04 17:04:45,187 DEBUG   : plotting pullwidth_ptqopt_vs_truth_pt of type TH1D
DCubePlotter 2026-08-04 17:04:45,226 DEBUG   : plot 'dcube_idtpm_lrt/plots/h1r_1fcece8b-11ff-4d95-ad48-84a98ed6e6ae.png' has been created
DCubePlotter 2026-08-04 17:04:45,289 DEBUG   : plot 'dcube_idtpm_lrt/plots/h1d_d34d3212-e439-4e64-983a-190f7283de40.png' has been created
DCubeApp     2026-08-04 17:04:45,290 DEBUG   : child tagName hist1D
DCubeApp     2026-08-04 17:04:45,290 INFO    : test hist1D '/InDetTrackPerfMonPlots/TrkAnaLRT/Offline/Tracks/Resolutions/pullmean_ptqopt_vs_truth_pt' [KSnorm]
DCubeTester  2026-08-04 17:04:45,292 DEBUG   : gathering statistics along x axis
DCubeTester  2026-08-04 17:04:45,292 DEBUG   : *** Kolmogorov-Smirnoff *** all non-empty bins=30 all equal non-empty bins=30
DCubeTester  2026-08-04 17:04:45,293 DEBUG   : *** Kolmogorov-Smirnoff *** both '/InDetTrackPerfMonPlots/TrkAnaLRT/Offline/Tracks/Resolutions/pullmean_ptqopt_vs_truth_pt' histograms are equal!
DCubeTester  2026-08-04 17:04:45,293 INFO    : *** Kolmogorov-Smirnoff *** (N) p-value=1.000 status=OK
DCubePlotter 2026-08-04 17:04:45,294 DEBUG   : plot called for object of name pullmean_ptqopt_vs_truth_pt
DCubePlotter 2026-08-04 17:04:45,294 DEBUG   : additional plot options are: 'logx'
DCubePlotter 2026-08-04 17:04:45,294 DEBUG   : plotting pullmean_ptqopt_vs_truth_pt of type TH1D
DCubePlotter 2026-08-04 17:04:45,327 DEBUG   : plot 'dcube_idtpm_lrt/plots/h1r_e1000057-f86c-4444-9d18-26c6aa5163a8.png' has been created
DCubePlotter 2026-08-04 17:04:45,421 DEBUG   : plot 'dcube_idtpm_lrt/plots/h1d_96d3ddf5-6552-4ce2-be2b-699e092e4142.png' has been created
DCubeApp     2026-08-04 17:04:45,421 DEBUG   : child tagName hist1D
DCubeApp     2026-08-04 17:04:45,422 INFO    : test hist1D '/InDetTrackPerfMonPlots/TrkAnaLRT/Offline/Tracks/Resolutions/pull_theta' [KSnorm]
DCubeTester  2026-08-04 17:04:45,423 DEBUG   : gathering statistics along x axis
DCubeTester  2026-08-04 17:04:45,424 DEBUG   : *** Kolmogorov-Smirnoff *** all non-empty bins=54 all equal non-empty bins=54
DCubeTester  2026-08-04 17:04:45,424 DEBUG   : *** Kolmogorov-Smirnoff *** both '/InDetTrackPerfMonPlots/TrkAnaLRT/Offline/Tracks/Resolutions/pull_theta' histograms are equal!
DCubeTester  2026-08-04 17:04:45,426 INFO    : *** Kolmogorov-Smirnoff *** (N) p-value=1.000 status=OK
DCubePlotter 2026-08-04 17:04:45,427 DEBUG   : plot called for object of name pull_theta
DCubePlotter 2026-08-04 17:04:45,427 DEBUG   : plotting pull_theta of type TH1D
DCubePlotter 2026-08-04 17:04:45,460 DEBUG   : plot 'dcube_idtpm_lrt/plots/h1r_bd5ab478-ec84-4353-9bfb-0b9633114284.png' has been created
DCubePlotter 2026-08-04 17:04:45,489 DEBUG   : plot 'dcube_idtpm_lrt/plots/h1d_5aba2613-b403-41fa-a6e2-8bdf7f5cc16d.png' has been created
DCubeApp     2026-08-04 17:04:45,490 DEBUG   : child tagName hist1D
DCubeApp     2026-08-04 17:04:45,490 INFO    : test hist1D '/InDetTrackPerfMonPlots/TrkAnaLRT/Offline/Tracks/Resolutions/res_theta' [KSnorm]
DCubeTester  2026-08-04 17:04:45,492 DEBUG   : gathering statistics along x axis
DCubeTester  2026-08-04 17:04:45,492 DEBUG   : *** Kolmogorov-Smirnoff *** all non-empty bins=68 all equal non-empty bins=68
DCubeTester  2026-08-04 17:04:45,493 DEBUG   : *** Kolmogorov-Smirnoff *** both '/InDetTrackPerfMonPlots/TrkAnaLRT/Offline/Tracks/Resolutions/res_theta' histograms are equal!
DCubeTester  2026-08-04 17:04:45,493 INFO    : *** Kolmogorov-Smirnoff *** (N) p-value=1.000 status=OK
DCubePlotter 2026-08-04 17:04:45,493 DEBUG   : plot called for object of name res_theta
DCubePlotter 2026-08-04 17:04:45,493 DEBUG   : plotting res_theta of type TH1D
DCubePlotter 2026-08-04 17:04:45,536 DEBUG   : plot 'dcube_idtpm_lrt/plots/h1r_667a2f08-ecfa-41af-89fe-8603f665f8aa.png' has been created
DCubePlotter 2026-08-04 17:04:45,565 DEBUG   : plot 'dcube_idtpm_lrt/plots/h1d_099243af-abf2-412d-908e-41953613705e.png' has been created
DCubeApp     2026-08-04 17:04:45,566 DEBUG   : child tagName hist1D
DCubeApp     2026-08-04 17:04:45,566 INFO    : test hist1D '/InDetTrackPerfMonPlots/TrkAnaLRT/Offline/Tracks/Resolutions/sigma_offl_theta' [KSnorm]
DCubeTester  2026-08-04 17:04:45,568 DEBUG   : gathering statistics along x axis
DCubeTester  2026-08-04 17:04:45,569 DEBUG   : *** Kolmogorov-Smirnoff *** all non-empty bins=30 all equal non-empty bins=30
DCubeTester  2026-08-04 17:04:45,569 DEBUG   : *** Kolmogorov-Smirnoff *** both '/InDetTrackPerfMonPlots/TrkAnaLRT/Offline/Tracks/Resolutions/sigma_offl_theta' histograms are equal!
DCubeTester  2026-08-04 17:04:45,569 INFO    : *** Kolmogorov-Smirnoff *** (N) p-value=1.000 status=OK
DCubePlotter 2026-08-04 17:04:45,570 DEBUG   : plot called for object of name sigma_offl_theta
DCubePlotter 2026-08-04 17:04:45,570 DEBUG   : plotting sigma_offl_theta of type TH1D
DCubePlotter 2026-08-04 17:04:45,621 DEBUG   : plot 'dcube_idtpm_lrt/plots/h1r_81ae20f8-3d7f-4afa-9318-14a93c568239.png' has been created
DCubePlotter 2026-08-04 17:04:45,648 DEBUG   : plot 'dcube_idtpm_lrt/plots/h1d_2df1ec12-cb3f-4ecf-8307-4d42f71c2014.png' has been created
DCubeApp     2026-08-04 17:04:45,649 DEBUG   : child tagName hist1D
DCubeApp     2026-08-04 17:04:45,649 INFO    : test hist1D '/InDetTrackPerfMonPlots/TrkAnaLRT/Offline/Tracks/Resolutions/resolution_theta_vs_truth_eta' [KSnorm]
DCubeTester  2026-08-04 17:04:45,651 DEBUG   : gathering statistics along x axis
DCubeTester  2026-08-04 17:04:45,653 DEBUG   : *** Kolmogorov-Smirnoff *** all non-empty bins=24 all equal non-empty bins=24
DCubeTester  2026-08-04 17:04:45,653 DEBUG   : *** Kolmogorov-Smirnoff *** both '/InDetTrackPerfMonPlots/TrkAnaLRT/Offline/Tracks/Resolutions/resolution_theta_vs_truth_eta' histograms are equal!
DCubeTester  2026-08-04 17:04:45,654 INFO    : *** Kolmogorov-Smirnoff *** (N) p-value=1.000 status=OK
DCubePlotter 2026-08-04 17:04:45,654 DEBUG   : plot called for object of name resolution_theta_vs_truth_eta
DCubePlotter 2026-08-04 17:04:45,654 DEBUG   : plotting resolution_theta_vs_truth_eta of type TH1D
DCubePlotter 2026-08-04 17:04:45,685 DEBUG   : plot 'dcube_idtpm_lrt/plots/h1r_48436ba1-77de-4745-81d1-c8fee48e8ec8.png' has been created
DCubePlotter 2026-08-04 17:04:45,709 DEBUG   : plot 'dcube_idtpm_lrt/plots/h1d_a7415bf4-f998-4990-8972-157785c936ce.png' has been created
DCubeApp     2026-08-04 17:04:45,709 DEBUG   : child tagName hist1D
DCubeApp     2026-08-04 17:04:45,710 INFO    : test hist1D '/InDetTrackPerfMonPlots/TrkAnaLRT/Offline/Tracks/Resolutions/resmean_theta_vs_truth_eta' [KSnorm]
DCubeTester  2026-08-04 17:04:45,714 DEBUG   : gathering statistics along x axis
DCubeTester  2026-08-04 17:04:45,715 DEBUG   : *** Kolmogorov-Smirnoff *** all non-empty bins=68 all equal non-empty bins=68
DCubeTester  2026-08-04 17:04:45,715 DEBUG   : *** Kolmogorov-Smirnoff *** both '/InDetTrackPerfMonPlots/TrkAnaLRT/Offline/Tracks/Resolutions/resmean_theta_vs_truth_eta' histograms are equal!
DCubeTester  2026-08-04 17:04:45,715 INFO    : *** Kolmogorov-Smirnoff *** (N) p-value=1.000 status=OK
DCubePlotter 2026-08-04 17:04:45,715 DEBUG   : plot called for object of name resmean_theta_vs_truth_eta
DCubePlotter 2026-08-04 17:04:45,715 DEBUG   : plotting resmean_theta_vs_truth_eta of type TH1D
DCubePlotter 2026-08-04 17:04:45,774 DEBUG   : plot 'dcube_idtpm_lrt/plots/h1r_178d821c-fa7c-406b-9758-65378892de82.png' has been created
DCubePlotter 2026-08-04 17:04:45,805 DEBUG   : plot 'dcube_idtpm_lrt/plots/h1d_40ba1b8c-d37a-4e30-a668-88d8ddd56399.png' has been created
DCubeApp     2026-08-04 17:04:45,806 DEBUG   : child tagName hist1D
DCubeApp     2026-08-04 17:04:45,806 INFO    : test hist1D '/InDetTrackPerfMonPlots/TrkAnaLRT/Offline/Tracks/Resolutions/resolution_theta_vs_truth_pt' [KSnorm]
DCubeTester  2026-08-04 17:04:45,809 DEBUG   : gathering statistics along x axis
DCubeTester  2026-08-04 17:04:45,809 DEBUG   : *** Kolmogorov-Smirnoff *** all non-empty bins=20 all equal non-empty bins=20
DCubeTester  2026-08-04 17:04:45,810 DEBUG   : *** Kolmogorov-Smirnoff *** both '/InDetTrackPerfMonPlots/TrkAnaLRT/Offline/Tracks/Resolutions/resolution_theta_vs_truth_pt' histograms are equal!
DCubeTester  2026-08-04 17:04:45,810 INFO    : *** Kolmogorov-Smirnoff *** (N) p-value=1.000 status=OK
DCubePlotter 2026-08-04 17:04:45,810 DEBUG   : plot called for object of name resolution_theta_vs_truth_pt
DCubePlotter 2026-08-04 17:04:45,811 DEBUG   : additional plot options are: 'logx'
DCubePlotter 2026-08-04 17:04:45,811 DEBUG   : plotting resolution_theta_vs_truth_pt of type TH1D
DCubePlotter 2026-08-04 17:04:45,867 DEBUG   : plot 'dcube_idtpm_lrt/plots/h1r_dab9abd5-4bb1-437d-bd04-2d7252a8dc8b.png' has been created
DCubePlotter 2026-08-04 17:04:45,958 DEBUG   : plot 'dcube_idtpm_lrt/plots/h1d_950c0ba1-f769-43b5-8000-61ce6343fd98.png' has been created
DCubeApp     2026-08-04 17:04:45,959 DEBUG   : child tagName hist1D
DCubeApp     2026-08-04 17:04:45,959 INFO    : test hist1D '/InDetTrackPerfMonPlots/TrkAnaLRT/Offline/Tracks/Resolutions/resmean_theta_vs_truth_pt' [KSnorm]
DCubeTester  2026-08-04 17:04:45,961 DEBUG   : gathering statistics along x axis
DCubeTester  2026-08-04 17:04:45,962 DEBUG   : *** Kolmogorov-Smirnoff *** all non-empty bins=30 all equal non-empty bins=30
DCubeTester  2026-08-04 17:04:45,962 DEBUG   : *** Kolmogorov-Smirnoff *** both '/InDetTrackPerfMonPlots/TrkAnaLRT/Offline/Tracks/Resolutions/resmean_theta_vs_truth_pt' histograms are equal!
DCubeTester  2026-08-04 17:04:45,962 INFO    : *** Kolmogorov-Smirnoff *** (N) p-value=1.000 status=OK
DCubePlotter 2026-08-04 17:04:45,962 DEBUG   : plot called for object of name resmean_theta_vs_truth_pt
DCubePlotter 2026-08-04 17:04:45,963 DEBUG   : additional plot options are: 'logx'
DCubePlotter 2026-08-04 17:04:45,963 DEBUG   : plotting resmean_theta_vs_truth_pt of type TH1D
DCubePlotter 2026-08-04 17:04:46,362 DEBUG   : plot 'dcube_idtpm_lrt/plots/h1r_6bfbcbd2-6374-493c-a6e5-7d6700013b2f.png' has been created
DCubePlotter 2026-08-04 17:04:46,438 DEBUG   : plot 'dcube_idtpm_lrt/plots/h1d_029707f4-5793-4609-8ef0-ae0fff9c8816.png' has been created
DCubeApp     2026-08-04 17:04:46,439 DEBUG   : child tagName hist1D
DCubeApp     2026-08-04 17:04:46,439 INFO    : test hist1D '/InDetTrackPerfMonPlots/TrkAnaLRT/Offline/Tracks/Resolutions/pullwidth_theta_vs_truth_eta' [KSnorm]
DCubeTester  2026-08-04 17:04:46,441 DEBUG   : gathering statistics along x axis
DCubeTester  2026-08-04 17:04:46,442 DEBUG   : *** Kolmogorov-Smirnoff *** all non-empty bins=16 all equal non-empty bins=16
DCubeTester  2026-08-04 17:04:46,442 DEBUG   : *** Kolmogorov-Smirnoff *** both '/InDetTrackPerfMonPlots/TrkAnaLRT/Offline/Tracks/Resolutions/pullwidth_theta_vs_truth_eta' histograms are equal!
DCubeTester  2026-08-04 17:04:46,442 INFO    : *** Kolmogorov-Smirnoff *** (N) p-value=1.000 status=OK
DCubePlotter 2026-08-04 17:04:46,443 DEBUG   : plot called for object of name pullwidth_theta_vs_truth_eta
DCubePlotter 2026-08-04 17:04:46,443 DEBUG   : plotting pullwidth_theta_vs_truth_eta of type TH1D
DCubePlotter 2026-08-04 17:04:46,472 DEBUG   : plot 'dcube_idtpm_lrt/plots/h1r_e4373033-338a-4da4-bbac-2503f3723011.png' has been created
DCubePlotter 2026-08-04 17:04:46,511 DEBUG   : plot 'dcube_idtpm_lrt/plots/h1d_42a678af-e7b6-47f8-a781-b38fd9f40787.png' has been created
DCubeApp     2026-08-04 17:04:46,511 DEBUG   : child tagName hist1D
DCubeApp     2026-08-04 17:04:46,512 INFO    : test hist1D '/InDetTrackPerfMonPlots/TrkAnaLRT/Offline/Tracks/Resolutions/pullmean_theta_vs_truth_eta' [KSnorm]
DCubeTester  2026-08-04 17:04:46,517 DEBUG   : gathering statistics along x axis
DCubeTester  2026-08-04 17:04:46,518 DEBUG   : *** Kolmogorov-Smirnoff *** all non-empty bins=50 all equal non-empty bins=50
DCubeTester  2026-08-04 17:04:46,518 DEBUG   : *** Kolmogorov-Smirnoff *** both '/InDetTrackPerfMonPlots/TrkAnaLRT/Offline/Tracks/Resolutions/pullmean_theta_vs_truth_eta' histograms are equal!
DCubeTester  2026-08-04 17:04:46,518 INFO    : *** Kolmogorov-Smirnoff *** (N) p-value=1.000 status=OK
DCubePlotter 2026-08-04 17:04:46,519 DEBUG   : plot called for object of name pullmean_theta_vs_truth_eta
DCubePlotter 2026-08-04 17:04:46,519 DEBUG   : plotting pullmean_theta_vs_truth_eta of type TH1D
DCubePlotter 2026-08-04 17:04:46,567 DEBUG   : plot 'dcube_idtpm_lrt/plots/h1r_77f158f0-04d1-4efe-bbff-9c41a53f73cf.png' has been created
DCubePlotter 2026-08-04 17:04:46,600 DEBUG   : plot 'dcube_idtpm_lrt/plots/h1d_87512295-3db2-450f-80af-319c98774037.png' has been created
DCubeApp     2026-08-04 17:04:46,601 DEBUG   : child tagName hist1D
DCubeApp     2026-08-04 17:04:46,601 INFO    : test hist1D '/InDetTrackPerfMonPlots/TrkAnaLRT/Offline/Tracks/Resolutions/pullwidth_theta_vs_truth_pt' [KSnorm]
DCubeTester  2026-08-04 17:04:46,603 DEBUG   : gathering statistics along x axis
DCubeTester  2026-08-04 17:04:46,604 DEBUG   : *** Kolmogorov-Smirnoff *** all non-empty bins=14 all equal non-empty bins=14
DCubeTester  2026-08-04 17:04:46,604 DEBUG   : *** Kolmogorov-Smirnoff *** both '/InDetTrackPerfMonPlots/TrkAnaLRT/Offline/Tracks/Resolutions/pullwidth_theta_vs_truth_pt' histograms are equal!
DCubeTester  2026-08-04 17:04:46,604 INFO    : *** Kolmogorov-Smirnoff *** (N) p-value=1.000 status=OK
DCubePlotter 2026-08-04 17:04:46,605 DEBUG   : plot called for object of name pullwidth_theta_vs_truth_pt
DCubePlotter 2026-08-04 17:04:46,605 DEBUG   : additional plot options are: 'logx'
DCubePlotter 2026-08-04 17:04:46,606 DEBUG   : plotting pullwidth_theta_vs_truth_pt of type TH1D
DCubePlotter 2026-08-04 17:04:46,631 DEBUG   : plot 'dcube_idtpm_lrt/plots/h1r_58d49ef7-66da-4004-9b8f-8d813ed7fd84.png' has been created
DCubePlotter 2026-08-04 17:04:46,693 DEBUG   : plot 'dcube_idtpm_lrt/plots/h1d_c06a7c7f-e930-423a-9d28-c121a301c90d.png' has been created
DCubeApp     2026-08-04 17:04:46,693 DEBUG   : child tagName hist1D
DCubeApp     2026-08-04 17:04:46,695 INFO    : test hist1D '/InDetTrackPerfMonPlots/TrkAnaLRT/Offline/Tracks/Resolutions/pullmean_theta_vs_truth_pt' [KSnorm]
DCubeTester  2026-08-04 17:04:46,696 DEBUG   : gathering statistics along x axis
DCubeTester  2026-08-04 17:04:46,697 DEBUG   : *** Kolmogorov-Smirnoff *** all non-empty bins=24 all equal non-empty bins=24
DCubeTester  2026-08-04 17:04:46,697 DEBUG   : *** Kolmogorov-Smirnoff *** both '/InDetTrackPerfMonPlots/TrkAnaLRT/Offline/Tracks/Resolutions/pullmean_theta_vs_truth_pt' histograms are equal!
DCubeTester  2026-08-04 17:04:46,697 INFO    : *** Kolmogorov-Smirnoff *** (N) p-value=1.000 status=OK
DCubePlotter 2026-08-04 17:04:46,697 DEBUG   : plot called for object of name pullmean_theta_vs_truth_pt
DCubePlotter 2026-08-04 17:04:46,698 DEBUG   : additional plot options are: 'logx'
DCubePlotter 2026-08-04 17:04:46,698 DEBUG   : plotting pullmean_theta_vs_truth_pt of type TH1D
DCubePlotter 2026-08-04 17:04:46,725 DEBUG   : plot 'dcube_idtpm_lrt/plots/h1r_0fdedd16-f9ad-4b34-864e-091a03313287.png' has been created
DCubePlotter 2026-08-04 17:04:46,819 DEBUG   : plot 'dcube_idtpm_lrt/plots/h1d_d316710b-e2cd-4bfc-b888-3744f1c0443c.png' has been created
DCubeApp     2026-08-04 17:04:46,820 DEBUG   : child tagName hist1D
DCubeApp     2026-08-04 17:04:46,821 INFO    : test hist1D '/InDetTrackPerfMonPlots/TrkAnaLRT/Offline/Tracks/Resolutions/pull_z0sin' [KSnorm]
DCubeTester  2026-08-04 17:04:46,827 DEBUG   : gathering statistics along x axis
DCubeTester  2026-08-04 17:04:46,828 DEBUG   : *** Kolmogorov-Smirnoff *** all non-empty bins=56 all equal non-empty bins=56
DCubeTester  2026-08-04 17:04:46,828 DEBUG   : *** Kolmogorov-Smirnoff *** both '/InDetTrackPerfMonPlots/TrkAnaLRT/Offline/Tracks/Resolutions/pull_z0sin' histograms are equal!
DCubeTester  2026-08-04 17:04:46,828 INFO    : *** Kolmogorov-Smirnoff *** (N) p-value=1.000 status=OK
DCubePlotter 2026-08-04 17:04:46,829 DEBUG   : plot called for object of name pull_z0sin
DCubePlotter 2026-08-04 17:04:46,829 DEBUG   : plotting pull_z0sin of type TH1D
DCubePlotter 2026-08-04 17:04:46,901 DEBUG   : plot 'dcube_idtpm_lrt/plots/h1r_a1380e99-d9bc-4f6b-832a-161ee975ea4f.png' has been created
DCubePlotter 2026-08-04 17:04:46,975 DEBUG   : plot 'dcube_idtpm_lrt/plots/h1d_b3dee9d4-e29c-4bff-8288-32a08cdc4959.png' has been created
DCubeApp     2026-08-04 17:04:46,975 DEBUG   : child tagName hist1D
DCubeApp     2026-08-04 17:04:46,975 INFO    : test hist1D '/InDetTrackPerfMonPlots/TrkAnaLRT/Offline/Tracks/Resolutions/res_z0sin' [KSnorm]
DCubeTester  2026-08-04 17:04:46,977 DEBUG   : gathering statistics along x axis
DCubeTester  2026-08-04 17:04:46,978 DEBUG   : *** Kolmogorov-Smirnoff *** all non-empty bins=32 all equal non-empty bins=32
DCubeTester  2026-08-04 17:04:46,978 DEBUG   : *** Kolmogorov-Smirnoff *** both '/InDetTrackPerfMonPlots/TrkAnaLRT/Offline/Tracks/Resolutions/res_z0sin' histograms are equal!
DCubeTester  2026-08-04 17:04:46,978 INFO    : *** Kolmogorov-Smirnoff *** (N) p-value=1.000 status=OK
DCubePlotter 2026-08-04 17:04:46,979 DEBUG   : plot called for object of name res_z0sin
DCubePlotter 2026-08-04 17:04:46,979 DEBUG   : plotting res_z0sin of type TH1D
DCubePlotter 2026-08-04 17:04:47,007 DEBUG   : plot 'dcube_idtpm_lrt/plots/h1r_4ef26a27-c287-41a0-97d0-f4ccb57e95b4.png' has been created
DCubePlotter 2026-08-04 17:04:47,060 DEBUG   : plot 'dcube_idtpm_lrt/plots/h1d_110de0bf-b5de-4f10-8e20-92acc13383b9.png' has been created
DCubeApp     2026-08-04 17:04:47,060 DEBUG   : child tagName hist1D
DCubeApp     2026-08-04 17:04:47,061 INFO    : test hist1D '/InDetTrackPerfMonPlots/TrkAnaLRT/Offline/Tracks/Resolutions/sigma_offl_z0sin' [KSnorm]
DCubeTester  2026-08-04 17:04:47,063 DEBUG   : gathering statistics along x axis
DCubeTester  2026-08-04 17:04:47,064 DEBUG   : *** Kolmogorov-Smirnoff *** all non-empty bins=68 all equal non-empty bins=68
DCubeTester  2026-08-04 17:04:47,064 DEBUG   : *** Kolmogorov-Smirnoff *** both '/InDetTrackPerfMonPlots/TrkAnaLRT/Offline/Tracks/Resolutions/sigma_offl_z0sin' histograms are equal!
DCubeTester  2026-08-04 17:04:47,064 INFO    : *** Kolmogorov-Smirnoff *** (N) p-value=1.000 status=OK
DCubePlotter 2026-08-04 17:04:47,064 DEBUG   : plot called for object of name sigma_offl_z0sin
DCubePlotter 2026-08-04 17:04:47,064 DEBUG   : plotting sigma_offl_z0sin of type TH1D
DCubePlotter 2026-08-04 17:04:47,098 DEBUG   : plot 'dcube_idtpm_lrt/plots/h1r_5bd9d9f1-42a5-4a2e-aad0-2477c3456d51.png' has been created
DCubePlotter 2026-08-04 17:04:47,124 DEBUG   : plot 'dcube_idtpm_lrt/plots/h1d_a39205b5-d699-4382-b283-c9126f6c431f.png' has been created
DCubeApp     2026-08-04 17:04:47,125 DEBUG   : child tagName hist1D
DCubeApp     2026-08-04 17:04:47,125 INFO    : test hist1D '/InDetTrackPerfMonPlots/TrkAnaLRT/Offline/Tracks/Resolutions/resolution_z0sin_vs_truth_eta' [KSnorm]
DCubeTester  2026-08-04 17:04:47,128 DEBUG   : gathering statistics along x axis
DCubeTester  2026-08-04 17:04:47,128 DEBUG   : *** Kolmogorov-Smirnoff *** all non-empty bins=18 all equal non-empty bins=18
DCubeTester  2026-08-04 17:04:47,128 DEBUG   : *** Kolmogorov-Smirnoff *** both '/InDetTrackPerfMonPlots/TrkAnaLRT/Offline/Tracks/Resolutions/resolution_z0sin_vs_truth_eta' histograms are equal!
DCubeTester  2026-08-04 17:04:47,129 INFO    : *** Kolmogorov-Smirnoff *** (N) p-value=1.000 status=OK
DCubePlotter 2026-08-04 17:04:47,129 DEBUG   : plot called for object of name resolution_z0sin_vs_truth_eta
DCubePlotter 2026-08-04 17:04:47,129 DEBUG   : plotting resolution_z0sin_vs_truth_eta of type TH1D
DCubePlotter 2026-08-04 17:04:47,156 DEBUG   : plot 'dcube_idtpm_lrt/plots/h1r_7b057420-95ba-43cf-a6b4-6a2c14457201.png' has been created
DCubePlotter 2026-08-04 17:04:47,178 DEBUG   : plot 'dcube_idtpm_lrt/plots/h1d_203807ea-9cf7-4319-b359-3c1cc29cc219.png' has been created
DCubeApp     2026-08-04 17:04:47,178 DEBUG   : child tagName hist1D
DCubeApp     2026-08-04 17:04:47,178 INFO    : test hist1D '/InDetTrackPerfMonPlots/TrkAnaLRT/Offline/Tracks/Resolutions/resmean_z0sin_vs_truth_eta' [KSnorm]
DCubeTester  2026-08-04 17:04:47,180 DEBUG   : gathering statistics along x axis
DCubeTester  2026-08-04 17:04:47,181 DEBUG   : *** Kolmogorov-Smirnoff *** all non-empty bins=54 all equal non-empty bins=54
DCubeTester  2026-08-04 17:04:47,181 DEBUG   : *** Kolmogorov-Smirnoff *** both '/InDetTrackPerfMonPlots/TrkAnaLRT/Offline/Tracks/Resolutions/resmean_z0sin_vs_truth_eta' histograms are equal!
DCubeTester  2026-08-04 17:04:47,181 INFO    : *** Kolmogorov-Smirnoff *** (N) p-value=1.000 status=OK
DCubePlotter 2026-08-04 17:04:47,181 DEBUG   : plot called for object of name resmean_z0sin_vs_truth_eta
DCubePlotter 2026-08-04 17:04:47,181 DEBUG   : plotting resmean_z0sin_vs_truth_eta of type TH1D
DCubePlotter 2026-08-04 17:04:47,211 DEBUG   : plot 'dcube_idtpm_lrt/plots/h1r_40dd04cd-1669-425a-b823-4469ff45530e.png' has been created
DCubePlotter 2026-08-04 17:04:47,236 DEBUG   : plot 'dcube_idtpm_lrt/plots/h1d_61a70a81-1b8e-47d8-88be-0b46f31d0e2d.png' has been created
DCubeApp     2026-08-04 17:04:47,236 DEBUG   : child tagName hist1D
DCubeApp     2026-08-04 17:04:47,236 INFO    : test hist1D '/InDetTrackPerfMonPlots/TrkAnaLRT/Offline/Tracks/Resolutions/resolution_z0sin_vs_truth_pt' [KSnorm]
DCubeTester  2026-08-04 17:04:47,238 DEBUG   : gathering statistics along x axis
DCubeTester  2026-08-04 17:04:47,239 DEBUG   : *** Kolmogorov-Smirnoff *** all non-empty bins=16 all equal non-empty bins=16
DCubeTester  2026-08-04 17:04:47,239 DEBUG   : *** Kolmogorov-Smirnoff *** both '/InDetTrackPerfMonPlots/TrkAnaLRT/Offline/Tracks/Resolutions/resolution_z0sin_vs_truth_pt' histograms are equal!
DCubeTester  2026-08-04 17:04:47,239 INFO    : *** Kolmogorov-Smirnoff *** (N) p-value=1.000 status=OK
DCubePlotter 2026-08-04 17:04:47,239 DEBUG   : plot called for object of name resolution_z0sin_vs_truth_pt
DCubePlotter 2026-08-04 17:04:47,240 DEBUG   : additional plot options are: 'logx'
DCubePlotter 2026-08-04 17:04:47,240 DEBUG   : plotting resolution_z0sin_vs_truth_pt of type TH1D
DCubePlotter 2026-08-04 17:04:47,280 DEBUG   : plot 'dcube_idtpm_lrt/plots/h1r_eb76c596-22d6-4521-9f6e-a04b83920d06.png' has been created
DCubePlotter 2026-08-04 17:04:47,347 DEBUG   : plot 'dcube_idtpm_lrt/plots/h1d_26f2f0de-dfe8-40a2-9b1d-7a39d766913f.png' has been created
DCubeApp     2026-08-04 17:04:47,348 DEBUG   : child tagName hist1D
DCubeApp     2026-08-04 17:04:47,349 INFO    : test hist1D '/InDetTrackPerfMonPlots/TrkAnaLRT/Offline/Tracks/Resolutions/resmean_z0sin_vs_truth_pt' [KSnorm]
DCubeTester  2026-08-04 17:04:47,353 DEBUG   : gathering statistics along x axis
DCubeTester  2026-08-04 17:04:47,353 DEBUG   : *** Kolmogorov-Smirnoff *** all non-empty bins=30 all equal non-empty bins=30
DCubeTester  2026-08-04 17:04:47,354 DEBUG   : *** Kolmogorov-Smirnoff *** both '/InDetTrackPerfMonPlots/TrkAnaLRT/Offline/Tracks/Resolutions/resmean_z0sin_vs_truth_pt' histograms are equal!
DCubeTester  2026-08-04 17:04:47,354 INFO    : *** Kolmogorov-Smirnoff *** (N) p-value=1.000 status=OK
DCubePlotter 2026-08-04 17:04:47,354 DEBUG   : plot called for object of name resmean_z0sin_vs_truth_pt
DCubePlotter 2026-08-04 17:04:47,354 DEBUG   : additional plot options are: 'logx'
DCubePlotter 2026-08-04 17:04:47,355 DEBUG   : plotting resmean_z0sin_vs_truth_pt of type TH1D
DCubePlotter 2026-08-04 17:04:47,396 DEBUG   : plot 'dcube_idtpm_lrt/plots/h1r_21aaad0f-a6c7-4f7d-996f-e2168bf7468a.png' has been created
DCubePlotter 2026-08-04 17:04:47,465 DEBUG   : plot 'dcube_idtpm_lrt/plots/h1d_62682c1d-8e1a-4dc2-a2bf-bf8e9e0d31f3.png' has been created
DCubeApp     2026-08-04 17:04:47,466 DEBUG   : child tagName hist1D
DCubeApp     2026-08-04 17:04:47,466 INFO    : test hist1D '/InDetTrackPerfMonPlots/TrkAnaLRT/Offline/Tracks/Resolutions/pullwidth_z0sin_vs_truth_eta' [KSnorm]
DCubeTester  2026-08-04 17:04:47,468 DEBUG   : gathering statistics along x axis
DCubeTester  2026-08-04 17:04:47,468 DEBUG   : *** Kolmogorov-Smirnoff *** all non-empty bins=16 all equal non-empty bins=16
DCubeTester  2026-08-04 17:04:47,469 DEBUG   : *** Kolmogorov-Smirnoff *** both '/InDetTrackPerfMonPlots/TrkAnaLRT/Offline/Tracks/Resolutions/pullwidth_z0sin_vs_truth_eta' histograms are equal!
DCubeTester  2026-08-04 17:04:47,469 INFO    : *** Kolmogorov-Smirnoff *** (N) p-value=1.000 status=OK
DCubePlotter 2026-08-04 17:04:47,469 DEBUG   : plot called for object of name pullwidth_z0sin_vs_truth_eta
DCubePlotter 2026-08-04 17:04:47,469 DEBUG   : plotting pullwidth_z0sin_vs_truth_eta of type TH1D
DCubePlotter 2026-08-04 17:04:47,497 DEBUG   : plot 'dcube_idtpm_lrt/plots/h1r_d592e17b-b654-4de5-8949-7573f40d5f37.png' has been created
DCubePlotter 2026-08-04 17:04:47,519 DEBUG   : plot 'dcube_idtpm_lrt/plots/h1d_34f9fb1c-285b-4102-82a9-728b92db8d4a.png' has been created
DCubeApp     2026-08-04 17:04:47,519 DEBUG   : child tagName hist1D
DCubeApp     2026-08-04 17:04:47,520 INFO    : test hist1D '/InDetTrackPerfMonPlots/TrkAnaLRT/Offline/Tracks/Resolutions/pullmean_z0sin_vs_truth_eta' [KSnorm]
DCubeTester  2026-08-04 17:04:47,529 DEBUG   : gathering statistics along x axis
DCubeTester  2026-08-04 17:04:47,530 DEBUG   : *** Kolmogorov-Smirnoff *** all non-empty bins=46 all equal non-empty bins=46
DCubeTester  2026-08-04 17:04:47,530 DEBUG   : *** Kolmogorov-Smirnoff *** both '/InDetTrackPerfMonPlots/TrkAnaLRT/Offline/Tracks/Resolutions/pullmean_z0sin_vs_truth_eta' histograms are equal!
DCubeTester  2026-08-04 17:04:47,530 INFO    : *** Kolmogorov-Smirnoff *** (N) p-value=1.000 status=OK
DCubePlotter 2026-08-04 17:04:47,531 DEBUG   : plot called for object of name pullmean_z0sin_vs_truth_eta
DCubePlotter 2026-08-04 17:04:47,531 DEBUG   : plotting pullmean_z0sin_vs_truth_eta of type TH1D
DCubePlotter 2026-08-04 17:04:47,563 DEBUG   : plot 'dcube_idtpm_lrt/plots/h1r_1708b3da-a6d6-49e5-9e77-964100a934f5.png' has been created
DCubePlotter 2026-08-04 17:04:47,592 DEBUG   : plot 'dcube_idtpm_lrt/plots/h1d_c6a971f8-15ca-4013-bafe-3872b8207a02.png' has been created
DCubeApp     2026-08-04 17:04:47,592 DEBUG   : child tagName hist1D
DCubeApp     2026-08-04 17:04:47,592 INFO    : test hist1D '/InDetTrackPerfMonPlots/TrkAnaLRT/Offline/Tracks/Resolutions/pullwidth_z0sin_vs_truth_pt' [KSnorm]
DCubeTester  2026-08-04 17:04:47,595 DEBUG   : gathering statistics along x axis
DCubeTester  2026-08-04 17:04:47,596 DEBUG   : *** Kolmogorov-Smirnoff *** all non-empty bins=10 all equal non-empty bins=10
DCubeTester  2026-08-04 17:04:47,596 DEBUG   : *** Kolmogorov-Smirnoff *** both '/InDetTrackPerfMonPlots/TrkAnaLRT/Offline/Tracks/Resolutions/pullwidth_z0sin_vs_truth_pt' histograms are equal!
DCubeTester  2026-08-04 17:04:47,596 INFO    : *** Kolmogorov-Smirnoff *** (N) p-value=1.000 status=OK
DCubePlotter 2026-08-04 17:04:47,597 DEBUG   : plot called for object of name pullwidth_z0sin_vs_truth_pt
DCubePlotter 2026-08-04 17:04:47,597 DEBUG   : additional plot options are: 'logx'
DCubePlotter 2026-08-04 17:04:47,597 DEBUG   : plotting pullwidth_z0sin_vs_truth_pt of type TH1D
DCubePlotter 2026-08-04 17:04:47,635 DEBUG   : plot 'dcube_idtpm_lrt/plots/h1r_34dfd287-628d-4b18-a5f2-99f8fc2537d7.png' has been created
DCubePlotter 2026-08-04 17:04:47,722 DEBUG   : plot 'dcube_idtpm_lrt/plots/h1d_c44f7bf4-6f61-4af4-bdfd-21d3c7af1baa.png' has been created
DCubeApp     2026-08-04 17:04:47,723 DEBUG   : child tagName hist1D
DCubeApp     2026-08-04 17:04:47,723 INFO    : test hist1D '/InDetTrackPerfMonPlots/TrkAnaLRT/Offline/Tracks/Resolutions/pullmean_z0sin_vs_truth_pt' [KSnorm]
DCubeTester  2026-08-04 17:04:47,725 DEBUG   : gathering statistics along x axis
DCubeTester  2026-08-04 17:04:47,725 DEBUG   : *** Kolmogorov-Smirnoff *** all non-empty bins=24 all equal non-empty bins=24
DCubeTester  2026-08-04 17:04:47,725 DEBUG   : *** Kolmogorov-Smirnoff *** both '/InDetTrackPerfMonPlots/TrkAnaLRT/Offline/Tracks/Resolutions/pullmean_z0sin_vs_truth_pt' histograms are equal!
DCubeTester  2026-08-04 17:04:47,726 INFO    : *** Kolmogorov-Smirnoff *** (N) p-value=1.000 status=OK
DCubePlotter 2026-08-04 17:04:47,726 DEBUG   : plot called for object of name pullmean_z0sin_vs_truth_pt
DCubePlotter 2026-08-04 17:04:47,726 DEBUG   : additional plot options are: 'logx'
DCubePlotter 2026-08-04 17:04:47,726 DEBUG   : plotting pullmean_z0sin_vs_truth_pt of type TH1D
DCubePlotter 2026-08-04 17:04:47,761 DEBUG   : plot 'dcube_idtpm_lrt/plots/h1r_d2bf853e-1ebc-459c-b00f-c2525c0f042b.png' has been created
DCubePlotter 2026-08-04 17:04:48,146 DEBUG   : plot 'dcube_idtpm_lrt/plots/h1d_17473515-9c91-4bac-b505-d0e7406414e8.png' has been created
DCubeApp     2026-08-04 17:04:48,146 DEBUG   : TDirectory /InDetTrackPerfMonPlots/TrkAnaLRT/Offline/Tracks/Resolutions status OK
DCubeApp     2026-08-04 17:04:48,146 DEBUG   : child tagName TDirectory
DCubeApp     2026-08-04 17:04:48,147 DEBUG   : now testing objects in path = /InDetTrackPerfMonPlots/TrkAnaLRT/Offline/Tracks/FakeRates
DCubeApp     2026-08-04 17:04:48,147 DEBUG   : child tagName graph
DCubeApp     2026-08-04 17:04:48,147 INFO    : test graph '/InDetTrackPerfMonPlots/TrkAnaLRT/Offline/Tracks/FakeRates/fakerate_vs_offl_eta' [KSnorm]
DCubeTester  2026-08-04 17:04:48,160 DEBUG   : monitored TGraphAsymmErrors '/InDetTrackPerfMonPlots/TrkAnaLRT/Offline/Tracks/FakeRates/fakerate_vs_offl_eta' has the same 18 points as reference graph
DCubeTester  2026-08-04 17:04:48,160 INFO    : monitored TGraphAsymmErrors '/InDetTrackPerfMonPlots/TrkAnaLRT/Offline/Tracks/FakeRates/fakerate_vs_offl_eta' has 18 evenly 0.3-spaced points
DCubeTester  2026-08-04 17:04:48,167 DEBUG   : reference TGraphAsymmErrors '/InDetTrackPerfMonPlots/TrkAnaLRT/Offline/Tracks/FakeRates/fakerate_vs_offl_eta' has the same 18 points as monitored graph
DCubeTester  2026-08-04 17:04:48,168 INFO    : reference TGraphAsymmErrors '/InDetTrackPerfMonPlots/TrkAnaLRT/Offline/Tracks/FakeRates/fakerate_vs_offl_eta' has 18 evenly 0.3-spaced points
DCubeTester  2026-08-04 17:04:48,168 DEBUG   : *** Kolmogorov-Smirnoff *** all non-empty bins=16 all equal non-empty bins=16
DCubeTester  2026-08-04 17:04:48,169 DEBUG   : *** Kolmogorov-Smirnoff *** both '/InDetTrackPerfMonPlots/TrkAnaLRT/Offline/Tracks/FakeRates/fakerate_vs_offl_eta' histograms are equal!
DCubeTester  2026-08-04 17:04:48,169 INFO    : *** Kolmogorov-Smirnoff *** (N) p-value=1.000 status=OK
DCubePlotter 2026-08-04 17:04:48,169 DEBUG   : plot called for object of name fakerate_vs_offl_eta
DCubePlotter 2026-08-04 17:04:48,169 DEBUG   : plotting fakerate_vs_offl_eta of type TGraphAsymmErrors
DCubePlotter 2026-08-04 17:04:48,197 DEBUG   : plot 'dcube_idtpm_lrt/plots/gr_578747a0-4e67-4040-b62a-2ed191a17f0a.png' has been created
DCubePlotter 2026-08-04 17:04:48,224 DEBUG   : plot 'dcube_idtpm_lrt/plots/gd_b9fa4400-b4aa-436e-8641-0e42beedf16a.png' has been created
DCubeApp     2026-08-04 17:04:48,224 DEBUG   : child tagName graph
DCubeApp     2026-08-04 17:04:48,224 INFO    : test graph '/InDetTrackPerfMonPlots/TrkAnaLRT/Offline/Tracks/FakeRates/fakerate_vs_offl_pt' [KSnorm]
DCubeTester  2026-08-04 17:04:48,227 DEBUG   : monitored TGraphAsymmErrors '/InDetTrackPerfMonPlots/TrkAnaLRT/Offline/Tracks/FakeRates/fakerate_vs_offl_pt' has the same 68 points as reference graph
DCubeTester  2026-08-04 17:04:48,227 WARNING : monitored TGraphAsymmErrors '/InDetTrackPerfMonPlots/TrkAnaLRT/Offline/Tracks/FakeRates/fakerate_vs_offl_pt' has 93 evenly 0.5-spaced points after adding missing 25 at x=18.75,19.25,25.75,26.75,27.25,27.75,29.75,30.75,31.75,32.25,33.25,33.75,34.75,35.75,36.25,38.25,40.25,40.75,41.25,41.75,42.25,42.75,44.75,45.75,46.25
DCubeTester  2026-08-04 17:04:48,228 DEBUG   : reference TGraphAsymmErrors '/InDetTrackPerfMonPlots/TrkAnaLRT/Offline/Tracks/FakeRates/fakerate_vs_offl_pt' has the same 68 points as monitored graph
DCubeTester  2026-08-04 17:04:48,228 WARNING : reference TGraphAsymmErrors '/InDetTrackPerfMonPlots/TrkAnaLRT/Offline/Tracks/FakeRates/fakerate_vs_offl_pt' has 93 evenly 0.5-spaced points after adding missing 25 at x=18.75,19.25,25.75,26.75,27.25,27.75,29.75,30.75,31.75,32.25,33.25,33.75,34.75,35.75,36.25,38.25,40.25,40.75,41.25,41.75,42.25,42.75,44.75,45.75,46.25
DCubeTester  2026-08-04 17:04:48,228 DEBUG   : *** Kolmogorov-Smirnoff *** all non-empty bins=10 all equal non-empty bins=10
DCubeTester  2026-08-04 17:04:48,229 DEBUG   : *** Kolmogorov-Smirnoff *** both '/InDetTrackPerfMonPlots/TrkAnaLRT/Offline/Tracks/FakeRates/fakerate_vs_offl_pt' histograms are equal!
DCubeTester  2026-08-04 17:04:48,229 INFO    : *** Kolmogorov-Smirnoff *** (N) p-value=1.000 status=OK
DCubePlotter 2026-08-04 17:04:48,229 DEBUG   : plot called for object of name fakerate_vs_offl_pt
DCubePlotter 2026-08-04 17:04:48,229 DEBUG   : plotting fakerate_vs_offl_pt of type TGraphAsymmErrors
DCubePlotter 2026-08-04 17:04:48,330 DEBUG   : plot 'dcube_idtpm_lrt/plots/gr_7608ff9d-ef0b-4dc5-b59b-dff6d126d4b8.png' has been created
DCubePlotter 2026-08-04 17:04:48,366 DEBUG   : plot 'dcube_idtpm_lrt/plots/gd_c7a1a090-9766-4090-9c37-964e350c4347.png' has been created
DCubeApp     2026-08-04 17:04:48,366 DEBUG   : child tagName graph
DCubeApp     2026-08-04 17:04:48,367 INFO    : test graph '/InDetTrackPerfMonPlots/TrkAnaLRT/Offline/Tracks/FakeRates/fakerate_vs_offl_phi' [KSnorm]
DCubeTester  2026-08-04 17:04:48,370 DEBUG   : monitored TGraphAsymmErrors '/InDetTrackPerfMonPlots/TrkAnaLRT/Offline/Tracks/FakeRates/fakerate_vs_offl_phi' has the same 25 points as reference graph
DCubeTester  2026-08-04 17:04:48,371 INFO    : monitored TGraphAsymmErrors '/InDetTrackPerfMonPlots/TrkAnaLRT/Offline/Tracks/FakeRates/fakerate_vs_offl_phi' has 25 evenly 0.251327-spaced points
DCubeTester  2026-08-04 17:04:48,372 DEBUG   : reference TGraphAsymmErrors '/InDetTrackPerfMonPlots/TrkAnaLRT/Offline/Tracks/FakeRates/fakerate_vs_offl_phi' has the same 25 points as monitored graph
DCubeTester  2026-08-04 17:04:48,372 INFO    : reference TGraphAsymmErrors '/InDetTrackPerfMonPlots/TrkAnaLRT/Offline/Tracks/FakeRates/fakerate_vs_offl_phi' has 25 evenly 0.251327-spaced points
DCubeTester  2026-08-04 17:04:48,372 DEBUG   : *** Kolmogorov-Smirnoff *** all non-empty bins=18 all equal non-empty bins=18
DCubeTester  2026-08-04 17:04:48,372 DEBUG   : *** Kolmogorov-Smirnoff *** both '/InDetTrackPerfMonPlots/TrkAnaLRT/Offline/Tracks/FakeRates/fakerate_vs_offl_phi' histograms are equal!
DCubeTester  2026-08-04 17:04:48,372 INFO    : *** Kolmogorov-Smirnoff *** (N) p-value=1.000 status=OK
DCubePlotter 2026-08-04 17:04:48,373 DEBUG   : plot called for object of name fakerate_vs_offl_phi
DCubePlotter 2026-08-04 17:04:48,373 DEBUG   : plotting fakerate_vs_offl_phi of type TGraphAsymmErrors
DCubePlotter 2026-08-04 17:04:48,421 DEBUG   : plot 'dcube_idtpm_lrt/plots/gr_fb847e13-7800-410d-a89a-afb5737fe01d.png' has been created
DCubePlotter 2026-08-04 17:04:48,448 DEBUG   : plot 'dcube_idtpm_lrt/plots/gd_a579f652-dcb2-4f26-8a92-41b8c5de0364.png' has been created
DCubeApp     2026-08-04 17:04:48,448 DEBUG   : child tagName graph
DCubeApp     2026-08-04 17:04:48,448 INFO    : test graph '/InDetTrackPerfMonPlots/TrkAnaLRT/Offline/Tracks/FakeRates/fakerate_vs_offl_d0' [KSnorm]
DCubeTester  2026-08-04 17:04:48,451 DEBUG   : monitored TGraphAsymmErrors '/InDetTrackPerfMonPlots/TrkAnaLRT/Offline/Tracks/FakeRates/fakerate_vs_offl_d0' has the same 100 points as reference graph
DCubeTester  2026-08-04 17:04:48,451 INFO    : monitored TGraphAsymmErrors '/InDetTrackPerfMonPlots/TrkAnaLRT/Offline/Tracks/FakeRates/fakerate_vs_offl_d0' has 100 evenly 0.5-spaced points
DCubeTester  2026-08-04 17:04:48,454 DEBUG   : reference TGraphAsymmErrors '/InDetTrackPerfMonPlots/TrkAnaLRT/Offline/Tracks/FakeRates/fakerate_vs_offl_d0' has the same 100 points as monitored graph
DCubeTester  2026-08-04 17:04:48,454 INFO    : reference TGraphAsymmErrors '/InDetTrackPerfMonPlots/TrkAnaLRT/Offline/Tracks/FakeRates/fakerate_vs_offl_d0' has 100 evenly 0.5-spaced points
DCubeTester  2026-08-04 17:04:48,454 DEBUG   : *** Kolmogorov-Smirnoff *** all non-empty bins=6 all equal non-empty bins=6
DCubeTester  2026-08-04 17:04:48,454 DEBUG   : *** Kolmogorov-Smirnoff *** both '/InDetTrackPerfMonPlots/TrkAnaLRT/Offline/Tracks/FakeRates/fakerate_vs_offl_d0' histograms are equal!
DCubeTester  2026-08-04 17:04:48,455 INFO    : *** Kolmogorov-Smirnoff *** (N) p-value=1.000 status=OK
DCubePlotter 2026-08-04 17:04:48,455 DEBUG   : plot called for object of name fakerate_vs_offl_d0
DCubePlotter 2026-08-04 17:04:48,456 DEBUG   : plotting fakerate_vs_offl_d0 of type TGraphAsymmErrors
DCubePlotter 2026-08-04 17:04:48,504 DEBUG   : plot 'dcube_idtpm_lrt/plots/gr_61fc26c6-b123-41bb-8522-7ae617bceb83.png' has been created
DCubePlotter 2026-08-04 17:04:48,553 DEBUG   : plot 'dcube_idtpm_lrt/plots/gd_ee11d115-db3d-4f51-b585-c4dce47bf08c.png' has been created
DCubeApp     2026-08-04 17:04:48,554 DEBUG   : child tagName graph
DCubeApp     2026-08-04 17:04:48,554 INFO    : test graph '/InDetTrackPerfMonPlots/TrkAnaLRT/Offline/Tracks/FakeRates/fakerate_vs_offl_z0' [KSnorm]
DCubeTester  2026-08-04 17:04:48,556 DEBUG   : monitored TGraphAsymmErrors '/InDetTrackPerfMonPlots/TrkAnaLRT/Offline/Tracks/FakeRates/fakerate_vs_offl_z0' has the same 100 points as reference graph
DCubeTester  2026-08-04 17:04:48,557 INFO    : monitored TGraphAsymmErrors '/InDetTrackPerfMonPlots/TrkAnaLRT/Offline/Tracks/FakeRates/fakerate_vs_offl_z0' has 100 evenly 5-spaced points
DCubeTester  2026-08-04 17:04:48,557 DEBUG   : reference TGraphAsymmErrors '/InDetTrackPerfMonPlots/TrkAnaLRT/Offline/Tracks/FakeRates/fakerate_vs_offl_z0' has the same 100 points as monitored graph
DCubeTester  2026-08-04 17:04:48,557 INFO    : reference TGraphAsymmErrors '/InDetTrackPerfMonPlots/TrkAnaLRT/Offline/Tracks/FakeRates/fakerate_vs_offl_z0' has 100 evenly 5-spaced points
DCubeTester  2026-08-04 17:04:48,558 DEBUG   : *** Kolmogorov-Smirnoff *** all non-empty bins=18 all equal non-empty bins=18
DCubeTester  2026-08-04 17:04:48,558 DEBUG   : *** Kolmogorov-Smirnoff *** both '/InDetTrackPerfMonPlots/TrkAnaLRT/Offline/Tracks/FakeRates/fakerate_vs_offl_z0' histograms are equal!
DCubeTester  2026-08-04 17:04:48,558 INFO    : *** Kolmogorov-Smirnoff *** (N) p-value=1.000 status=OK
DCubePlotter 2026-08-04 17:04:48,558 DEBUG   : plot called for object of name fakerate_vs_offl_z0
DCubePlotter 2026-08-04 17:04:48,558 DEBUG   : plotting fakerate_vs_offl_z0 of type TGraphAsymmErrors
DCubePlotter 2026-08-04 17:04:48,619 DEBUG   : plot 'dcube_idtpm_lrt/plots/gr_5a677cf1-5b19-4e58-aaf9-8330055cbc2b.png' has been created
DCubePlotter 2026-08-04 17:04:48,692 DEBUG   : plot 'dcube_idtpm_lrt/plots/gd_b3d0552a-0a5a-48bc-ae42-c802f7307dd1.png' has been created
DCubeApp     2026-08-04 17:04:48,693 DEBUG   : TDirectory /InDetTrackPerfMonPlots/TrkAnaLRT/Offline/Tracks/FakeRates status OK
DCubeApp     2026-08-04 17:04:48,693 DEBUG   : child tagName TDirectory
DCubeApp     2026-08-04 17:04:48,694 DEBUG   : now testing objects in path = /InDetTrackPerfMonPlots/TrkAnaLRT/Offline/Tracks/Efficiencies
DCubeApp     2026-08-04 17:04:48,694 DEBUG   : child tagName graph
DCubeApp     2026-08-04 17:04:48,694 INFO    : test graph '/InDetTrackPerfMonPlots/TrkAnaLRT/Offline/Tracks/Efficiencies/eff_vs_truth_eta' [KSnorm]
DCubeTester  2026-08-04 17:04:48,700 DEBUG   : monitored TGraphAsymmErrors '/InDetTrackPerfMonPlots/TrkAnaLRT/Offline/Tracks/Efficiencies/eff_vs_truth_eta' has the same 20 points as reference graph
DCubeTester  2026-08-04 17:04:48,700 INFO    : monitored TGraphAsymmErrors '/InDetTrackPerfMonPlots/TrkAnaLRT/Offline/Tracks/Efficiencies/eff_vs_truth_eta' has 20 evenly 0.3-spaced points
DCubeTester  2026-08-04 17:04:48,700 DEBUG   : reference TGraphAsymmErrors '/InDetTrackPerfMonPlots/TrkAnaLRT/Offline/Tracks/Efficiencies/eff_vs_truth_eta' has the same 20 points as monitored graph
DCubeTester  2026-08-04 17:04:48,700 INFO    : reference TGraphAsymmErrors '/InDetTrackPerfMonPlots/TrkAnaLRT/Offline/Tracks/Efficiencies/eff_vs_truth_eta' has 20 evenly 0.3-spaced points
DCubeTester  2026-08-04 17:04:48,701 DEBUG   : *** Kolmogorov-Smirnoff *** all non-empty bins=32 all equal non-empty bins=32
DCubeTester  2026-08-04 17:04:48,701 DEBUG   : *** Kolmogorov-Smirnoff *** both '/InDetTrackPerfMonPlots/TrkAnaLRT/Offline/Tracks/Efficiencies/eff_vs_truth_eta' histograms are equal!
DCubeTester  2026-08-04 17:04:48,702 INFO    : *** Kolmogorov-Smirnoff *** (N) p-value=1.000 status=OK
DCubePlotter 2026-08-04 17:04:48,705 DEBUG   : plot called for object of name eff_vs_truth_eta
DCubePlotter 2026-08-04 17:04:48,705 DEBUG   : plotting eff_vs_truth_eta of type TGraphAsymmErrors
DCubePlotter 2026-08-04 17:04:48,754 DEBUG   : plot 'dcube_idtpm_lrt/plots/gr_ebbb420e-f25d-4e82-9fda-a6064327e1eb.png' has been created
DCubePlotter 2026-08-04 17:04:48,804 DEBUG   : plot 'dcube_idtpm_lrt/plots/gd_46411190-77ba-4e33-8c63-5b1872cfd6d3.png' has been created
DCubeApp     2026-08-04 17:04:48,804 DEBUG   : child tagName graph
DCubeApp     2026-08-04 17:04:48,805 INFO    : test graph '/InDetTrackPerfMonPlots/TrkAnaLRT/Offline/Tracks/Efficiencies/eff_vs_truth_pt' [KSnorm]
DCubeTester  2026-08-04 17:04:48,808 DEBUG   : monitored TGraphAsymmErrors '/InDetTrackPerfMonPlots/TrkAnaLRT/Offline/Tracks/Efficiencies/eff_vs_truth_pt' has the same 24 points as reference graph
DCubeTester  2026-08-04 17:04:48,808 INFO    : monitored TGraphAsymmErrors '/InDetTrackPerfMonPlots/TrkAnaLRT/Offline/Tracks/Efficiencies/eff_vs_truth_pt' has 24 evenly 2-spaced points
DCubeTester  2026-08-04 17:04:48,808 DEBUG   : reference TGraphAsymmErrors '/InDetTrackPerfMonPlots/TrkAnaLRT/Offline/Tracks/Efficiencies/eff_vs_truth_pt' has the same 24 points as monitored graph
DCubeTester  2026-08-04 17:04:48,809 INFO    : reference TGraphAsymmErrors '/InDetTrackPerfMonPlots/TrkAnaLRT/Offline/Tracks/Efficiencies/eff_vs_truth_pt' has 24 evenly 2-spaced points
DCubeTester  2026-08-04 17:04:48,809 DEBUG   : *** Kolmogorov-Smirnoff *** all non-empty bins=6 all equal non-empty bins=6
DCubeTester  2026-08-04 17:04:48,809 DEBUG   : *** Kolmogorov-Smirnoff *** both '/InDetTrackPerfMonPlots/TrkAnaLRT/Offline/Tracks/Efficiencies/eff_vs_truth_pt' histograms are equal!
DCubeTester  2026-08-04 17:04:48,809 INFO    : *** Kolmogorov-Smirnoff *** (N) p-value=1.000 status=OK
DCubePlotter 2026-08-04 17:04:48,809 DEBUG   : plot called for object of name eff_vs_truth_pt
DCubePlotter 2026-08-04 17:04:48,810 DEBUG   : plotting eff_vs_truth_pt of type TGraphAsymmErrors
DCubePlotter 2026-08-04 17:04:48,841 DEBUG   : plot 'dcube_idtpm_lrt/plots/gr_e4e75d53-b8e2-4b76-8b85-a10810475e9f.png' has been created
DCubePlotter 2026-08-04 17:04:48,880 DEBUG   : plot 'dcube_idtpm_lrt/plots/gd_72c1e5dc-4ae6-4946-9cb8-9df02b49fff9.png' has been created
DCubeApp     2026-08-04 17:04:48,880 DEBUG   : child tagName graph
DCubeApp     2026-08-04 17:04:48,880 INFO    : test graph '/InDetTrackPerfMonPlots/TrkAnaLRT/Offline/Tracks/Efficiencies/eff_vs_truth_phi' [KSnorm]
DCubeTester  2026-08-04 17:04:48,882 DEBUG   : monitored TGraphAsymmErrors '/InDetTrackPerfMonPlots/TrkAnaLRT/Offline/Tracks/Efficiencies/eff_vs_truth_phi' has the same 25 points as reference graph
DCubeTester  2026-08-04 17:04:48,883 INFO    : monitored TGraphAsymmErrors '/InDetTrackPerfMonPlots/TrkAnaLRT/Offline/Tracks/Efficiencies/eff_vs_truth_phi' has 25 evenly 0.251327-spaced points
DCubeTester  2026-08-04 17:04:48,883 DEBUG   : reference TGraphAsymmErrors '/InDetTrackPerfMonPlots/TrkAnaLRT/Offline/Tracks/Efficiencies/eff_vs_truth_phi' has the same 25 points as monitored graph
DCubeTester  2026-08-04 17:04:48,883 INFO    : reference TGraphAsymmErrors '/InDetTrackPerfMonPlots/TrkAnaLRT/Offline/Tracks/Efficiencies/eff_vs_truth_phi' has 25 evenly 0.251327-spaced points
DCubeTester  2026-08-04 17:04:48,883 DEBUG   : *** Kolmogorov-Smirnoff *** all non-empty bins=44 all equal non-empty bins=34
DCubeTester  2026-08-04 17:04:48,884 INFO    : *** Kolmogorov-Smirnoff *** (N) p-value=1.000 status=OK
DCubePlotter 2026-08-04 17:04:48,884 DEBUG   : plot called for object of name eff_vs_truth_phi
DCubePlotter 2026-08-04 17:04:48,884 DEBUG   : plotting eff_vs_truth_phi of type TGraphAsymmErrors
DCubePlotter 2026-08-04 17:04:48,912 DEBUG   : plot 'dcube_idtpm_lrt/plots/gr_88534514-8f97-42c4-9fdc-4cf3471df96c.png' has been created
DCubePlotter 2026-08-04 17:04:48,947 DEBUG   : plot 'dcube_idtpm_lrt/plots/gd_5b19df96-d513-461f-b550-dcc4bd061abb.png' has been created
DCubeApp     2026-08-04 17:04:48,948 DEBUG   : child tagName graph
DCubeApp     2026-08-04 17:04:48,948 INFO    : test graph '/InDetTrackPerfMonPlots/TrkAnaLRT/Offline/Tracks/Efficiencies/eff_vs_truth_d0' [KSnorm]
DCubeTester  2026-08-04 17:04:48,950 DEBUG   : monitored TGraphAsymmErrors '/InDetTrackPerfMonPlots/TrkAnaLRT/Offline/Tracks/Efficiencies/eff_vs_truth_d0' has the same 28 points as reference graph
DCubeTester  2026-08-04 17:04:48,951 WARNING : monitored TGraphAsymmErrors '/InDetTrackPerfMonPlots/TrkAnaLRT/Offline/Tracks/Efficiencies/eff_vs_truth_d0' has 49 evenly 0.25-spaced points after adding missing 21 at x=-5.375,-5.125,-4.875,-4.625,-4.125,-3.875,-3.625,-3.125,2.625,3.125,3.375,3.625,3.875,4.125,4.375,4.625,4.875,5.125,5.375,5.625,6.125
DCubeTester  2026-08-04 17:04:48,951 DEBUG   : reference TGraphAsymmErrors '/InDetTrackPerfMonPlots/TrkAnaLRT/Offline/Tracks/Efficiencies/eff_vs_truth_d0' has the same 28 points as monitored graph
DCubeTester  2026-08-04 17:04:48,951 WARNING : reference TGraphAsymmErrors '/InDetTrackPerfMonPlots/TrkAnaLRT/Offline/Tracks/Efficiencies/eff_vs_truth_d0' has 49 evenly 0.25-spaced points after adding missing 21 at x=-5.375,-5.125,-4.875,-4.625,-4.125,-3.875,-3.625,-3.125,2.625,3.125,3.375,3.625,3.875,4.125,4.375,4.625,4.875,5.125,5.375,5.625,6.125
DCubeTester  2026-08-04 17:04:48,952 DEBUG   : *** Kolmogorov-Smirnoff *** all non-empty bins=8 all equal non-empty bins=8
DCubeTester  2026-08-04 17:04:48,952 DEBUG   : *** Kolmogorov-Smirnoff *** both '/InDetTrackPerfMonPlots/TrkAnaLRT/Offline/Tracks/Efficiencies/eff_vs_truth_d0' histograms are equal!
DCubeTester  2026-08-04 17:04:48,952 INFO    : *** Kolmogorov-Smirnoff *** (N) p-value=1.000 status=OK
DCubePlotter 2026-08-04 17:04:48,952 DEBUG   : plot called for object of name eff_vs_truth_d0
DCubePlotter 2026-08-04 17:04:48,952 DEBUG   : plotting eff_vs_truth_d0 of type TGraphAsymmErrors
DCubePlotter 2026-08-04 17:04:49,028 DEBUG   : plot 'dcube_idtpm_lrt/plots/gr_6a1bf639-761d-4a39-a613-599aab5d0db7.png' has been created
DCubePlotter 2026-08-04 17:04:49,060 DEBUG   : plot 'dcube_idtpm_lrt/plots/gd_dc690315-d32b-4a99-95a4-b4b33c719bfa.png' has been created
DCubeApp     2026-08-04 17:04:49,062 DEBUG   : child tagName graph
DCubeApp     2026-08-04 17:04:49,066 INFO    : test graph '/InDetTrackPerfMonPlots/TrkAnaLRT/Offline/Tracks/Efficiencies/eff_vs_truth_z0' [KSnorm]
DCubeTester  2026-08-04 17:04:49,071 DEBUG   : monitored TGraphAsymmErrors '/InDetTrackPerfMonPlots/TrkAnaLRT/Offline/Tracks/Efficiencies/eff_vs_truth_z0' has the same 40 points as reference graph
DCubeTester  2026-08-04 17:04:49,071 WARNING : monitored TGraphAsymmErrors '/InDetTrackPerfMonPlots/TrkAnaLRT/Offline/Tracks/Efficiencies/eff_vs_truth_z0' has 48 evenly 5-spaced points after adding missing 8 at x=-107.5,-102.5,-87.5,-82.5,67.5,72.5,77.5,97.5
DCubeTester  2026-08-04 17:04:49,072 DEBUG   : reference TGraphAsymmErrors '/InDetTrackPerfMonPlots/TrkAnaLRT/Offline/Tracks/Efficiencies/eff_vs_truth_z0' has the same 40 points as monitored graph
DCubeTester  2026-08-04 17:04:49,072 WARNING : reference TGraphAsymmErrors '/InDetTrackPerfMonPlots/TrkAnaLRT/Offline/Tracks/Efficiencies/eff_vs_truth_z0' has 48 evenly 5-spaced points after adding missing 8 at x=-107.5,-102.5,-87.5,-82.5,67.5,72.5,77.5,97.5
DCubeTester  2026-08-04 17:04:49,072 DEBUG   : *** Kolmogorov-Smirnoff *** all non-empty bins=50 all equal non-empty bins=50
DCubeTester  2026-08-04 17:04:49,072 DEBUG   : *** Kolmogorov-Smirnoff *** both '/InDetTrackPerfMonPlots/TrkAnaLRT/Offline/Tracks/Efficiencies/eff_vs_truth_z0' histograms are equal!
DCubeTester  2026-08-04 17:04:49,072 INFO    : *** Kolmogorov-Smirnoff *** (N) p-value=1.000 status=OK
DCubePlotter 2026-08-04 17:04:49,073 DEBUG   : plot called for object of name eff_vs_truth_z0
DCubePlotter 2026-08-04 17:04:49,073 DEBUG   : plotting eff_vs_truth_z0 of type TGraphAsymmErrors
DCubePlotter 2026-08-04 17:04:49,168 DEBUG   : plot 'dcube_idtpm_lrt/plots/gr_a107c870-4894-444f-9647-ac12b4f92d54.png' has been created
DCubePlotter 2026-08-04 17:04:49,194 DEBUG   : plot 'dcube_idtpm_lrt/plots/gd_002724bb-ca0b-4282-96d9-db38bfebd996.png' has been created
DCubeApp     2026-08-04 17:04:49,195 DEBUG   : child tagName graph
DCubeApp     2026-08-04 17:04:49,195 INFO    : test graph '/InDetTrackPerfMonPlots/TrkAnaLRT/Offline/Tracks/Efficiencies/eff_vs_truth_prodR' [KSnorm]
DCubeTester  2026-08-04 17:04:49,205 DEBUG   : monitored TGraphAsymmErrors '/InDetTrackPerfMonPlots/TrkAnaLRT/Offline/Tracks/Efficiencies/eff_vs_truth_prodR' has the same 56 points as reference graph
DCubeTester  2026-08-04 17:04:49,205 WARNING : monitored TGraphAsymmErrors '/InDetTrackPerfMonPlots/TrkAnaLRT/Offline/Tracks/Efficiencies/eff_vs_truth_prodR' has 93 evenly 0.5-spaced points after adding missing 37 at x=10.75,15.25,15.75,16.25,16.75,17.25,22.25,22.75,25.25,26.75,28.25,30.75,31.25,32.25,33.25,34.25,34.75,35.25,36.75,37.25,37.75,38.25,38.75,39.25,39.75,40.25,40.75,41.25,41.75,42.25,42.75,43.25,43.75,44.25,44.75,45.25,45.75
DCubeTester  2026-08-04 17:04:49,206 DEBUG   : reference TGraphAsymmErrors '/InDetTrackPerfMonPlots/TrkAnaLRT/Offline/Tracks/Efficiencies/eff_vs_truth_prodR' has the same 56 points as monitored graph
DCubeTester  2026-08-04 17:04:49,206 WARNING : reference TGraphAsymmErrors '/InDetTrackPerfMonPlots/TrkAnaLRT/Offline/Tracks/Efficiencies/eff_vs_truth_prodR' has 93 evenly 0.5-spaced points after adding missing 37 at x=10.75,15.25,15.75,16.25,16.75,17.25,22.25,22.75,25.25,26.75,28.25,30.75,31.25,32.25,33.25,34.25,34.75,35.25,36.75,37.25,37.75,38.25,38.75,39.25,39.75,40.25,40.75,41.25,41.75,42.25,42.75,43.25,43.75,44.25,44.75,45.25,45.75
DCubeTester  2026-08-04 17:04:49,206 DEBUG   : *** Kolmogorov-Smirnoff *** all non-empty bins=12 all equal non-empty bins=12
DCubeTester  2026-08-04 17:04:49,206 DEBUG   : *** Kolmogorov-Smirnoff *** both '/InDetTrackPerfMonPlots/TrkAnaLRT/Offline/Tracks/Efficiencies/eff_vs_truth_prodR' histograms are equal!
DCubeTester  2026-08-04 17:04:49,207 INFO    : *** Kolmogorov-Smirnoff *** (N) p-value=1.000 status=OK
DCubePlotter 2026-08-04 17:04:49,207 DEBUG   : plot called for object of name eff_vs_truth_prodR
DCubePlotter 2026-08-04 17:04:49,207 DEBUG   : plotting eff_vs_truth_prodR of type TGraphAsymmErrors
DCubePlotter 2026-08-04 17:04:49,243 DEBUG   : plot 'dcube_idtpm_lrt/plots/gr_6b0d8cc8-2569-4189-aa5d-4abacb77911c.png' has been created
DCubePlotter 2026-08-04 17:04:49,271 DEBUG   : plot 'dcube_idtpm_lrt/plots/gd_46646fd6-f411-40bf-a4d9-88c31da895bb.png' has been created
DCubeApp     2026-08-04 17:04:49,272 DEBUG   : child tagName graph
DCubeApp     2026-08-04 17:04:49,272 INFO    : test graph '/InDetTrackPerfMonPlots/TrkAnaLRT/Offline/Tracks/Efficiencies/eff_vs_truth_prodZ' [KSnorm]
DCubeTester  2026-08-04 17:04:49,274 DEBUG   : monitored TGraphAsymmErrors '/InDetTrackPerfMonPlots/TrkAnaLRT/Offline/Tracks/Efficiencies/eff_vs_truth_prodZ' has the same 38 points as reference graph
DCubeTester  2026-08-04 17:04:49,274 WARNING : monitored TGraphAsymmErrors '/InDetTrackPerfMonPlots/TrkAnaLRT/Offline/Tracks/Efficiencies/eff_vs_truth_prodZ' has 55 evenly 7-spaced points after adding missing 17 at x=-234.5,-227.5,-220.5,-206.5,-192.5,-185.5,-178.5,-171.5,-164.5,-157.5,-150.5,-143.5,-136.5,-129.5,-122.5,80.5,115.5
DCubeTester  2026-08-04 17:04:49,275 DEBUG   : reference TGraphAsymmErrors '/InDetTrackPerfMonPlots/TrkAnaLRT/Offline/Tracks/Efficiencies/eff_vs_truth_prodZ' has the same 38 points as monitored graph
DCubeTester  2026-08-04 17:04:49,275 WARNING : reference TGraphAsymmErrors '/InDetTrackPerfMonPlots/TrkAnaLRT/Offline/Tracks/Efficiencies/eff_vs_truth_prodZ' has 55 evenly 7-spaced points after adding missing 17 at x=-234.5,-227.5,-220.5,-206.5,-192.5,-185.5,-178.5,-171.5,-164.5,-157.5,-150.5,-143.5,-136.5,-129.5,-122.5,80.5,115.5
DCubeTester  2026-08-04 17:04:49,275 DEBUG   : *** Kolmogorov-Smirnoff *** all non-empty bins=38 all equal non-empty bins=38
DCubeTester  2026-08-04 17:04:49,275 DEBUG   : *** Kolmogorov-Smirnoff *** both '/InDetTrackPerfMonPlots/TrkAnaLRT/Offline/Tracks/Efficiencies/eff_vs_truth_prodZ' histograms are equal!
DCubeTester  2026-08-04 17:04:49,276 INFO    : *** Kolmogorov-Smirnoff *** (N) p-value=1.000 status=OK
DCubePlotter 2026-08-04 17:04:49,276 DEBUG   : plot called for object of name eff_vs_truth_prodZ
DCubePlotter 2026-08-04 17:04:49,276 DEBUG   : plotting eff_vs_truth_prodZ of type TGraphAsymmErrors
DCubePlotter 2026-08-04 17:04:49,308 DEBUG   : plot 'dcube_idtpm_lrt/plots/gr_57df8173-b14d-437f-80ec-70c0a231fc43.png' has been created
DCubePlotter 2026-08-04 17:04:49,333 DEBUG   : plot 'dcube_idtpm_lrt/plots/gd_25fbaf59-bbd1-4f5c-a78a-54071ff02daa.png' has been created
DCubeApp     2026-08-04 17:04:49,333 DEBUG   : TDirectory /InDetTrackPerfMonPlots/TrkAnaLRT/Offline/Tracks/Efficiencies status OK
DCubeApp     2026-08-04 17:04:49,333 DEBUG   : TDirectory /InDetTrackPerfMonPlots/TrkAnaLRT/Offline/Tracks status OK
DCubeApp     2026-08-04 17:04:49,334 DEBUG   : child tagName TDirectory
DCubeApp     2026-08-04 17:04:49,334 DEBUG   : now testing objects in path = /InDetTrackPerfMonPlots/TrkAnaLRT/Offline/Vertices
DCubeApp     2026-08-04 17:04:49,334 DEBUG   : child tagName TDirectory
DCubeApp     2026-08-04 17:04:49,334 DEBUG   : now testing objects in path = /InDetTrackPerfMonPlots/TrkAnaLRT/Offline/Vertices/AllPrimary
DCubeApp     2026-08-04 17:04:49,334 DEBUG   : child tagName TDirectory
DCubeApp     2026-08-04 17:04:49,334 DEBUG   : now testing objects in path = /InDetTrackPerfMonPlots/TrkAnaLRT/Offline/Vertices/AllPrimary/Parameters
DCubeApp     2026-08-04 17:04:49,334 DEBUG   : child tagName hist2D
DCubeApp     2026-08-04 17:04:49,334 INFO    : test hist2D '/InDetTrackPerfMonPlots/TrkAnaLRT/Offline/Vertices/AllPrimary/Parameters/offline_nVtx_vs_truthMu_2D' [KS]
DCubeTester  2026-08-04 17:04:49,346 ERROR   : monitored object '/InDetTrackPerfMonPlots/TrkAnaLRT/Offline/Vertices/AllPrimary/Parameters/offline_nVtx_vs_truthMu_2D' not found!
DCubeApp     2026-08-04 17:04:49,347 DEBUG   : child tagName hist2D
DCubeApp     2026-08-04 17:04:49,347 INFO    : test hist2D '/InDetTrackPerfMonPlots/TrkAnaLRT/Offline/Vertices/AllPrimary/Parameters/offline_nVtx_vs_actualMu_2D' [KS]
DCubeTester  2026-08-04 17:04:49,347 ERROR   : monitored object '/InDetTrackPerfMonPlots/TrkAnaLRT/Offline/Vertices/AllPrimary/Parameters/offline_nVtx_vs_actualMu_2D' not found!
DCubeApp     2026-08-04 17:04:49,347 DEBUG   : TDirectory /InDetTrackPerfMonPlots/TrkAnaLRT/Offline/Vertices/AllPrimary/Parameters status FAIL
DCubeApp     2026-08-04 17:04:49,348 DEBUG   : TDirectory /InDetTrackPerfMonPlots/TrkAnaLRT/Offline/Vertices/AllPrimary status FAIL
DCubeApp     2026-08-04 17:04:49,348 DEBUG   : TDirectory /InDetTrackPerfMonPlots/TrkAnaLRT/Offline/Vertices status FAIL
DCubeApp     2026-08-04 17:04:49,348 DEBUG   : TDirectory /InDetTrackPerfMonPlots/TrkAnaLRT/Offline status FAIL
DCubeApp     2026-08-04 17:04:49,348 DEBUG   : TDirectory /InDetTrackPerfMonPlots/TrkAnaLRT status FAIL
DCubeApp     2026-08-04 17:04:49,348 DEBUG   : TDirectory /InDetTrackPerfMonPlots status FAIL
DCubeApp     2026-08-04 17:04:49,349 DEBUG   : TDirectory / status FAIL
DCubeTester  2026-08-04 17:04:49,360 INFO    : *************************************************************
DCubeTester  2026-08-04 17:04:49,361 INFO    : * RUN SUMMARY
DCubeTester  2026-08-04 17:04:49,361 INFO    : *************************************************************
DCubeTester  2026-08-04 17:04:49,361 INFO    : * objects processed = 298
DCubeTester  2026-08-04 17:04:49,361 INFO    : * STATISTICS TESTS TABLE
DCubeTester  2026-08-04 17:04:49,362 INFO    : * ---------------------------------------------
DCubeTester  2026-08-04 17:04:49,362 INFO    : * | test     |       OK |     WARN |     FAIL |
DCubeTester  2026-08-04 17:04:49,362 INFO    : * ---------------------------------------------
DCubeTester  2026-08-04 17:04:49,362 INFO    : * | KS       |      210 |        0 |        0 |
DCubeTester  2026-08-04 17:04:49,362 INFO    : * ---------------------------------------------
DCubeTester  2026-08-04 17:04:49,362 INFO    : * | chi2     |        0 |        0 |        0 |
DCubeTester  2026-08-04 17:04:49,362 INFO    : * ---------------------------------------------
DCubeTester  2026-08-04 17:04:49,363 INFO    : * | bbb      |        0 |        0 |        0 |
DCubeTester  2026-08-04 17:04:49,363 INFO    : * ---------------------------------------------
DCubeTester  2026-08-04 17:04:49,363 INFO    : * | meanY    |       84 |        0 |        0 |
DCubeTester  2026-08-04 17:04:49,363 INFO    : * ---------------------------------------------
DCubeTester  2026-08-04 17:04:49,363 INFO    : * | all      |      294 |        0 |        0 |
DCubeTester  2026-08-04 17:04:49,363 INFO    : * ---------------------------------------------
DCubeTester  2026-08-04 17:04:49,364 INFO    : * | %        |   100.00 |     0.00 |     0.00 |
DCubeTester  2026-08-04 17:04:49,364 INFO    : * ---------------------------------------------
DCubeTester  2026-08-04 17:04:49,364 INFO    : *************************************************************
DCubeTester  2026-08-04 17:04:49,364 INFO    : * WARNINGS =   4
DCubeTester  2026-08-04 17:04:49,364 INFO    : * [01] FAIL monitored not found            - occured 4 times
DCubeTester  2026-08-04 17:04:49,364 INFO    : *************************************************************
DCubeTester  2026-08-04 17:04:49,364 INFO    : * OVERALL STATISTICS STATUS: WARN
DCubeTester  2026-08-04 17:04:49,365 INFO    : *************************************************************
DCubeApp     2026-08-04 17:04:49,365 DEBUG   : will create backup file for /eos/home-j/jlai/idtpm_validation/build/dcube_idtpm_lrt/dcube.xml
DCubeApp     2026-08-04 17:04:49,366 WARNING : file /eos/home-j/jlai/idtpm_validation/build/dcube_idtpm_lrt/dcube.xml exists and will be overwritten!
DCubeApp     2026-08-04 17:04:49,367 DEBUG   : will create backup file /eos/home-j/jlai/idtpm_validation/build/dcube_idtpm_lrt/dcube.xml.bak
DCubeApp     2026-08-04 17:04:49,369 WARNING : backup file /eos/home-j/jlai/idtpm_validation/build/dcube_idtpm_lrt/dcube.xml.bak exists and will be overwritten!
DCubeApp     2026-08-04 17:04:49,374 INFO    : backup file /eos/home-j/jlai/idtpm_validation/build/dcube_idtpm_lrt/dcube.xml.bak from file /eos/home-j/jlai/idtpm_validation/build/dcube_idtpm_lrt/dcube.xml has been created
DCubeApp     2026-08-04 17:04:49,406 INFO    : DCube output has been saved to file /eos/home-j/jlai/idtpm_validation/build/dcube_idtpm_lrt/dcube.xml
DCubeApp     2026-08-04 17:04:49,406 INFO    : will produce HTML files...
DCubeApp     2026-08-04 17:04:49,804 INFO    : server files already in dcube_idtpm_lrt/DCubeServer - don't overwrite them
DCubeApp     2026-08-04 17:04:49,804 DEBUG   : out php URI /eos/home-j/jlai/idtpm_validation/build/dcube_idtpm_lrt/dcube.xml.php
DCubeApp     2026-08-04 17:04:49,804 DEBUG   : log php URI /eos/home-j/jlai/idtpm_validation/build/dcube_idtpm_lrt/dcubelog.php
DCubeApp     2026-08-04 17:04:49,875 DEBUG   : out php file has been created
DCubeApp     2026-08-04 17:04:49,983 DEBUG   : log php file has been created
DCubePHPWriter 2026-08-04 17:04:49,986 INFO    : server file dcube_idtpm_lrt/DCubeServer/dcube.js.php already exists - don't overwrite it
DCubePHPWriter 2026-08-04 17:04:49,990 INFO    : server file dcube_idtpm_lrt/DCubeServer/css/dcube.css.php already exists - don't overwrite it
DCubeApp     2026-08-04 17:04:49,993 DEBUG   : symlink dcube_idtpm_lrt/index.html already exists - don't overwrite
DCubeApp     2026-08-04 17:04:49,994 INFO    : creation of HTML files completed
DCubeApp     2026-08-04 17:04:49,994 INFO    : *** SUCCESS ***
